date,OVX_index
2015/1/2,54.25
2015/1/5,57.67
2015/1/6,56.45
2015/1/7,53.25
2015/1/8,50.96
2015/1/9,50.07
2015/1/12,53.13
2015/1/13,53.78
2015/1/14,53.17
2015/1/15,57.77
2015/1/16,56.44
2015/1/19,
2015/1/20,57.99
2015/1/21,55.09
2015/1/22,56.4
2015/1/23,57.62
2015/1/26,56.65
2015/1/27,54.23
2015/1/28,55.18
2015/1/29,54.69
2015/1/30,58.62
2015/2/2,57.84
2015/2/3,59.68
2015/2/4,62.73
2015/2/5,63.14
2015/2/6,60.83
2015/2/9,56
2015/2/10,59.29
2015/2/11,60.23
2015/2/12,58.69
2015/2/13,55.53
2015/2/16,
2015/2/17,56.33
2015/2/18,55.97
2015/2/19,55.75
2015/2/20,54
2015/2/23,58.67
2015/2/24,56.27
2015/2/25,54.93
2015/2/26,56.46
2015/2/27,55.85
2015/3/2,54.92
2015/3/3,53.05
2015/3/4,48.92
2015/3/5,47.09
2015/3/6,48.96
2015/3/9,48.99
2015/3/10,50.92
2015/3/11,49.17
2015/3/12,49.59
2015/3/13,54.56
2015/3/16,56.93
2015/3/17,59.85
2015/3/18,53.65
2015/3/19,53.82
2015/3/20,50.84
2015/3/23,49.32
2015/3/24,47.94
2015/3/25,47.03
2015/3/26,49.58
2015/3/27,52.84
2015/3/30,51.98
2015/3/31,53.72
2015/4/1,50.9
2015/4/2,49.84
2015/4/3,
2015/4/6,48.33
2015/4/7,46.25
2015/4/8,48.1
2015/4/9,46.65
2015/4/10,43.04
2015/4/13,44.2
2015/4/14,44.65
2015/4/15,46.14
2015/4/16,43.48
2015/4/17,42
2015/4/20,42.06
2015/4/21,41.04
2015/4/22,39.01
2015/4/23,37.98
2015/4/24,36.61
2015/4/27,37.46
2015/4/28,37.31
2015/4/29,36.68
2015/4/30,36.28
2015/5/1,35.62
2015/5/4,36.2
2015/5/5,36.24
2015/5/6,36.88
2015/5/7,38.13
2015/5/8,35.09
2015/5/11,34.86
2015/5/12,33.74
2015/5/13,34.33
2015/5/14,32.63
2015/5/15,29.95
2015/5/18,30.63
2015/5/19,34.82
2015/5/20,33.7
2015/5/21,31.61
2015/5/22,31.29
2015/5/25,
2015/5/26,34.66
2015/5/27,35.29
2015/5/28,34.2
2015/5/29,33.74
2015/6/1,35.3
2015/6/2,35.74
2015/6/3,37.4
2015/6/4,38.42
2015/6/5,33.54
2015/6/8,34.04
2015/6/9,33.01
2015/6/10,31.79
2015/6/11,31.76
2015/6/12,31.51
2015/6/15,32.55
2015/6/16,32.39
2015/6/17,32.83
2015/6/18,31.59
2015/6/19,30.4
2015/6/22,30.06
2015/6/23,29.69
2015/6/24,29.6
2015/6/25,29.26
2015/6/26,29.01
2015/6/29,33.64
2015/6/30,32.43
2015/7/1,34.11
2015/7/2,33.8
2015/7/3,
2015/7/6,40.01
2015/7/7,40.54
2015/7/8,42.2
2015/7/9,42.04
2015/7/10,41.22
2015/7/13,38.08
2015/7/14,36.31
2015/7/15,37.25
2015/7/16,35.92
2015/7/17,34.68
2015/7/20,36.39
2015/7/21,34.97
2015/7/22,37.66
2015/7/23,38.46
2015/7/24,39
2015/7/27,41.15
2015/7/28,39.94
2015/7/29,38.59
2015/7/30,37.33
2015/7/31,38.82
2015/8/3,40.91
2015/8/4,40.12
2015/8/5,40.18
2015/8/6,41.54
2015/8/7,41.17
2015/8/10,40.99
2015/8/11,42.16
2015/8/12,42.4
2015/8/13,43.23
2015/8/14,40.92
2015/8/17,40.35
2015/8/18,39.48
2015/8/19,41.29
2015/8/20,42.58
2015/8/21,44.66
2015/8/24,50.11
2015/8/25,49
2015/8/26,46.87
2015/8/27,49.03
2015/8/28,51.56
2015/8/31,54.37
2015/9/1,57.51
2015/9/2,53.75
2015/9/3,50.44
2015/9/4,49.29
2015/9/7,
2015/9/8,50.14
2015/9/9,49.5
2015/9/10,50.05
2015/9/11,49.63
2015/9/14,49.81
2015/9/15,51.14
2015/9/16,50.24
2015/9/17,45.34
2015/9/18,45.84
2015/9/21,47.51
2015/9/22,48.9
2015/9/23,51.12
2015/9/24,49.44
2015/9/25,47.71
2015/9/28,49.46
2015/9/29,49.32
2015/9/30,45.52
2015/10/1,44.61
2015/10/2,42.86
2015/10/5,43.03
2015/10/6,44.14
2015/10/7,43.26
2015/10/8,43.28
2015/10/9,42.8
2015/10/12,44.9
2015/10/13,45.37
2015/10/14,42.7
2015/10/15,41.99
2015/10/16,39.58
2015/10/19,40.74
2015/10/20,41.72
2015/10/21,41.77
2015/10/22,40.22
2015/10/23,41.51
2015/10/26,42.99
2015/10/27,44.77
2015/10/28,44.29
2015/10/29,43.63
2015/10/30,41.95
2015/11/2,41.88
2015/11/3,41.27
2015/11/4,41.54
2015/11/5,39.29
2015/11/6,39.85
2015/11/9,41.34
2015/11/10,39.34
2015/11/11,41.92
2015/11/12,43.93
2015/11/13,46.26
2015/11/16,47.44
2015/11/17,46.63
2015/11/18,43.53
2015/11/19,43.75
2015/11/20,44.93
2015/11/23,45.84
2015/11/24,47.17
2015/11/25,48.46
2015/11/26,
2015/11/27,48.28
2015/11/30,48.14
2015/12/1,49.28
2015/12/2,51.96
2015/12/3,50.65
2015/12/4,45.44
2015/12/7,49
2015/12/8,50.34
2015/12/9,51.53
2015/12/10,51.23
2015/12/11,54.29
2015/12/14,55.36
2015/12/15,50.03
2015/12/16,47.64
2015/12/17,47.45
2015/12/18,49.43
2015/12/21,49.18
2015/12/22,48.84
2015/12/23,47.39
2015/12/24,44.81
2015/12/25,
2015/12/28,47
2015/12/29,45.27
2015/12/30,46.01
2015/12/31,46.57
2016/1/1,
2016/1/4,49.79
2016/1/5,49.68
2016/1/6,52.36
2016/1/7,56.15
2016/1/8,56.1
2016/1/11,62.98
2016/1/12,65.27
2016/1/13,60.67
2016/1/14,57.56
2016/1/15,62.09
2016/1/18,
2016/1/19,64.04
2016/1/20,67.93
2016/1/21,65.79
2016/1/22,61.86
2016/1/25,65.74
2016/1/26,65.89
2016/1/27,65.62
2016/1/28,65.99
2016/1/29,61.86
2016/2/1,66.63
2016/2/2,68.59
2016/2/3,67.71
2016/2/4,66.78
2016/2/5,66.67
2016/2/8,68.38
2016/2/9,72.29
2016/2/10,72.5
2016/2/11,77.79
2016/2/12,78.97
2016/2/15,
2016/2/16,71.53
2016/2/17,69.47
2016/2/18,67.49
2016/2/19,62.46
2016/2/22,62.84
2016/2/23,65.03
2016/2/24,66.09
2016/2/25,63.74
2016/2/26,59.96
2016/2/29,60.01
2016/3/1,56.84
2016/3/2,53.37
2016/3/3,52.57
2016/3/4,51.89
2016/3/7,52.8
2016/3/8,54.04
2016/3/9,51.74
2016/3/10,51.98
2016/3/11,50.25
2016/3/14,50.17
2016/3/15,48.98
2016/3/16,43.98
2016/3/17,46.22
2016/3/18,44.98
2016/3/21,45.09
2016/3/22,44.12
2016/3/23,44.58
2016/3/24,44.96
2016/3/25,
2016/3/28,45.98
2016/3/29,46.63
2016/3/30,46.38
2016/3/31,45.91
2016/4/1,47.76
2016/4/4,50.89
2016/4/5,50.16
2016/4/6,46.16
2016/4/7,46.5
2016/4/8,47.42
2016/4/11,49.04
2016/4/12,48.78
2016/4/13,48.79
2016/4/14,46.37
2016/4/15,51.27
2016/4/18,46.45
2016/4/19,43.93
2016/4/20,43.67
2016/4/21,43.76
2016/4/22,41.97
2016/4/25,44.24
2016/4/26,43.51
2016/4/27,43.64
2016/4/28,42.84
2016/4/29,42.52
2016/5/2,45.15
2016/5/3,45.78
2016/5/4,44.76
2016/5/5,44.82
2016/5/6,42.47
2016/5/9,44.14
2016/5/10,42.28
2016/5/11,42.02
2016/5/12,41.5
2016/5/13,41.57
2016/5/16,42.03
2016/5/17,42.75
2016/5/18,42.87
2016/5/19,42.4
2016/5/20,40.17
2016/5/23,39.44
2016/5/24,38.02
2016/5/25,35.94
2016/5/26,36.56
2016/5/27,35.97
2016/5/30,
2016/5/31,38.08
2016/6/1,40
2016/6/2,36.64
2016/6/3,34.81
2016/6/6,35.61
2016/6/7,36.19
2016/6/8,35.17
2016/6/9,35.9
2016/6/10,39.95
2016/6/13,42.72
2016/6/14,43.07
2016/6/15,42.58
2016/6/16,44.49
2016/6/17,41.35
2016/6/20,38.99
2016/6/21,40.37
2016/6/22,43.25
2016/6/23,40.1
2016/6/24,43.33
2016/6/27,42.85
2016/6/28,40.18
2016/6/29,38.29
2016/6/30,38.09
2016/7/1,36.18
2016/7/4,
2016/7/5,40.08
2016/7/6,41.43
2016/7/7,43.24
2016/7/8,41.41
2016/7/11,42.51
2016/7/12,39.67
2016/7/13,43.1
2016/7/14,38.3
2016/7/15,36.66
2016/7/18,38.15
2016/7/19,37.2
2016/7/20,37.02
2016/7/21,38.13
2016/7/22,38.85
2016/7/25,40.97
2016/7/26,41.27
2016/7/27,41.6
2016/7/28,42.93
2016/7/29,41.08
2016/8/1,44.22
2016/8/2,45.7
2016/8/3,44.64
2016/8/4,43.1
2016/8/5,41.5
2016/8/8,41.14
2016/8/9,39.76
2016/8/10,39.32
2016/8/11,39.29
2016/8/12,37.78
2016/8/15,37.28
2016/8/16,37.45
2016/8/17,35.12
2016/8/18,36.75
2016/8/19,34.88
2016/8/22,36.41
2016/8/23,37.53
2016/8/24,37.46
2016/8/25,36.76
2016/8/26,36.05
2016/8/29,36.72
2016/8/30,38.03
2016/8/31,39.5
2016/9/1,41.22
2016/9/2,38.64
2016/9/5,
2016/9/6,39.85
2016/9/7,38.63
2016/9/8,38.21
2016/9/9,39.72
2016/9/12,39.16
2016/9/13,41.1
2016/9/14,42.47
2016/9/15,40.9
2016/9/16,39.86
2016/9/19,39.66
2016/9/20,40.99
2016/9/21,39.85
2016/9/22,41.57
2016/9/23,43.89
2016/9/26,44.9
2016/9/27,43.88
2016/9/28,45.24
2016/9/29,42.05
2016/9/30,39.31
2016/10/3,38.04
2016/10/4,37.66
2016/10/5,36.65
2016/10/6,35.92
2016/10/7,36.6
2016/10/10,36.57
2016/10/11,38.08
2016/10/12,39.05
2016/10/13,37.22
2016/10/14,35.55
2016/10/17,34.88
2016/10/18,36.37
2016/10/19,32.72
2016/10/20,32.48
2016/10/21,32.51
2016/10/24,32.79
2016/10/25,33.93
2016/10/26,35.39
2016/10/27,35.86
2016/10/28,37.76
2016/10/31,40.96
2016/11/1,40.08
2016/11/2,40.86
2016/11/3,41.49
2016/11/4,43.69
2016/11/7,44.2
2016/11/8,43.56
2016/11/9,41.25
2016/11/10,42.44
2016/11/11,45.31
2016/11/14,50.17
2016/11/15,49.43
2016/11/16,50.09
2016/11/17,47.37
2016/11/18,46.56
2016/11/21,45.71
2016/11/22,46.69
2016/11/23,47.54
2016/11/24,
2016/11/25,53.46
2016/11/28,52.56
2016/11/29,55.09
2016/11/30,44.25
2016/12/1,40.45
2016/12/2,35.51
2016/12/5,37
2016/12/6,37.11
2016/12/7,36.05
2016/12/8,35.03
2016/12/9,35.21
2016/12/12,30.3
2016/12/13,31.35
2016/12/14,33.97
2016/12/15,33.58
2016/12/16,29.18
2016/12/19,29.23
2016/12/20,27.43
2016/12/21,28.39
2016/12/22,30.29
2016/12/23,29.9
2016/12/26,
2016/12/27,30
2016/12/28,29.91
2016/12/29,30.01
2016/12/30,30.83
2017/1/2,
2017/1/3,32.88
2017/1/4,32.36
2017/1/5,31.56
2017/1/6,30.47
2017/1/9,33.73
2017/1/10,33.61
2017/1/11,32.95
2017/1/12,32.37
2017/1/13,30.73
2017/1/16,
2017/1/17,31.25
2017/1/18,31.24
2017/1/19,30.88
2017/1/20,29.19
2017/1/23,30.79
2017/1/24,29.59
2017/1/25,30.41
2017/1/26,29.59
2017/1/27,29.78
2017/1/30,30.94
2017/1/31,31.33
2017/2/1,30.65
2017/2/2,29.39
2017/2/3,28.11
2017/2/6,29.37
2017/2/7,29.61
2017/2/8,29.09
2017/2/9,28.25
2017/2/10,26.43
2017/2/13,26.99
2017/2/14,27.49
2017/2/15,27.75
2017/2/16,27.37
2017/2/17,25.29
2017/2/20,
2017/2/21,25.79
2017/2/22,27.09
2017/2/23,25.79
2017/2/24,25.72
2017/2/27,25.01
2017/2/28,25.46
2017/3/1,24.67
2017/3/2,25.94
2017/3/3,25.59
2017/3/6,26.96
2017/3/7,26.46
2017/3/8,31.74
2017/3/9,31.98
2017/3/10,33.45
2017/3/13,32.39
2017/3/14,33.19
2017/3/15,30.08
2017/3/16,28.63
2017/3/17,27.45
2017/3/20,28.11
2017/3/21,30.57
2017/3/22,30.05
2017/3/23,29.79
2017/3/24,30.99
2017/3/27,30.78
2017/3/28,29.92
2017/3/29,28.54
2017/3/30,27.82
2017/3/31,27.59
2017/4/3,26.89
2017/4/4,27.97
2017/4/5,27.73
2017/4/6,26.79
2017/4/7,27.46
2017/4/10,26.71
2017/4/11,27.27
2017/4/12,26.92
2017/4/13,26.02
2017/4/14,
2017/4/17,25.8
2017/4/18,26.88
2017/4/19,29.81
2017/4/20,27.96
2017/4/21,30.06
2017/4/24,29.88
2017/4/25,29.39
2017/4/26,29.32
2017/4/27,29.88
2017/4/28,28.55
2017/5/1,29.42
2017/5/2,32.23
2017/5/3,32.8
2017/5/4,34.67
2017/5/5,33.83
2017/5/8,33.85
2017/5/9,34.21
2017/5/10,34.02
2017/5/11,33.72
2017/5/12,33.72
2017/5/15,33.1
2017/5/16,33.44
2017/5/17,33.9
2017/5/18,32.8
2017/5/19,29.76
2017/5/22,30.59
2017/5/23,31.77
2017/5/24,30.94
2017/5/25,33.03
2017/5/26,30.04
2017/5/29,
2017/5/30,30.3
2017/5/31,32.29
2017/6/1,31.19
2017/6/2,32.47
2017/6/5,33.71
2017/6/6,32.12
2017/6/7,34.23
2017/6/8,33.84
2017/6/9,32.59
2017/6/12,33.95
2017/6/13,32.34
2017/6/14,32.02
2017/6/15,31.9
2017/6/16,27.93
2017/6/19,30.34
2017/6/20,32.49
2017/6/21,33.32
2017/6/22,32.65
2017/6/23,31.92
2017/6/26,31.77
2017/6/27,32.28
2017/6/28,30.8
2017/6/29,30.46
2017/6/30,28.7
2017/7/3,30.26
2017/7/4,
2017/7/5,32.61
2017/7/6,32.82
2017/7/7,33.17
2017/7/10,33.23
2017/7/11,33.61
2017/7/12,32.48
2017/7/13,31.76
2017/7/14,30.28
2017/7/17,30.61
2017/7/18,29.96
2017/7/19,29.55
2017/7/20,29.25
2017/7/21,29.25
2017/7/24,29.24
2017/7/25,29.18
2017/7/26,29.44
2017/7/27,29.81
2017/7/28,29.86
2017/7/31,30.84
2017/8/1,30.54
2017/8/2,30.43
2017/8/3,29.65
2017/8/4,28.53
2017/8/7,28.73
2017/8/8,29.44
2017/8/9,29.06
2017/8/10,29.27
2017/8/11,28.41
2017/8/14,29.16
2017/8/15,29.31
2017/8/16,29.18
2017/8/17,29.31
2017/8/18,27.53
2017/8/21,28.77
2017/8/22,27.97
2017/8/23,27.8
2017/8/24,28.37
2017/8/25,28.88
2017/8/28,30.39
2017/8/29,30.49
2017/8/30,29.78
2017/8/31,29.1
2017/9/1,28.97
2017/9/4,
2017/9/5,29.58
2017/9/6,30.07
2017/9/7,29.73
2017/9/8,29.49
2017/9/11,27.73
2017/9/12,27.59
2017/9/13,26.62
2017/9/14,26.09
2017/9/15,26.65
2017/9/18,27.53
2017/9/19,25.76
2017/9/20,26.99
2017/9/21,26.3
2017/9/22,26.39
2017/9/25,26.93
2017/9/26,27.8
2017/9/27,27.29
2017/9/28,27.18
2017/9/29,26.83
2017/10/2,27.72
2017/10/3,27.95
2017/10/4,27.04
2017/10/5,26.45
2017/10/6,27.59
2017/10/9,27.32
2017/10/10,26.54
2017/10/11,26.43
2017/10/12,25.85
2017/10/13,25.73
2017/10/16,26.32
2017/10/17,25.87
2017/10/18,26.41
2017/10/19,26.3
2017/10/20,24.51
2017/10/23,25.08
2017/10/24,25.6
2017/10/25,25.44
2017/10/26,25.22
2017/10/27,25.18
2017/10/30,25.33
2017/10/31,25.31
2017/11/1,25.65
2017/11/2,25.65
2017/11/3,24.82
2017/11/6,26.85
2017/11/7,28.75
2017/11/8,27.99
2017/11/9,28.37
2017/11/10,29.4
2017/11/13,30.22
2017/11/14,30.08
2017/11/15,29.84
2017/11/16,28.42
2017/11/17,26.96
2017/11/20,27.18
2017/11/21,26.64
2017/11/22,26.83
2017/11/23,
2017/11/24,26.88
2017/11/27,28.36
2017/11/28,28.13
2017/11/29,28.02
2017/11/30,25.95
2017/12/1,23.73
2017/12/4,23.68
2017/12/5,23.13
2017/12/6,23.13
2017/12/7,23.13
2017/12/8,23.85
2017/12/11,22.96
2017/12/12,22.84
2017/12/13,23.49
2017/12/14,23
2017/12/15,21.25
2017/12/18,18.43
2017/12/19,18.88
2017/12/20,19.46
2017/12/21,17.86
2017/12/22,19.26
2017/12/25,
2017/12/26,20.99
2017/12/27,20.64
2017/12/28,20.71
2017/12/29,21.32
2018/1/1,
2018/1/2,22.73
2018/1/3,22.75
2018/1/4,22.12
2018/1/5,22.3
2018/1/8,21.9
2018/1/9,22.96
2018/1/10,23.52
2018/1/11,23.52
2018/1/12,23.52
2018/1/15,
2018/1/16,26.41
2018/1/17,24.78
2018/1/18,24.38
2018/1/19,21.2
2018/1/22,22.03
2018/1/23,22.34
2018/1/24,23.93
2018/1/25,22.35
2018/1/26,22.29
2018/1/29,22.73
2018/1/30,22.9
2018/1/31,22.23
2018/2/1,22.24
2018/2/2,23.8
2018/2/5,25.91
2018/2/6,26.59
2018/2/7,26.79
2018/2/8,29.5
2018/2/9,29.85
2018/2/12,29.42
2018/2/13,30.39
2018/2/14,27.73
2018/2/15,27.57
2018/2/16,26.97
2018/2/19,
2018/2/20,27.58
2018/2/21,26.93
2018/2/22,24.98
2018/2/23,24.37
2018/2/26,24.36
2018/2/27,25.29
2018/2/28,26.92
2018/3/1,26.98
2018/3/2,26.15
2018/3/5,26.3
2018/3/6,25.55
2018/3/7,26.94
2018/3/8,26.16
2018/3/9,26.23
2018/3/12,24.02
2018/3/13,25.5
2018/3/14,25.21
2018/3/15,25.07
2018/3/16,24.53
2018/3/19,25.28
2018/3/20,25.3
2018/3/21,25.95
2018/3/22,26.47
2018/3/23,27.56
2018/3/26,27.71
2018/3/27,27.38
2018/3/28,26.67
2018/3/29,25.07
2018/3/30,
2018/4/2,27.53
2018/4/3,26.89
2018/4/4,26.17
2018/4/5,24.38
2018/4/6,24.99
2018/4/9,25.64
2018/4/10,28.05
2018/4/11,29.42
2018/4/12,28.73
2018/4/13,28.52
2018/4/16,28.84
2018/4/17,27.88
2018/4/18,29.42
2018/4/19,29.36
2018/4/20,28.99
2018/4/23,28.97
2018/4/24,29.15
2018/4/25,28.16
2018/4/26,26.86
2018/4/27,25.59
2018/4/30,28.28
2018/5/1,28.07
2018/5/2,27.32
2018/5/3,26.69
2018/5/4,26.17
2018/5/7,28.86
2018/5/8,26.76
2018/5/9,26.71
2018/5/10,26.61
2018/5/11,25.74
2018/5/14,25.93
2018/5/15,26.61
2018/5/16,25.73
2018/5/17,25.11
2018/5/18,25.23
2018/5/21,25.79
2018/5/22,25.89
2018/5/23,26.04
2018/5/24,25.37
2018/5/25,27.76
2018/5/28,
2018/5/29,29.04
2018/5/30,27.9
2018/5/31,27.61
2018/6/1,28.65
2018/6/4,29.49
2018/6/5,29.3
2018/6/6,29.14
2018/6/7,28.05
2018/6/8,27.59
2018/6/11,26.86
2018/6/12,26.58
2018/6/13,27.08
2018/6/14,26.69
2018/6/15,27.64
2018/6/18,27.58
2018/6/19,28.01
2018/6/20,28.06
2018/6/21,27.78
2018/6/22,25.52
2018/6/25,26.1
2018/6/26,25.67
2018/6/27,27.69
2018/6/28,27.35
2018/6/29,27.18
2018/7/2,28.65
2018/7/3,28.58
2018/7/4,
2018/7/5,28.77
2018/7/6,28.13
2018/7/9,28.12
2018/7/10,26.9
2018/7/11,28.56
2018/7/12,27.81
2018/7/13,27.54
2018/7/16,29.01
2018/7/17,28
2018/7/18,27.24
2018/7/19,26.84
2018/7/20,26.01
2018/7/23,26.15
2018/7/24,25.65
2018/7/25,25.34
2018/7/26,24.88
2018/7/27,24.97
2018/7/30,25.83
2018/7/31,26.52
2018/8/1,26.45
2018/8/2,25.73
2018/8/3,25.61
2018/8/6,25.42
2018/8/7,25.22
2018/8/8,26.41
2018/8/9,25.4
2018/8/10,25.45
2018/8/13,25.31
2018/8/14,26.18
2018/8/15,27.26
2018/8/16,26.33
2018/8/17,25.71
2018/8/20,25.26
2018/8/21,25.08
2018/8/22,24.72
2018/8/23,24.35
2018/8/24,23.31
2018/8/27,23.68
2018/8/28,24.5
2018/8/29,24.32
2018/8/30,24.89
2018/8/31,25.02
2018/9/3,
2018/9/4,26.7
2018/9/5,26.62
2018/9/6,26.16
2018/9/7,26.07
2018/9/10,26.13
2018/9/11,27.14
2018/9/12,26.94
2018/9/13,26.7
2018/9/14,26.4
2018/9/17,26.49
2018/9/18,26.8
2018/9/19,26.35
2018/9/20,26.07
2018/9/21,26.15
2018/9/24,26.97
2018/9/25,26.83
2018/9/26,26.53
2018/9/27,26.45
2018/9/28,26.73
2018/10/1,27.95
2018/10/2,27.68
2018/10/3,28.04
2018/10/4,28.9
2018/10/5,28.84
2018/10/8,28.86
2018/10/9,27.9
2018/10/10,28.81
2018/10/11,29.29
2018/10/12,27.73
2018/10/15,28.59
2018/10/16,28.59
2018/10/17,28.13
2018/10/18,28.53
2018/10/19,27.42
2018/10/22,27.76
2018/10/23,29.38
2018/10/24,29.8
2018/10/25,28.5
2018/10/26,29.09
2018/10/29,29.46
2018/10/30,29.9
2018/10/31,30.12
2018/11/1,31.54
2018/11/2,32.21
2018/11/5,32.68
2018/11/6,34.15
2018/11/7,33.05
2018/11/8,32.23
2018/11/9,35.1
2018/11/12,40.14
2018/11/13,55.71
2018/11/14,47.07
2018/11/15,43.87
2018/11/16,40.56
2018/11/19,43.45
2018/11/20,56.56
2018/11/21,51.79
2018/11/22,
2018/11/23,65.17
2018/11/26,57.87
2018/11/27,54.64
2018/11/28,53.99
2018/11/29,53.96
2018/11/30,56.04
2018/12/3,49.61
2018/12/4,49.84
2018/12/5,
2018/12/6,50.13
2018/12/7,41.83
2018/12/10,45.06
2018/12/11,41.46
2018/12/12,39.9
2018/12/13,39.25
2018/12/14,42.38
2018/12/17,46.59
2018/12/18,53.35
2018/12/19,50.86
2018/12/20,52.89
2018/12/21,51.76
2018/12/24,56.73
2018/12/25,
2018/12/26,54.07
2018/12/27,57.16
2018/12/28,53.11
2018/12/31,51.87
2019/1/1,
2019/1/2,54.72
2019/1/3,53.57
2019/1/4,51.52
2019/1/7,50.42
2019/1/8,46.08
2019/1/9,44.36
2019/1/10,42.99
2019/1/11,40.99
2019/1/14,40.81
2019/1/15,39.75
2019/1/16,38.77
2019/1/17,37.03
2019/1/18,35.63
2019/1/21,
2019/1/22,38.26
2019/1/23,37.69
2019/1/24,36.75
2019/1/25,35.21
2019/1/28,37.61
2019/1/29,37.13
2019/1/30,35.59
2019/1/31,34.97
2019/2/1,33.4
2019/2/4,33.7
2019/2/5,34.57
2019/2/6,33.02
2019/2/7,34.34
2019/2/8,32.56
2019/2/11,33.34
2019/2/12,32.69
2019/2/13,32.26
2019/2/14,32.1
2019/2/15,29.46
2019/2/18,
2019/2/19,31
2019/2/20,30.76
2019/2/21,30.16
2019/2/22,29.85
2019/2/25,32.69
2019/2/26,31.57
2019/2/27,31.01
2019/2/28,30.27
2019/3/1,30.31
2019/3/4,30.2
2019/3/5,30.21
2019/3/6,29.69
2019/3/7,30.43
2019/3/8,29.77
2019/3/11,29.18
2019/3/12,28.56
2019/3/13,28.13
2019/3/14,27.22
2019/3/15,26.27
2019/3/18,26.48
2019/3/19,28.44
2019/3/20,27.21
2019/3/21,27.14
2019/3/22,27.78
2019/3/25,29.32
2019/3/26,27.92
2019/3/27,28.11
2019/3/28,28.52
2019/3/29,26.75
2019/4/1,26.23
2019/4/2,26.28
2019/4/3,25.57
2019/4/4,25.22
2019/4/5,24
2019/4/8,24.33
2019/4/9,24.66
2019/4/10,24.68
2019/4/11,25.7
2019/4/12,25.7
2019/4/15,25.51
2019/4/16,25.57
2019/4/17,25.19
2019/4/18,24.45
2019/4/19,
2019/4/22,26.07
2019/4/23,26.56
2019/4/24,25.28
2019/4/25,25.57
2019/4/26,31.24
2019/4/29,29.04
2019/4/30,29.31
2019/5/1,29.41
2019/5/2,30.49
2019/5/3,29.88
2019/5/6,30.91
2019/5/7,34.07
2019/5/8,32.23
2019/5/9,32.48
2019/5/10,32.8
2019/5/13,34.6
2019/5/14,32.13
2019/5/15,29.26
2019/5/16,29.42
2019/5/17,29.44
2019/5/20,27.63
2019/5/21,26.93
2019/5/22,28.19
2019/5/23,33.79
2019/5/24,33.19
2019/5/27,
2019/5/28,34.36
2019/5/29,36.43
2019/5/30,39.62
2019/5/31,46.91
2019/6/3,46.78
2019/6/4,43.46
2019/6/5,45.19
2019/6/6,40.66
2019/6/7,38.75
2019/6/10,39.12
2019/6/11,38.69
2019/6/12,43.06
2019/6/13,41.56
2019/6/14,42.89
2019/6/17,46.15
2019/6/18,43.43
2019/6/19,40.79
2019/6/20,41.66
2019/6/21,42.13
2019/6/24,41
2019/6/25,40.26
2019/6/26,38.45
2019/6/27,37.84
2019/6/28,39.46
2019/7/1,35.92
2019/7/2,37.77
2019/7/3,36.72
2019/7/4,
2019/7/5,34.7
2019/7/8,34
2019/7/9,30.3
2019/7/10,30.76
2019/7/11,29.86
2019/7/12,30.39
2019/7/15,30.83
2019/7/16,32.06
2019/7/17,34.94
2019/7/18,33.07
2019/7/19,34.84
2019/7/22,33.63
2019/7/23,32.25
2019/7/24,32.86
2019/7/25,31.95
2019/7/26,32.29
2019/7/29,31.63
2019/7/30,30.07
2019/7/31,30.77
2019/8/1,36.43
2019/8/2,35.56
2019/8/5,37.04
2019/8/6,36.43
2019/8/7,38.1
2019/8/8,35.98
2019/8/9,35.14
2019/8/12,34.43
2019/8/13,33.19
2019/8/14,35.83
2019/8/15,36.2
2019/8/16,35.02
2019/8/19,32.99
2019/8/20,32.34
2019/8/21,32.39
2019/8/22,32.39
2019/8/23,35.2
2019/8/26,35.42
2019/8/27,33.73
2019/8/28,32.72
2019/8/29,31.82
2019/8/30,32.16
2019/9/2,
2019/9/3,35.73
2019/9/4,34.56
2019/9/5,33.5
2019/9/6,33.21
2019/9/9,33.28
2019/9/10,33.55
2019/9/11,34.94
2019/9/12,35.58
2019/9/13,35.48
2019/9/16,48.58
2019/9/17,44.89
2019/9/18,40.44
2019/9/19,41.15
2019/9/20,38.99
2019/9/23,39.06
2019/9/24,38.74
2019/9/25,38.37
2019/9/26,37.52
2019/9/27,38.9
2019/9/30,38.75
2019/10/1,38.88
2019/10/2,39.62
2019/10/3,40.4
2019/10/4,39.31
2019/10/7,39.42
2019/10/8,39.49
2019/10/9,38
2019/10/10,39.52
2019/10/11,39.65
2019/10/14,40.21
2019/10/15,39.47
2019/10/16,39.47
2019/10/17,37.71
2019/10/18,36.43
2019/10/21,36.66
2019/10/22,35.52
2019/10/23,35.66
2019/10/24,35.95
2019/10/25,34.64
2019/10/28,35.64
2019/10/29,35.7
2019/10/30,34.36
2019/10/31,35.84
2019/11/1,34.37
2019/11/4,35.63
2019/11/5,33.77
2019/11/6,33.22
2019/11/7,31.45
2019/11/8,31.45
2019/11/11,34.22
2019/11/12,33.74
2019/11/13,35.15
2019/11/14,33.94
2019/11/15,32.42
2019/11/18,33.68
2019/11/19,32.94
2019/11/20,32.2
2019/11/21,31.59
2019/11/22,32.38
2019/11/25,31.9
2019/11/26,31.25
2019/11/27,30.82
2019/11/28,
2019/11/29,36.73
2019/12/2,34.97
2019/12/3,35.05
2019/12/4,32.21
2019/12/5,30.41
2019/12/6,30.02
2019/12/9,30.02
2019/12/10,27.94
2019/12/11,27.81
2019/12/12,27.44
2019/12/13,26.76
2019/12/16,26.51
2019/12/17,26.33
2019/12/18,26.77
2019/12/19,24.8
2019/12/20,25.54
2019/12/23,25.11
2019/12/24,25.46
2019/12/25,
2019/12/26,24.08
2019/12/27,25.16
2019/12/30,25.86
2019/12/31,28.3
2020/1/1,
2020/1/2,28.75
2020/1/3,31.92
2020/1/6,32.32
2020/1/7,31.8
2020/1/8,32.6
2020/1/9,33.22
2020/1/10,30.38
2020/1/13,34.25
2020/1/14,33.62
2020/1/15,33.38
2020/1/16,29.79
2020/1/17,28.6
2020/1/20,
2020/1/21,27.66
2020/1/22,30.7
2020/1/23,31.95
2020/1/24,34.55
2020/1/27,37.72
2020/1/28,36.42
2020/1/29,35.73
2020/1/30,37.49
2020/1/31,40.35
2020/2/3,41.81
2020/2/4,39.44
2020/2/5,37.88
2020/2/6,36.44
2020/2/7,37.51
2020/2/10,39.01
2020/2/11,37.52
2020/2/12,35.58
2020/2/13,35.84
2020/2/14,35.93
2020/2/17,
2020/2/18,33.47
2020/2/19,32.27
2020/2/20,33.16
2020/2/21,35.87
2020/2/24,39.53
2020/2/25,42.5
2020/2/26,43.4
2020/2/27,49.42
2020/2/28,51.25
2020/3/2,48.33
2020/3/3,50.8
2020/3/4,50.59
2020/3/5,52.58
2020/3/6,65.02
2020/3/9,115.92
2020/3/10,92.93
2020/3/11,105.25
2020/3/12,123.45
2020/3/13,118.48
2020/3/16,128.5
2020/3/17,133.32
2020/3/18,166.79
2020/3/19,164.06
2020/3/20,190.08
2020/3/23,185.68
2020/3/24,170.86
2020/3/25,144.03
2020/3/26,150.06
2020/3/27,175.88
2020/3/30,174.22
2020/3/31,170.55
2020/4/1,158.98
2020/4/2,162.65
2020/4/3,141.68
2020/4/6,144.19
2020/4/7,139.13
2020/4/8,141.46
2020/4/9,129.88
2020/4/10,
2020/4/13,114.44
2020/4/14,115.48
2020/4/15,120.38
2020/4/16,115.1
2020/4/17,95.91
2020/4/20,226.13
2020/4/21,325.15
2020/4/22,236.8
2020/4/23,211
2020/4/24,173.53
2020/4/27,185.47
2020/4/28,198.77
2020/4/29,195.59
2020/4/30,104.98
2020/5/1,110.18
2020/5/4,97.42
2020/5/5,97.27
2020/5/6,115.39
2020/5/7,110.62
2020/5/8,98.7
2020/5/11,109.72
2020/5/12,86.86
2020/5/13,82.83
2020/5/14,80.05
2020/5/15,76.39
2020/5/18,76.14
2020/5/19,73.22
2020/5/20,73.62
2020/5/21,89.06
2020/5/22,84.98
2020/5/25,
2020/5/26,75.47
2020/5/27,73.89
2020/5/28,72.98
2020/5/29,69.23
2020/6/1,64.38
2020/6/2,64.71
2020/6/3,65.73
2020/6/4,65.13
2020/6/5,64.2
2020/6/8,67.24
2020/6/9,67.76
2020/6/10,63.06
2020/6/11,69.96
2020/6/12,70.22
2020/6/15,68.11
2020/6/16,66.63
2020/6/17,61.45
2020/6/18,61.35
2020/6/19,58.73
2020/6/22,56.76
2020/6/23,58.83
2020/6/24,64.96
2020/6/25,62.69
2020/6/26,63.69
2020/6/29,60.04
2020/6/30,57.66
2020/7/1,53.43
2020/7/2,51.29
2020/7/3,
2020/7/6,50.73
2020/7/7,51.39
2020/7/8,48.85
2020/7/9,53.77
2020/7/10,49.71
2020/7/13,53.41
2020/7/14,53.04
2020/7/15,47.05
2020/7/16,46.12
2020/7/17,40.22
2020/7/20,42.59
2020/7/21,41.1
2020/7/22,41.3
2020/7/23,43.83
2020/7/24,42.35
2020/7/27,41.37
2020/7/28,41.09
2020/7/29,39.58
2020/7/30,42.06
2020/7/31,44.43
2020/8/3,41.56
2020/8/4,40.28
2020/8/5,37.12
2020/8/6,37.59
2020/8/7,37.43
2020/8/10,35.74
2020/8/11,37.5
2020/8/12,34.74
2020/8/13,34.87
2020/8/14,35.1
2020/8/17,32.43
2020/8/18,31.7
2020/8/19,32.85
2020/8/20,32.83
2020/8/21,33.68
2020/8/24,32.25
2020/8/25,33.03
2020/8/26,33.79
2020/8/27,33.74
2020/8/28,32.06
2020/8/31,32.59
2020/9/1,31.74
2020/9/2,35.49
2020/9/3,41.28
2020/9/4,44.02
2020/9/7,
2020/9/8,55.9
2020/9/9,49.42
2020/9/10,52.16
2020/9/11,50.13
2020/9/14,49.41
2020/9/15,45.19
2020/9/16,41.13
2020/9/17,38.73
2020/9/18,39.07
2020/9/21,42.89
2020/9/22,41.28
2020/9/23,44.64
2020/9/24,42.88
2020/9/25,41.41
2020/9/28,40.64
2020/9/29,46.13
2020/9/30,44
2020/10/1,49.35
2020/10/2,55.51
2020/10/5,49.44
2020/10/6,46.6
2020/10/7,45.5
2020/10/8,41.15
2020/10/9,42.38
2020/10/12,44.04
2020/10/13,46.07
2020/10/14,43.53
2020/10/15,43.83
2020/10/16,44.06
2020/10/19,43.35
2020/10/20,43.85
2020/10/21,47.58
2020/10/22,46.61
2020/10/23,46.32
2020/10/26,53.05
2020/10/27,50.22
2020/10/28,59.61
2020/10/29,63.38
2020/10/30,68.84
2020/11/2,66.73
2020/11/3,63.63
2020/11/4,54.53
2020/11/5,53.69
2020/11/6,55.75
2020/11/9,52.2
2020/11/10,49.64
2020/11/11,49.24
2020/11/12,50.9
2020/11/13,48.24
2020/11/16,46.89
2020/11/17,45.08
2020/11/18,46.06
2020/11/19,46.34
2020/11/20,43.94
2020/11/23,42.79
2020/11/24,42.84
2020/11/25,43.56
2020/11/26,
2020/11/27,46.21
2020/11/30,47.37
2020/12/1,47.81
2020/12/2,45.68
2020/12/3,40.95
2020/12/4,38.34
2020/12/7,37.68
2020/12/8,37.7
2020/12/9,39.52
2020/12/10,39.7
2020/12/11,39.51
2020/12/14,39.96
2020/12/15,39.34
2020/12/16,38.68
2020/12/17,36.86
2020/12/18,37.15
2020/12/21,41.56
2020/12/22,42.06
2020/12/23,39.89
2020/12/24,39.41
2020/12/25,
2020/12/28,39.67
2020/12/29,38.64
2020/12/30,38.01
2020/12/31,37.83
2021/1/1,
2021/1/4,42.12
2021/1/5,40.39
2021/1/6,39.31
2021/1/7,36.06
2021/1/8,36.65
2021/1/11,35.31
2021/1/12,33.85
2021/1/13,36.79
2021/1/14,37.95
2021/1/15,40.39
2021/1/18,
2021/1/19,35.37
2021/1/20,35.67
2021/1/21,35.05
2021/1/22,36.25
2021/1/25,38.02
2021/1/26,37.13
2021/1/27,40.21
2021/1/28,40.45
2021/1/29,40.2
2021/2/1,39.16
2021/2/2,38.62
2021/2/3,37.11
2021/2/4,35.37
2021/2/5,34.94
2021/2/8,34.48
2021/2/9,33.54
2021/2/10,33.77
2021/2/11,34.33
2021/2/12,34.25
2021/2/15,
2021/2/16,35.13
2021/2/17,36.9
2021/2/18,37.9
2021/2/19,37.76
2021/2/22,38.57
2021/2/23,39.75
2021/2/24,39.58
2021/2/25,40.58
2021/2/26,42.49
2021/3/1,42.56
2021/3/2,40.96
2021/3/3,39.83
2021/3/4,37.27
2021/3/5,36.61
2021/3/8,38.89
2021/3/9,37.97
2021/3/10,37.56
2021/3/11,37.86
2021/3/12,37.51
2021/3/15,39.38
2021/3/16,39.1
2021/3/17,37.4
2021/3/18,48.44
2021/3/19,44.38
2021/3/22,40.28
2021/3/23,48.62
2021/3/24,64.91
2021/3/25,49.88
2021/3/26,44.93
2021/3/29,44.16
2021/3/30,41.46
2021/3/31,45.65
2021/4/1,40.15
2021/4/2,40.15
2021/4/5,42
2021/4/6,42.41
2021/4/7,41.27
2021/4/8,40.7
2021/4/9,39.19
2021/4/12,37.04
2021/4/13,35.2
2021/4/14,35.7
2021/4/15,34.2
2021/4/16,32.79
2021/4/19,35.07
2021/4/20,35.68
2021/4/21,42.44
2021/4/22,39.39
2021/4/23,38.7
2021/4/26,41.23
2021/4/27,38.44
2021/4/28,36.42
2021/4/29,36.37
2021/4/30,38.39
2021/5/3,40.15
2021/5/4,37.15
2021/5/5,38.33
2021/5/6,37.74
2021/5/7,37.63
2021/5/10,37.99
2021/5/11,37.93
2021/5/12,36.94
2021/5/13,37.94
2021/5/14,36.46
2021/5/17,36.42
2021/5/18,37.01
2021/5/19,38.82
2021/5/20,39.43
2021/5/21,39.34
2021/5/24,35.54
2021/5/25,36.23
2021/5/26,33.89
2021/5/27,33.63
2021/5/28,33.54
2021/5/31,
2021/6/1,33.43
2021/6/2,32.77
2021/6/3,33.89
2021/6/4,31.76
2021/6/7,31.7
2021/6/8,31.95
2021/6/9,31.79
2021/6/10,33.03
2021/6/11,32.55
2021/6/14,33.13
2021/6/15,31.56
2021/6/16,33.83
2021/6/17,36.84
2021/6/18,33.95
2021/6/21,35.01
2021/6/22,34.28
2021/6/23,34.68
2021/6/24,32.05
2021/6/25,31.3
2021/6/28,31.86
2021/6/29,31.99
2021/6/30,32.74
2021/7/1,32.47
2021/7/2,32.87
2021/7/5,
2021/7/6,37.59
2021/7/7,42.01
2021/7/8,38.8
2021/7/9,37.02
2021/7/12,38.73
2021/7/13,35.4
2021/7/14,38.2
2021/7/15,38.04
2021/7/16,37.15
2021/7/19,46.36
2021/7/20,52.26
2021/7/21,42.91
2021/7/22,36.44
2021/7/23,34.05
2021/7/26,35.59
2021/7/27,35.14
2021/7/28,34.62
2021/7/29,33.36
2021/7/30,32.85
2021/8/2,36.23
2021/8/3,37.55
2021/8/4,42.27
2021/8/5,39.09
2021/8/6,39.31
2021/8/9,43.28
2021/8/10,39.28
2021/8/11,38.32
2021/8/12,36.5
2021/8/13,35.91
2021/8/16,38.84
2021/8/17,39.5
2021/8/18,40.86
2021/8/19,40.98
2021/8/20,40.67
2021/8/23,38.67
2021/8/24,36.79
2021/8/25,35.6
2021/8/26,36.33
2021/8/27,34.93
2021/8/30,35.27
2021/8/31,34.28
2021/9/1,36.13
2021/9/2,31.35
2021/9/3,36.91
2021/9/6,
2021/9/7,32.91
2021/9/8,31.91
2021/9/9,33.87
2021/9/10,33.54
2021/9/13,32.74
2021/9/14,33.63
2021/9/15,32.38
2021/9/16,33.16
2021/9/17,32.32
2021/9/20,35.23
2021/9/21,34.45
2021/9/22,32.43
2021/9/23,32.3
2021/9/24,34.01
2021/9/27,34.98
2021/9/28,36.1
2021/9/29,35.26
2021/9/30,38.68
2021/10/1,37.38
2021/10/4,37.27
2021/10/5,37.2
2021/10/6,41.02
2021/10/7,46.15
2021/10/8,38
2021/10/11,38.51
2021/10/12,37.1
2021/10/13,36.05
2021/10/14,36.98
2021/10/15,34.05
2021/10/18,35.02
2021/10/19,35.14
2021/10/20,35.16
2021/10/21,36.55
2021/10/22,36.87
2021/10/25,36.07
2021/10/26,35.5
2021/10/27,37.63
2021/10/28,37.23
2021/10/29,37.92
2021/11/1,36.74
2021/11/2,35.56
2021/11/3,39.44
2021/11/4,38.56
2021/11/5,37.84
2021/11/8,37.71
2021/11/9,36.33
2021/11/10,37.09
2021/11/11,36.2
2021/11/12,36.1
2021/11/15,36.42
2021/11/16,34.69
2021/11/17,33.75
2021/11/18,37.68
2021/11/19,37.13
2021/11/22,36.61
2021/11/23,35.1
2021/11/24,34.79
2021/11/25,
2021/11/26,65.72
2021/11/29,63.34
2021/11/30,75.23
2021/12/1,78.18
2021/12/2,57.27
2021/12/3,64.55
2021/12/6,56.21
2021/12/7,48.15
2021/12/8,45.22
2021/12/9,47.43
2021/12/10,46.23
2021/12/13,45.88
2021/12/14,54.76
2021/12/15,56.53
2021/12/16,49.97
2021/12/17,48.31
2021/12/20,60.24
2021/12/21,52.31
2021/12/22,46
2021/12/23,43.71
2021/12/24,43.71
2021/12/27,43.58
2021/12/28,41.23
2021/12/29,40.24
2021/12/30,40.2
2021/12/31,42.62
2022/1/3,37.57
2022/1/4,39.48
2022/1/5,44.49
2022/1/6,36.86
2022/1/7,37
2022/1/10,37.65
2022/1/11,34.31
2022/1/12,34.39
2022/1/13,37.11
2022/1/14,41.18
2022/1/17,
2022/1/18,42.28
2022/1/19,42.75
2022/1/20,41.15
2022/1/21,42.57
2022/1/24,47.84
2022/1/25,47.63
2022/1/26,45.67
2022/1/27,46.9
2022/1/28,47.74
2022/1/31,42.35
2022/2/1,41.31
2022/2/2,41.86
2022/2/3,42.15
2022/2/4,43.88
2022/2/7,43.34
2022/2/8,41.26
2022/2/9,39.4
2022/2/10,43.81
2022/2/11,47.44
2022/2/14,48.83
2022/2/15,48.36
2022/2/16,49.38
2022/2/17,53.14
2022/2/18,52.01
2022/2/21,
2022/2/22,50.11
2022/2/23,50.51
2022/2/24,49.04
2022/2/25,49.5
2022/2/28,52.5
2022/3/1,61.43
2022/3/2,61.53
2022/3/3,64.37
2022/3/4,77.29
2022/3/7,78.91
2022/3/8,75.82
2022/3/9,73.25
2022/3/10,67.34
2022/3/11,68.01
2022/3/14,65.42
2022/3/15,63.62
2022/3/16,59.35
2022/3/17,67.78
2022/3/18,69.09
2022/3/21,70.78
2022/3/22,69.56
2022/3/23,72.59
2022/3/24,69.14
2022/3/25,68.91
2022/3/28,67.04
2022/3/29,62.46
2022/3/30,61.04
2022/3/31,57.66
2022/4/1,54.36
2022/4/4,54.31
2022/4/5,53.8
2022/4/6,53.15
2022/4/7,54.23
2022/4/8,53.14
2022/4/11,54.81
2022/4/12,55.25
2022/4/13,51.2
2022/4/14,53.38
2022/4/15,
2022/4/18,50.94
2022/4/19,50.34
2022/4/20,52.23
2022/4/21,49.86
2022/4/22,51.15
2022/4/25,52.86
2022/4/26,53.57
2022/4/27,53.38
2022/4/28,51.94
2022/4/29,53.1
2022/5/2,54.15
2022/5/3,54.04
2022/5/4,53.15
2022/5/5,54.72
2022/5/6,54.82
2022/5/9,57.9
2022/5/10,56.06
2022/5/11,53.43
2022/5/12,52.71
2022/5/13,51.22
2022/5/16,51.89
2022/5/17,50.34
2022/5/18,51.89
2022/5/19,51.16
2022/5/20,50.72
2022/5/23,48.63
2022/5/24,47.04
2022/5/25,46.76
2022/5/26,46.03
2022/5/27,47.92
2022/5/30,
2022/5/31,49.82
2022/6/1,49.14
2022/6/2,47.8
2022/6/3,46.23
2022/6/6,47.9
2022/6/7,45.88
2022/6/8,44.37
2022/6/9,43.87
2022/6/10,42.92
2022/6/13,47.56
2022/6/14,46.63
2022/6/15,47.04
2022/6/16,46.27
2022/6/17,49.19
2022/6/20,
2022/6/21,46.56
2022/6/22,48.99
2022/6/23,48.58
2022/6/24,46.99
2022/6/27,46.99
2022/6/28,46.59
2022/6/29,48.57
2022/6/30,48.9
2022/7/1,49.4
2022/7/4,
2022/7/5,52.61
2022/7/6,54.67
2022/7/7,52.87
2022/7/8,52.1
2022/7/11,53.1
2022/7/12,54.4
2022/7/13,51.76
2022/7/14,53.03
2022/7/15,51.77
2022/7/18,49.66
2022/7/19,48.77
2022/7/20,47.54
2022/7/21,51.1
2022/7/22,47.84
2022/7/25,47.96
2022/7/26,47.81
2022/7/27,48.99
2022/7/28,47.17
2022/7/29,46.19
2022/8/1,49.97
2022/8/2,52.77
2022/8/3,50.12
2022/8/4,55.14
2022/8/5,48.76
2022/8/8,46.4
2022/8/9,46.23
2022/8/10,46.56
2022/8/11,45.37
2022/8/12,44
2022/8/15,46.63
2022/8/16,50.25
2022/8/17,51.55
2022/8/18,47.41
2022/8/19,50.34
2022/8/22,50.64
2022/8/23,47.35
2022/8/24,48.33
2022/8/25,48.78
2022/8/26,47.08
2022/8/29,47.73
2022/8/30,49.74
2022/8/31,52.11
2022/9/1,53.9
2022/9/2,53.9
2022/9/5,
2022/9/6,50
2022/9/7,53.32
2022/9/8,51.29
2022/9/9,48.84
2022/9/12,44.15
2022/9/13,44.81
2022/9/14,45.62
2022/9/15,46.63
2022/9/16,47.44
2022/9/19,46.75
2022/9/20,48.23
2022/9/21,48.65
2022/9/22,47.1
2022/9/23,50.82
2022/9/26,56.68
2022/9/27,55.89
2022/9/28,55.02
2022/9/29,54.41
2022/9/30,55.69
2022/10/3,56.24
2022/10/4,59.51
2022/10/5,54.2
2022/10/6,53.39
2022/10/7,53.64
2022/10/10,51.42
2022/10/11,51.92
2022/10/12,51.52
2022/10/13,50.52
2022/10/14,50.3
2022/10/17,50.27
2022/10/18,49.12
2022/10/19,47.78
2022/10/20,47.98
2022/10/21,47.19
2022/10/24,47.78
2022/10/25,47.3
2022/10/26,48.58
2022/10/27,49.02
2022/10/28,47.81
2022/10/31,47.41
2022/11/1,47.04
2022/11/2,47.75
2022/11/3,46.47
2022/11/4,47.5
2022/11/7,45.11
2022/11/8,45.04
2022/11/9,45.38
2022/11/10,43.48
2022/11/11,42.06
2022/11/14,44.42
2022/11/15,46.72
2022/11/16,45.12
2022/11/17,45.34
2022/11/18,45.93
2022/11/21,47.11
2022/11/22,46.3
2022/11/23,51.56
2022/11/24,
2022/11/25,50.16
2022/11/28,50.53
2022/11/29,47.91
2022/11/30,46.15
2022/12/1,45.61
2022/12/2,45.76
2022/12/5,45.41
2022/12/6,46.36
2022/12/7,47.91
2022/12/8,47.17
2022/12/9,46.93
2022/12/12,44.99
2022/12/13,43.37
2022/12/14,41.82
2022/12/15,43.7
2022/12/16,42.29
2022/12/19,42.47
2022/12/20,41.79
2022/12/21,41.18
2022/12/22,41.8
2022/12/23,41.21
2022/12/26,
2022/12/27,43.5
2022/12/28,43.95
2022/12/29,42.6
2022/12/30,41.26
2023/1/2,
2023/1/3,44.14
2023/1/4,45.83
2023/1/5,43.93
2023/1/6,42.94
2023/1/9,42.75
2023/1/10,41.6
2023/1/11,41.19
2023/1/12,39.28
2023/1/13,38.19
2023/1/16,
2023/1/17,40.1
2023/1/18,39.25
2023/1/19,39.02
2023/1/20,37.81
2023/1/23,37.3
2023/1/24,38.26
2023/1/25,38.54
2023/1/26,38.12
2023/1/27,38.6
2023/1/30,40.18
2023/1/31,38.55
2023/2/1,37.99
2023/2/2,38.49
2023/2/3,39.48
2023/2/6,38.92
2023/2/7,37.31
2023/2/8,37.02
2023/2/9,35.75
2023/2/10,35.89
2023/2/13,37.77
2023/2/14,36.67
2023/2/15,35.7
2023/2/16,35.03
2023/2/17,36.04
2023/2/20,
2023/2/21,37.05
2023/2/22,38.36
2023/2/23,36.69
2023/2/24,37.25
2023/2/27,37.55
2023/2/28,35.42
2023/3/1,36.63
2023/3/2,35.61
2023/3/3,35.2
2023/3/6,33.03
2023/3/7,33.76
2023/3/8,33.39
2023/3/9,34.86
2023/3/10,36.76
2023/3/13,38.13
2023/3/14,47.41
2023/3/15,49.78
2023/3/16,48.65
2023/3/17,51.48
2023/3/20,51.14
2023/3/21,48.12
2023/3/22,46.97
2023/3/23,46.9
2023/3/24,48.36
2023/3/27,45.41
2023/3/28,44.31
2023/3/29,43.33
2023/3/30,42.02
2023/3/31,40.34
2023/4/3,39.49
2023/4/4,39.42
2023/4/5,39.14
2023/4/6,34.76
2023/4/7,
2023/4/10,34.31
2023/4/11,34.23
2023/4/12,33.74
2023/4/13,32.78
2023/4/14,32.51
2023/4/17,32.93
2023/4/18,33.69
2023/4/19,34.44
2023/4/20,36.41
2023/4/21,35.17
2023/4/24,34.28
2023/4/25,36.64
2023/4/26,39.25
2023/4/27,37.76
2023/4/28,35.63
2023/5/1,35.94
2023/5/2,39.48
2023/5/3,43.23
2023/5/4,43.75
2023/5/5,37.35
2023/5/8,35.54
2023/5/9,35.13
2023/5/10,34.13
2023/5/11,35.74
2023/5/12,37.32
2023/5/15,35.16
2023/5/16,35.98
2023/5/17,36.44
2023/5/18,36.02
2023/5/19,35.85
2023/5/22,35.52
2023/5/23,35.11
2023/5/24,35.86
2023/5/25,36.74
2023/5/26,35.95
2023/5/29,
2023/5/30,39.68
2023/5/31,40.68
2023/6/1,40.5
2023/6/2,39.6
2023/6/5,37.45
2023/6/6,36.07
2023/6/7,34.13
2023/6/8,35.18
2023/6/9,33.7
2023/6/12,36.35
2023/6/13,32.38
2023/6/14,33.66
2023/6/15,33.07
2023/6/16,32.99
2023/6/19,
2023/6/20,34.75
2023/6/21,33.26
2023/6/22,34.93
2023/6/23,35.36
2023/6/26,36.67
2023/6/27,39.3
2023/6/28,36.86
2023/6/29,35.42
2023/6/30,33.28
2023/7/3,33.88
2023/7/4,
2023/7/5,33.91
2023/7/6,35.13
2023/7/7,34.55
2023/7/10,38.35
2023/7/11,32.43
2023/7/12,32.69
2023/7/13,30.04
2023/7/14,30
2023/7/17,31.34
2023/7/18,30.66
2023/7/19,31.06
2023/7/20,30.15
2023/7/21,29.65
2023/7/24,30.11
2023/7/25,30.63
2023/7/26,29.97
2023/7/27,29.12
2023/7/28,29.41
2023/7/31,28.48
2023/8/1,28.35
2023/8/2,28.74
2023/8/3,28.54
2023/8/4,28.06
2023/8/7,27.73
2023/8/8,27.14
2023/8/9,28.56
2023/8/10,27.27
2023/8/11,28.04
2023/8/14,27.55
2023/8/15,28.3
2023/8/16,28.54
2023/8/17,29.3
2023/8/18,28.43
2023/8/21,28.9
2023/8/22,28.56
2023/8/23,28.47
2023/8/24,28.88
2023/8/25,28.81
2023/8/28,28.66
2023/8/29,27.63
2023/8/30,26.63
2023/8/31,26.56
2023/9/1,27.48
2023/9/4,
2023/9/5,28.65
2023/9/6,28.33
2023/9/7,27.59
2023/9/8,27.16
2023/9/11,24.37
2023/9/12,24.23
2023/9/13,25.06
2023/9/14,26.56
2023/9/15,27.16
2023/9/18,27.91
2023/9/19,30.32
2023/9/20,30.38
2023/9/21,31.35
2023/9/22,30.61
2023/9/25,30.96
2023/9/26,31.3
2023/9/27,32.48
2023/9/28,31.62
2023/9/29,32.24
2023/10/2,32
2023/10/3,33.25
2023/10/4,35.35
2023/10/5,36.59
2023/10/6,35.68
2023/10/9,39.85
2023/10/10,39.54
2023/10/11,38.94
2023/10/12,38.52
2023/10/13,44.24
2023/10/16,40.7
2023/10/17,41.37
2023/10/18,44.4
2023/10/19,45.7
2023/10/20,43.79
2023/10/23,41.74
2023/10/24,41.08
2023/10/25,44.91
2023/10/26,43.93
2023/10/27,46.64
2023/10/30,44.01
2023/10/31,41.99
2023/11/1,40.52
2023/11/2,39.79
2023/11/3,38.53
2023/11/6,36.31
2023/11/7,38.72
2023/11/8,40.44
2023/11/9,41.23
2023/11/10,39.29
2023/11/13,39.4
2023/11/14,38.29
2023/11/15,39.51
2023/11/16,42.53
2023/11/17,40.43
2023/11/20,39
2023/11/21,38.52
2023/11/22,42.76
2023/11/23,
2023/11/24,43.38
2023/11/27,43.9
2023/11/28,43.14
2023/11/29,42.9
2023/11/30,39.4
2023/12/1,35.7
2023/12/4,38.08
2023/12/5,36.36
2023/12/6,39.72
2023/12/7,37.82
2023/12/8,36.24
2023/12/11,35.3
2023/12/12,36.38
2023/12/13,36.6
2023/12/14,33.98
2023/12/15,35.13
2023/12/18,37.09
2023/12/19,35.04
2023/12/20,34.98
2023/12/21,35.44
2023/12/22,33.32
2023/12/25,
2023/12/26,34.53
2023/12/27,35.41
2023/12/28,36.45
2023/12/29,36.22
2024/1/1,
2024/1/2,39.05
2024/1/3,38.22
2024/1/4,37.58
2024/1/5,36.07
2024/1/8,36.79
2024/1/9,36.09
2024/1/10,36.35
2024/1/11,36.78
2024/1/12,40.64
2024/1/15,
2024/1/16,38.34
2024/1/17,37.06
2024/1/18,35.98
2024/1/19,35.79
2024/1/22,35.71
2024/1/23,34.99
2024/1/24,33.99
2024/1/25,35.1
2024/1/26,34.78
2024/1/29,36.32
2024/1/30,36.19
2024/1/31,37.25
2024/2/1,35.38
2024/2/2,34.85
2024/2/5,34.43
2024/2/6,33.01
2024/2/7,31.21
2024/2/8,31.64
2024/2/9,32.44
2024/2/12,32.69
2024/2/13,32.37
2024/2/14,32.76
2024/2/15,32.02
2024/2/16,30.84
2024/2/19,
2024/2/20,31.81
2024/2/21,31.05
2024/2/22,30.55
2024/2/23,31.31
2024/2/26,31.71
2024/2/27,31.35
2024/2/28,31.21
2024/2/29,31.5
2024/3/1,31.08
2024/3/4,30.47
2024/3/5,30.19
2024/3/6,29.57
2024/3/7,29.57
2024/3/8,29.64
2024/3/11,29.11
2024/3/12,29.36
2024/3/13,29.52
2024/3/14,31.51
2024/3/15,29.77
2024/3/18,29.81
2024/3/19,29.22
2024/3/20,28.82
2024/3/21,27.53
2024/3/22,26.92
2024/3/25,27.49
2024/3/26,27.25
2024/3/27,26.6
2024/3/28,26.27
2024/3/29,
2024/4/1,27.65
2024/4/2,29.04
2024/4/3,29.08
2024/4/4,32.17
2024/4/5,32.36
2024/4/8,30.57
2024/4/9,28.96
2024/4/10,30.08
2024/4/11,31.27
2024/4/12,32.19
2024/4/15,35.59
2024/4/16,33.61
2024/4/17,33
2024/4/18,31.4
2024/4/19,31.86
2024/4/22,29.7
2024/4/23,28.86
2024/4/24,29.04
2024/4/25,28.34
2024/4/26,27.81
2024/4/29,27.84
2024/4/30,27.87
2024/5/1,28.7
2024/5/2,27.65
2024/5/3,28.09
2024/5/6,28.58
2024/5/7,27.83
2024/5/8,27.91
2024/5/9,27.95
2024/5/10,27.88
2024/5/13,28.04
2024/5/14,28.01
2024/5/15,28.07
2024/5/16,27.08
2024/5/17,28.06
2024/5/20,27.89
2024/5/21,27.38
2024/5/22,27.71
2024/5/23,28.66
2024/5/24,27.56
2024/5/27,
2024/5/28,27.53
2024/5/29,26.77
2024/5/30,29.24
2024/5/31,30.34
2024/6/3,30.84
2024/6/4,30.59
2024/6/5,29.18
2024/6/6,27.71
2024/6/7,26.42
2024/6/10,25.69
2024/6/11,25.54
2024/6/12,24.8
2024/6/13,24.45
2024/6/14,24.71
2024/6/17,24.17
2024/6/18,23.73
2024/6/19,
2024/6/20,24.23
2024/6/21,24.74
2024/6/24,25.42
2024/6/25,25.75
2024/6/26,26.24
2024/6/27,26.28
2024/6/28,26.54
2024/7/1,27.29
2024/7/2,25.82
2024/7/3,24.62
2024/7/4,
2024/7/5,23.78
2024/7/8,23.81
2024/7/9,24.19
2024/7/10,24.01
2024/7/11,24.01
2024/7/12,24.12
2024/7/15,23.83
2024/7/16,24.41
2024/7/17,25.28
2024/7/18,25.68
2024/7/19,26.83
2024/7/22,26.83
2024/7/23,26.74
2024/7/24,26.85
2024/7/25,26.49
2024/7/26,29.77
2024/7/29,30.82
2024/7/30,31.49
2024/7/31,33.69
2024/8/1,33.42
2024/8/2,38.83
2024/8/5,43.63
2024/8/6,40.42
2024/8/7,38.01
2024/8/8,34.77
2024/8/9,33.37
2024/8/12,35.17
2024/8/13,33.26
2024/8/14,31.51
2024/8/15,31.14
2024/8/16,31
2024/8/19,32.03
2024/8/20,32.05
2024/8/21,32.7
2024/8/22,31.73
2024/8/23,30.54
2024/8/26,30.99
2024/8/27,31.25
2024/8/28,32.12
2024/8/29,31.81
2024/8/30,33.36
2024/9/2,
2024/9/3,35.36
2024/9/4,37.95
2024/9/5,36.61
2024/9/6,37.58
2024/9/9,37
2024/9/10,40.23
2024/9/11,37.76
2024/9/12,36.07
2024/9/13,35.22
2024/9/16,34.71
2024/9/17,35.29
2024/9/18,36.19
2024/9/19,33.72
2024/9/20,32.22
2024/9/23,34.39
2024/9/24,33.76
2024/9/25,34.4
2024/9/26,39.76
2024/9/27,39.62
2024/9/30,39.86
2024/10/1,42.87
2024/10/2,46.52
2024/10/3,54.5
2024/10/4,46.37
2024/10/7,48.32
2024/10/8,52.35
2024/10/9,48.8
2024/10/10,52.36
2024/10/11,52.68
2024/10/14,51.62
2024/10/15,48.64
2024/10/16,47.84
2024/10/17,46.88
2024/10/18,47.22
2024/10/21,46.82
2024/10/22,47.69
2024/10/23,47.78
2024/10/24,46.66
2024/10/25,48.97
2024/10/28,42.96
2024/10/29,42.47
2024/10/30,41.13
2024/10/31,48.79
2024/11/1,44.14
2024/11/4,45.75
2024/11/5,45.61
2024/11/6,44.74
2024/11/7,42.55
2024/11/8,38.76
2024/11/11,37.74
2024/11/12,34.32
2024/11/13,37.12
2024/11/14,30.9
2024/11/15,35.07
2024/11/18,36.89
2024/11/19,37.28
2024/11/20,36.74
2024/11/21,36.91
2024/11/22,35.74
2024/11/25,37.44
2024/11/26,38.74
2024/11/27,37
2024/11/28,
2024/11/29,34.95
2024/12/2,34.71
2024/12/3,34.55
2024/12/4,33.82
2024/12/5,29.45
2024/12/6,30.98
2024/12/9,27.7
2024/12/10,28.61
2024/12/11,31.99
2024/12/12,33.64
2024/12/13,34.92
2024/12/16,33.41
2024/12/17,30.71
2024/12/18,32.6
2024/12/19,30.5
2024/12/20,29.27
2024/12/23,30.16
2024/12/24,30.35
2024/12/25,
2024/12/26,30.01
2024/12/27,30.21
2024/12/30,30.77
2024/12/31,30.02
2025/1/1,
2025/1/2,29.54
2025/1/3,29.98
2025/1/6,29.31
2025/1/7,31.09
2025/1/8,31.56
2025/1/9,
2025/1/10,33.91
2025/1/13,33.98
2025/1/14,33.51
2025/1/15,32.93
2025/1/16,33.13
2025/1/17,33.52
2025/1/20,
2025/1/21,35.1
2025/1/22,34.68
2025/1/23,34.18
2025/1/24,29.98
2025/1/27,35.98
2025/1/28,31.95
2025/1/29,33.02
2025/1/30,31.05
2025/1/31,29.96
2025/2/3,35.3
2025/2/4,33.62
2025/2/5,34.25
2025/2/6,36.25
2025/2/7,29.66
2025/2/10,32.09
2025/2/11,29.76
2025/2/12,31.79
2025/2/13,31.47
2025/2/14,28.46
2025/2/17,
2025/2/18,27.47
2025/2/19,28.36
2025/2/20,29.3
2025/2/21,35.79
2025/2/24,31.3
2025/2/25,32.77
2025/2/26,33.36
2025/2/27,31.72
2025/2/28,29.97
2025/3/3,38.52
2025/3/4,37.52
2025/3/5,35.04
2025/3/6,37.14
2025/3/7,29.75
2025/3/10,34.82
2025/3/11,31.83
2025/3/12,31.09
2025/3/13,32.8
2025/3/14,33.52
2025/3/17,30.9
2025/3/18,36.12
2025/3/19,33.87
2025/3/20,29.72
2025/3/21,28.43
2025/3/24,29.67
2025/3/25,28.27
2025/3/26,28.84
2025/3/27,28.49
2025/3/28,28.7
2025/3/31,30.88
2025/4/1,30.57
2025/4/2,29.98
2025/4/3,35.45
2025/4/4,44.72
2025/4/7,52.81
2025/4/8,55.26
2025/4/9,42.9
2025/4/10,49
2025/4/11,50.88
2025/4/14,47.76
2025/4/15,42.31
2025/4/16,43.56
2025/4/17,41.27
2025/4/18,
2025/4/21,41.21
2025/4/22,43.15
2025/4/23,43.56
2025/4/24,44.37
2025/4/25,43.53
2025/4/28,43.55
2025/4/29,48.41
2025/4/30,54.46
2025/5/1,51.96
2025/5/2,50.59
2025/5/5,42.58
2025/5/6,42.14
2025/5/7,42.66
2025/5/8,40.6
2025/5/9,39.82
2025/5/12,37.5
2025/5/13,36.71
2025/5/14,36.72
2025/5/15,37.4
2025/5/16,37.88
2025/5/19,38
2025/5/20,34.62
2025/5/21,39.12
2025/5/22,41.44
2025/5/23,43.13
2025/5/26,
2025/5/27,41.94
2025/5/28,40.42
2025/5/29,40.26
2025/5/30,40.71
2025/6/2,38.7
2025/6/3,37.75
2025/6/4,37.7
2025/6/5,34.89
2025/6/6,35.72
2025/6/9,34.42
2025/6/10,35.05
2025/6/11,43.24
2025/6/12,45.37
2025/6/13,57.23
2025/6/16,56.6
2025/6/17,71.56
2025/6/18,66.86
2025/6/19,
2025/6/20,64.67
2025/6/23,53.65
2025/6/24,48.8
2025/6/25,42.75
2025/6/26,41.86
2025/6/27,41.23
2025/6/30,38.89
2025/7/1,38
2025/7/2,40.24
2025/7/3,37.75
2025/7/4,
2025/7/7,41.23
2025/7/8,35.71
2025/7/9,34.17
2025/7/10,32.8
2025/7/11,37.06
2025/7/14,33.53
2025/7/15,34.38
2025/7/16,33.16
2025/7/17,32.84
2025/7/18,32.17
2025/7/21,31.38
2025/7/22,32.26
2025/7/23,32.39
2025/7/24,32.37
2025/7/25,32.88
2025/7/28,35.37
2025/7/29,38.04
2025/7/30,37.75
2025/7/31,36.78
2025/8/1,39.37
2025/8/4,38.79
2025/8/5,35.3
2025/8/6,36.67
2025/8/7,35.01
2025/8/8,34.06
2025/8/11,31.4
2025/8/12,30.31
2025/8/13,33.82
2025/8/14,35.96
2025/8/15,37.22
2025/8/18,32.15
2025/8/19,33.04
2025/8/20,32.51
2025/8/21,31.54
2025/8/22,30.35
2025/8/25,31.24
2025/8/26,33.73
2025/8/27,31.94
2025/8/28,33.98
2025/8/29,32.63
2025/9/1,
2025/9/2,34.28
2025/9/3,35.22
2025/9/4,35.03
2025/9/5,33.33
2025/9/8,35.03
2025/9/9,33.44
2025/9/10,33.35
2025/9/11,33.96
2025/9/12,31.77
2025/9/15,30.98
2025/9/16,33.17
2025/9/17,31.05
2025/9/18,31.88
2025/9/19,30.53
2025/9/22,30.88
2025/9/23,32.58
2025/9/24,34.08
2025/9/25,36.85
2025/9/26,35.85
2025/9/29,35.54
2025/9/30,35.58
2025/10/1,36.39
2025/10/2,37.62
2025/10/3,36.5
2025/10/6,32.44
2025/10/7,31.82
2025/10/8,31.53
2025/10/9,32.48
2025/10/10,37.73
2025/10/13,35.92
2025/10/14,37.9
2025/10/15,36.62
2025/10/16,38.26
2025/10/17,37.24
2025/10/20,36.77
2025/10/21,35.87
2025/10/22,38.09
2025/10/23,40.46
2025/10/24,38.7
2025/10/27,38.96
2025/10/28,37.18
2025/10/29,37.14
2025/10/30,34.74
2025/10/31,36.2
2025/11/3,34.31
2025/11/4,34.27
2025/11/5,33.69
2025/11/6,33.76
2025/11/7,33.33
2025/11/10,32.12
2025/11/11,32.02
2025/11/12,33
2025/11/13,32.63
2025/11/14,33.12
2025/11/17,32.38
2025/11/18,33.33
2025/11/19,34.12
2025/11/20,36.38
2025/11/21,35.97
2025/11/24,36.3
2025/11/25,37.57
2025/11/26,35.7
2025/11/27,
2025/11/28,35.95
2025/12/1,35.82
2025/12/2,35.89
2025/12/3,33.72
2025/12/4,33.3
2025/12/5,32.06
2025/12/8,33.03
2025/12/9,30.82
2025/12/10,30.78
2025/12/11,31.88
2025/12/12,29.93
2025/12/15,32.85
2025/12/16,36.23
2025/12/17,36.74
2025/12/18,33.6
2025/12/19,33.62
2025/12/22,33.03
2025/12/23,33.02
2025/12/24,31.71
2025/12/25,
2025/12/26,32.22
2025/12/29,32.16
2025/12/30,30.76
2025/12/31,30.17
