test_index,strategy_nav,buy_hold_nav,strategy_return,buy_hold_return,signal
0,1.0014213503212852,1.0014213503212852,0.0014213503212852404,0.0014213503212852404,1.0
1,0.9999308320253557,0.9999308320253557,-0.0014884027541965474,-0.0014884027541965474,1.0
2,0.9968117850498686,0.9968117850498686,-0.003119262728572392,-0.003119262728572392,1.0
3,0.9952427879236052,0.9952427879236052,-0.0015740154257754986,-0.0015740154257754986,1.0
4,0.9980301328649824,0.9980301328649824,0.0028006683145049725,0.0028006683145049725,1.0
5,1.003291677070889,1.003291677070889,0.00527192920598763,0.00527192920598763,1.0
6,1.0070286077734636,1.0070286077734636,0.0037246702907817184,0.0037246702907817184,1.0
7,1.0073239483537026,1.0073239483537026,0.0002932792355242841,0.0002932792355242841,1.0
8,1.0071707663348475,1.0071707663348475,-0.00015206827863607287,-0.00015206827863607287,1.0
9,1.0073302559473638,1.0073302559473638,0.00015835409232204135,0.00015835409232204135,1.0
10,1.0060563499604067,1.0060563499604067,-0.0012646358822599284,-0.0012646358822599284,1.0
11,1.0022658634401922,1.0022658634401922,-0.0037676682030422307,-0.0037676682030422307,1.0
12,0.9976960282884593,0.9976960282884593,-0.004559503938453434,-0.004559503938453434,1.0
13,0.9949368500760842,0.9949368500760842,-0.002765549961252705,-0.002765549961252705,1.0
14,0.9943027997478462,0.9943027997478462,-0.0006372769570144382,-0.0006372769570144382,1.0
15,0.9944402541833279,0.9944402541833279,0.000138242027998397,0.000138242027998397,1.0
16,0.9935565261826061,0.9935565261826061,-0.0008886687732160788,-0.0008886687732160788,1.0
17,0.9928478489374423,0.9928478489374423,-0.0007132732023680014,-0.0007132732023680014,1.0
18,0.9951417785751079,0.9951417785751079,0.0023104543562447485,0.0023104543562447485,1.0
19,1.0022882116073155,1.0022882116073155,0.007181321482091021,0.007181321482091021,1.0
20,1.012208035904982,1.012208035904982,0.009897177461319795,0.009897177461319795,1.0
21,1.0196397318105261,1.0196397318105261,0.007342063727936715,0.007342063727936715,1.0
22,1.023434069895134,1.023434069895134,0.0037212536607125974,0.0037212536607125974,1.0
23,1.028474337164038,1.028474337164038,0.004924857806834875,0.004924857806834875,1.0
24,1.0187313046927753,1.0382173696353008,-0.009473286905853737,0.009473286905853737,-1.0
25,1.0057111031951287,1.051486618640155,-0.012780800430564182,0.012780800430564182,-1.0
26,0.9969946439025502,1.0605998125573248,-0.008666961381739221,0.008666961381739221,-1.0
27,0.9944868234902685,1.063267624140326,-0.0025153800249771542,0.0025153800249771542,-1.0
28,0.9935562840211867,1.0642625216765118,-0.0009356981380769477,0.0009356981380769477,-1.0
29,0.993051120023818,1.0648036355704564,-0.0005084402418796197,0.0005084402418796197,-1.0
30,0.9943344991329273,1.0634275264118846,0.0012923595605818165,-0.0012923595605818165,-1.0
31,1.0005094597799638,1.0568234881005365,0.006210144224525317,-0.006210144224525317,-1.0
32,1.0105554277352304,1.0462120792907028,0.010040852544738542,-0.010040852544738542,-1.0
33,1.019714844828676,1.036729479386311,0.009063745384033976,-0.009063745384033976,-1.0
34,1.024978894121942,1.0313775958563731,0.0051622758263861245,-0.0051622758263861245,-1.0
35,1.0288267724184936,1.0275056961622384,0.003754104907543356,-0.003754104907543356,-1.0
36,1.0230953311808864,1.0217816144443639,-0.00557085156729942,-0.00557085156729942,1.0
37,1.0142348402252697,1.0129325008989527,-0.008660474430461574,-0.008660474430461574,1.0
38,1.007808102156123,1.0065140151530307,-0.006336538456635132,-0.006336538456635132,1.0
39,1.0084357945923597,1.0071409015939377,0.0006228293212705041,0.0006228293212705041,1.0
40,1.012657232109759,1.0113569185283768,0.004186124233229822,0.004186124233229822,1.0
41,1.0126549794557436,1.0113546687669062,-2.224498027794024e-06,-2.224498027794024e-06,1.0
42,1.0065351900928128,1.0052427375863608,-0.006043311381552541,-0.006043311381552541,1.0
43,1.0104311821649892,1.0013517482053653,0.003870696335830211,-0.003870696335830211,-1.0
44,1.0047072556696939,1.0070242412002688,-0.005664835563596752,0.005664835563596752,-1.0
45,1.01641536631247,1.0187593522680907,0.011653255788395765,0.011653255788395765,1.0
46,1.0232161916060754,1.0255758611488428,0.006690990237857886,0.006690990237857886,1.0
47,1.0208464152338967,1.0232006197643095,-0.0023160074983361663,-0.0023160074983361663,1.0
48,1.0174187353335178,1.0197650351885261,-0.003357684220886085,-0.003357684220886085,1.0
49,1.0203250019762786,1.0226780040599424,0.0028565098536426823,0.0028565098536426823,1.0
50,1.0285596970313424,1.0309316893922076,0.008070658897031846,0.008070658897031846,1.0
51,1.0344084623354266,1.036793942709347,0.0056863644579551245,0.0056863644579551245,1.0
52,1.0329594661500798,1.0353416049504462,-0.0014007969173756116,-0.0014007969173756116,1.0
53,1.0394410268490646,1.0288450969299703,0.00627474834336134,-0.00627474834336134,-1.0
54,1.044992441174578,1.023350273017598,0.005340768915329034,-0.005340768915329034,-1.0
55,1.0482529679625003,1.0201572729085724,0.003120143897172537,-0.003120143897172537,-1.0
56,1.049296619743284,1.0191415934999848,0.0009956106137358513,-0.0009956106137358513,-1.0
57,1.0509878691188006,1.0174989477970073,0.0016117934087412499,-0.0016117934087412499,-1.0
58,1.0574000464612594,1.011291089561203,0.006101095484417953,-0.006101095484417953,-1.0
59,1.0671407156422288,1.001975171728549,0.009211905383934734,-0.009211905383934734,-1.0
60,1.0751898855759339,0.9944175288531735,0.0075427446593686375,-0.0075427446593686375,-1.0
61,1.0804570029665848,0.98954609736925,0.004898778775090066,-0.004898778775090066,-1.0
62,1.0838669222606365,0.9864230926402248,0.0031559972166308246,-0.0031559972166308246,-1.0
63,1.0874829417368603,0.9831321673047192,0.0033362208975635755,-0.0033362208975635755,-1.0
64,1.091153785011469,0.9798135643493129,0.0033755410165291775,-0.0033755410165291775,-1.0
65,1.0909937770946598,0.9799572452212914,-0.00014664103172914395,0.00014664103172914395,-1.0
66,1.0876498541848794,0.9829608384146707,-0.0030650247324832706,0.0030650247324832706,-1.0
67,1.0847411762574888,0.9855895488247217,-0.0026742778626770544,0.0026742778626770544,-1.0
68,1.0815380056065302,0.9884999311221644,-0.002952935429269863,0.002952935429269863,-1.0
69,1.0760266286056386,0.9935371981969486,-0.00509586992997144,0.00509586992997144,-1.0
70,1.0671921115210117,1.0016944511109007,-0.008210314549626964,0.008210314549626964,-1.0
71,1.0569550217580235,1.0113032515324991,-0.009592546320828607,0.009592546320828607,-1.0
72,1.0488849710704589,1.019024742355062,-0.007635188367941893,0.007635188367941893,-1.0
73,1.0422765852167164,1.025444997080535,-0.006300391402308099,0.006300391402308099,-1.0
74,1.032328164150962,1.0352327623967896,-0.009544895478665903,0.009544895478665903,-1.0
75,1.01989225836232,1.0477036583284824,-0.01204646566905398,0.01204646566905398,-1.0
76,1.0119297941697427,1.0558832506290146,-0.007807162106870965,0.007807162106870965,-1.0
77,1.0142860572762697,1.0534246425688596,0.002328484762581864,-0.002328484762581864,-1.0
78,1.022476429689751,1.0449182255967615,0.008075012324901053,-0.008075012324901053,-1.0
79,1.0262157260150635,1.0410968574284885,0.003657097823220301,-0.003657097823220301,-1.0
80,1.0257342876695374,1.0415852771007528,-0.0004691395126008163,0.0004691395126008163,-1.0
81,1.0324765175742259,1.0347388574305016,0.006573076464087642,-0.006573076464087642,-1.0
82,1.0568841796128354,1.0102777138592,0.023639919768785263,-0.023639919768785263,-1.0
83,1.0897146954178958,0.9788949577425317,0.031063494409659047,-0.031063494409659047,-1.0
84,1.1123596205313915,0.9585529332610161,0.020780599920983488,-0.020780599920983488,-1.0
85,1.115845261000801,0.9555492545634293,0.003133555376402761,-0.003133555376402761,-1.0
86,1.1083536730759072,0.9619646434236268,-0.006713823311105591,0.006713823311105591,-1.0
87,1.1078165247287708,0.9624308463431197,-0.0004846362313626118,0.0004846362313626118,-1.0
88,1.1129519376253763,0.9579693857401451,0.004635616802938513,-0.004635616802938513,-1.0
89,1.1128651105193632,0.9580441218600089,-7.801514430019231e-05,7.801514430019231e-05,-1.0
90,1.1261948321519122,0.9695194222673815,0.0119778412554672,0.0119778412554672,1.0
91,1.1490260486887893,0.989174376485382,0.020272883416852232,0.020272883416852232,1.0
92,1.166604222037782,1.004307087081529,0.015298324497561917,0.015298324497561917,1.0
93,1.1693258671756692,1.0066500989178195,0.0023329635590835862,0.0023329635590835862,1.0
94,1.1643185612079816,1.002339405731959,-0.004282216025702146,-0.004282216025702146,1.0
95,1.1631619630104473,1.0013437126384945,-0.0009933691998642337,-0.0009933691998642337,1.0
96,1.1687923867597363,1.0061908359112064,0.004840618871955508,0.004840618871955508,1.0
97,1.16973741546347,1.0070043929057093,0.0008085513855492272,0.0008085513855492272,1.0
98,1.1557706546501811,0.9949806777473182,-0.011940082131813417,-0.011940082131813417,1.0
99,1.1334737332331994,0.9757856878988678,-0.019291821718496912,-0.019291821718496912,1.0
100,1.1492399121288595,0.962212888399267,0.013909611165569264,-0.013909611165569264,-1.0
101,1.1527481228455077,0.9592756030412201,0.0030526356417168265,-0.0030526356417168265,-1.0
102,1.1524797522262702,0.9594989314357805,-0.0002328094177026568,0.0002328094177026568,-1.0
103,1.1548679168977802,0.9575106609729113,0.0020721966411093628,-0.0020721966411093628,-1.0
104,1.1571342774755735,0.9556316024389492,0.001962441370681815,-0.001962441370681815,-1.0
105,1.1589808998420383,0.9571566550845368,0.0015958583220724784,0.0015958583220724784,1.0
106,1.1702265327376566,0.9664439801544716,0.00970303556956891,0.00970303556956891,1.0
107,1.1877554537163655,0.98092042525681,0.014979083526418772,0.014979083526418772,1.0
108,1.2043063737586555,0.994589177924269,0.013934619277481696,0.013934619277481696,1.0
109,1.2130362013369054,1.0017987985188805,0.007248842793220503,0.007248842793220503,1.0
110,1.2126941296790221,1.001516295016102,-0.000281996248344722,-0.000281996248344722,1.0
111,1.2129517500824922,1.0013035364765086,0.0002124364233034512,-0.0002124364233034512,-1.0
112,1.2070801898686008,1.006150566876856,-0.004840720344805269,0.004840720344805269,-1.0
113,1.2023311746932774,1.010109064705636,-0.003934299655634684,0.003934299655634684,-1.0
114,1.2084592055354355,1.0049607498047615,0.005096791109755038,-0.005096791109755038,-1.0
115,1.2235429560902724,0.9924170270228738,0.012481803676735287,-0.012481803676735287,-1.0
116,1.2348986045197745,0.9832064481884909,0.009280956073490162,-0.009280956073490162,-1.0
117,1.237444946201851,0.9811790918112583,0.0020619844194145953,-0.0020619844194145953,-1.0
118,1.2402639395896426,0.9789438914651379,0.002278075801629877,-0.002278075801629877,-1.0
119,1.249776831831959,0.971435338282609,0.007670054686475798,-0.007670054686475798,-1.0
120,1.2612784184061758,0.9624953040621527,0.009202912297035926,-0.009202912297035926,-1.0
121,1.26420989842334,0.9602582597194468,0.0023242132540955184,-0.0023242132540955184,-1.0
122,1.2573463791842279,0.9654715957709368,-0.005429097848127987,0.005429097848127987,-1.0
123,1.2499259498448474,0.9711694797225694,-0.005901658812740907,0.005901658812740907,-1.0
124,1.2448154990050826,0.9751402060554522,-0.004088602881154114,0.004088602881154114,-1.0
125,1.2375220298566467,0.9808536270515349,-0.005859076428808284,0.005859076428808284,-1.0
126,1.2256208865410037,0.9902864123317783,-0.00961691430820158,0.00961691430820158,-1.0
127,1.2106885516263237,1.0023515529741904,-0.012183486001795035,0.012183486001795035,-1.0
128,1.192060404097374,1.0177741425242388,-0.015386407597500231,0.015386407597500231,-1.0
129,1.1701511664362088,1.0364801204237704,-0.018379301573861705,0.018379301573861705,-1.0
130,1.152922146323786,1.0517410006870394,-0.014723755875828585,0.014723755875828585,-1.0
131,1.1443605388137075,1.059551236338121,-0.0074260066365955685,0.0074260066365955685,-1.0
132,1.140589255030974,1.0630430278313157,-0.0032955381235384917,0.0032955381235384917,-1.0
133,1.131357471875493,1.0716471617687497,-0.008093871755113283,0.008093871755113283,-1.0
134,1.1243605755022967,1.0782747788799851,-0.006184514220423557,0.006184514220423557,-1.0
135,1.1346669781475531,1.0683908196986547,0.009166456802037938,-0.009166456802037938,-1.0
136,1.1632530895250632,1.041474429643419,0.0251933932405256,-0.0251933932405256,-1.0
137,1.1889312771094322,1.0184844406122047,0.022074463257908045,-0.022074463257908045,-1.0
138,1.1970742856705465,1.0115088250497728,0.006849015345034585,-0.006849015345034585,-1.0
139,1.1976296049667825,1.0110395890336066,0.00046389710553752794,-0.00046389710553752794,-1.0
140,1.2052219212046458,1.0046301513768319,0.0063394527042221925,-0.0063394527042221925,-1.0
141,1.2181691348876251,0.9938378142865484,0.010742597238887186,-0.010742597238887186,-1.0
142,1.2226667535428162,0.9901684523188592,0.003692113456483087,-0.003692113456483087,-1.0
143,1.231496113612037,0.9973188502252174,0.007221395399553301,0.007221395399553301,1.0
144,1.2436337616613773,1.0071484429159336,0.009856018151563728,0.009856018151563728,1.0
145,1.2498683296246476,1.012197465875935,0.0050131864826035745,0.0050131864826035745,1.0
146,1.250287738518108,1.012537121349287,0.00033556246167645073,0.00033556246167645073,1.0
147,1.2511891575653875,1.0132671295059243,0.0007209692773184808,0.0007209692773184808,1.0
148,1.2554717100795356,1.0167353258747396,0.0034227858259906967,0.0034227858259906967,1.0
149,1.2598280626633742,1.0202632887339533,0.003469893067970899,0.003469893067970899,1.0
150,1.2582877262307899,1.0190158576272492,-0.001222656073661267,-0.001222656073661267,1.0
151,1.25399617513564,1.0155403738180928,-0.0034106277965574583,-0.0034106277965574583,1.0
152,1.2521613245709322,1.014054432421037,-0.0014632026804303198,-0.0014632026804303198,1.0
153,1.2529922990182019,1.0147273914918429,0.0006636320983275723,0.0006636320983275723,1.0
154,1.2533176521555536,1.0149908765432971,0.00025966092338054975,0.00025966092338054975,1.0
155,1.254021775554822,1.0155611061454966,0.0005618076136224187,0.0005618076136224187,1.0
156,1.2581019529283806,1.0188654103669506,0.0032536734633282815,0.0032536734633282815,1.0
157,1.26406004066017,1.0236905276698227,0.004735774964756519,0.004735774964756519,1.0
158,1.2675802388992257,1.0265413365530458,0.0027848346801764715,0.0027848346801764715,1.0
159,1.2701406236219557,1.0286148469113674,0.0020198995252193666,0.0020198995252193666,1.0
160,1.2795419867590203,1.0362284776575548,0.007401828555215786,0.007401828555215786,1.0
161,1.2929656464196548,1.0470995382078736,0.010490988025047762,0.010490988025047762,1.0
162,1.2988903309280107,1.0518976041347647,0.004582244334767749,0.004582244334767749,1.0
163,1.2921708918508026,1.0464559115621557,-0.005173215103085144,-0.005173215103085144,1.0
164,1.2800254649017273,1.036620019181774,-0.009399242024156143,-0.009399242024156143,1.0
165,1.2700953298711282,1.0285781660716975,-0.007757763656179663,-0.007757763656179663,1.0
166,1.2616555741594067,1.0217432866355718,-0.00664497814709533,-0.00664497814709533,1.0
167,1.2518112337605503,1.0137709137313515,-0.00780271620914868,-0.00780271620914868,1.0
168,1.2617150918722977,1.0057503408073891,0.007911622650960981,-0.007911622650960981,-1.0
169,1.2696084094097435,0.9994583444172955,0.006256022130743243,-0.006256022130743243,-1.0
170,1.2633281405285046,0.9945144049379905,-0.004946618843016819,-0.004946618843016819,1.0
171,1.2574770965239266,0.9899083589236551,-0.004631452286126011,-0.004631452286126011,1.0
172,1.2551305157219455,0.9880610887370314,-0.001866102220444309,-0.001866102220444309,1.0
173,1.2584649148510767,0.9906859870982334,0.002656615457407907,0.002656615457407907,1.0
174,1.2636770177361736,0.9947890472873931,0.004141635435036163,0.004141635435036163,1.0
175,1.260333029491206,0.9974214943713093,-0.002646236497169338,0.002646236497169338,-1.0
176,1.259003773660077,0.998473461039216,-0.001054686182163919,0.001054686182163919,-1.0
177,1.2541865825324081,1.0022938129701304,-0.003826192763239088,0.003826192763239088,-1.0
178,1.2645259239142745,1.010556585066054,0.008243862217844433,0.008243862217844433,1.0
179,1.2768838249253864,1.020432506158851,0.009772754181945623,0.009772754181945623,1.0
180,1.2842884509088934,1.0263499756279004,0.005798981738953199,0.005798981738953199,1.0
181,1.282782165935814,1.0251462152543531,-0.0011728556556070652,-0.0011728556556070652,1.0
182,1.2787140251730902,1.0218951261631777,-0.0031713418464592636,-0.0031713418464592636,1.0
183,1.278991306956813,1.022116718245365,0.00021684424997634813,0.00021684424997634813,1.0
184,1.2849087413447666,1.0268456859749726,0.004626641600898282,0.004626641600898282,1.0
185,1.289043849633819,1.0301502927310981,0.003218211656591798,0.003218211656591798,1.0
186,1.280632989605272,1.0234286828161294,-0.006524882788848782,-0.006524882788848782,1.0
187,1.2637949429972954,1.0099724154849954,-0.013148221812688448,-0.013148221812688448,1.0
188,1.2524358304533256,1.00089468464158,-0.00898809779775648,-0.00898809779775648,1.0
189,1.2547501424783178,1.002744186666429,0.0018478487829229934,0.0018478487829229934,1.0
190,1.2625279864395902,1.0089599164383818,0.006198719329021268,0.006198719329021268,1.0
191,1.261742798812009,1.0083324271061676,-0.0006219170077928637,-0.0006219170077928637,1.0
192,1.2506958776746784,0.9995041866652926,-0.008755287644781234,-0.008755287644781234,1.0
193,1.2566645650075636,0.9947342597113423,0.004772293120516477,-0.004772293120516477,-1.0
194,1.2655782786175656,1.0017900616779323,0.007093152666358754,0.007093152666358754,1.0
195,1.2497297252207558,1.014335254301054,-0.01252277608155676,0.01252277608155676,-1.0
196,1.2427056310138376,1.0200363160905146,-0.005620490627025318,0.005620490627025318,-1.0
197,1.2471862078742686,1.016358573751047,0.0036055013742679496,-0.0036055013742679496,-1.0
198,1.2520564800300584,1.0123896853598944,0.003905008029306876,-0.003905008029306876,-1.0
199,1.2455767869725292,1.0176290451814123,-0.005175240223487113,0.005175240223487113,-1.0
200,1.230380862637487,1.0300440276485343,-0.0121999097076762,0.0121999097076762,-1.0
201,1.2201221206311468,1.038632389395454,-0.008337858884076997,0.008337858884076997,-1.0
202,1.221609439848239,1.0373663047256316,0.0012189920926299583,-0.0012189920926299583,-1.0
203,1.2291502462961021,1.0309628027025606,0.006172845593596489,-0.006172845593596489,-1.0
204,1.2333624521315034,1.0274297703928725,0.0034269251038220585,-0.0034269251038220585,-1.0
205,1.2318866122671803,1.0286591914850405,-0.0011965986655201387,0.0011965986655201387,-1.0
206,1.2335981501803321,1.0272300102694913,0.001389363189849029,-0.001389363189849029,-1.0
207,1.2439451160106092,1.0186139842041637,0.008387630792705573,-0.008387630792705573,-1.0
208,1.2549290516278198,1.009619704410558,0.00882991980581629,-0.00882991980581629,-1.0
209,1.2577607985064012,1.0073414979710702,0.0022564995805206722,-0.0022564995805206722,-1.0
210,1.2557095823394477,1.0089843184252736,-0.0016308475899306978,0.0016308475899306978,-1.0
211,1.2591350123911158,1.0062319262681978,0.0027278839787830485,-0.0027278839787830485,-1.0
212,1.272677771588945,0.995409292840874,0.010755605288198009,-0.010755605288198009,-1.0
213,1.288801429355982,0.9827983718880735,0.01266908099361746,-0.01266908099361746,-1.0
214,1.2971833105164825,0.9764066198537701,0.006503624972459135,-0.006503624972459135,-1.0
215,1.298910355154136,0.9751066510649976,0.001331380556357962,-0.001331380556357962,-1.0
216,1.29867468476699,0.9752835714822174,-0.00018143699156051562,0.00018143699156051562,-1.0
217,1.3001921771695213,0.9741439593627258,0.0011684930955616671,-0.0011684930955616671,-1.0
218,1.3017555489954868,0.9729726331178489,0.0012024159608227856,-0.0012024159608227856,-1.0
219,1.3038861966247315,0.974565145502891,0.0016367494118913373,0.0016367494118913373,1.0
220,1.3133282753075097,0.9816224491304252,0.007241489868686513,0.007241489868686513,1.0
221,1.3304510441894077,0.9944205397843461,0.01303769149254687,0.01303769149254687,1.0
222,1.3488644624440205,1.0081833019693935,0.01383998181295824,0.01383998181295824,1.0
223,1.36007936883721,1.0165656722323602,0.00831433157699839,0.00831433157699839,1.0
224,1.3621035062615672,1.0180785755736126,0.001488249488033726,0.001488249488033726,1.0
225,1.3597536988915782,1.0163222563738503,-0.0017251312834795592,-0.0017251312834795592,1.0
226,1.3606204783172833,1.016970114307555,0.000637453258197908,0.000637453258197908,1.0
227,1.3555680732215396,1.0207464392046348,-0.0037133096085633843,0.0037133096085633843,-1.0
228,1.3503290856667873,1.024691411056061,-0.0038647911958428487,0.0038647911958428487,-1.0
229,1.3514282182397983,1.0238573390367798,0.000813973856208712,-0.000813973856208712,-1.0
230,1.3615447961534117,1.0161929049196046,0.007485841850179803,-0.007485841850179803,-1.0
231,1.374192311907834,1.0067533948786476,0.009289092646935827,-0.009289092646935827,-1.0
232,1.378827871916871,1.0033573157885365,0.0033732978775010167,-0.0033732978775010167,-1.0
233,1.3839349375508003,1.007073669200287,0.0037039181887361986,0.0037039181887361986,1.0
234,1.3886029008284428,1.010470492835672,0.0033729644009882088,0.0033729644009882088,1.0
235,1.3824994379115194,1.0060290724857732,-0.004395398362830842,-0.004395398362830842,1.0
236,1.3684686563485982,0.9958190327744229,-0.010148851549709792,-0.010148851549709792,1.0
237,1.3628994816611162,0.9917664078751155,-0.004069639930476567,-0.004069639930476567,1.0
238,1.370198808908879,0.9970780450588024,0.005355734113910017,0.005355734113910017,1.0
239,1.378632340698239,1.0032150299509235,0.006154969435476017,0.006154969435476017,1.0
240,1.3776877841547832,1.0025276869276536,-0.0006851402767595776,-0.0006851402767595776,1.0
241,1.3690215661972442,0.9962213789649155,-0.006290407781219955,-0.006290407781219955,1.0
242,1.3642777879743415,0.9927693856585931,-0.0034650865552685126,-0.0034650865552685126,1.0
243,1.3670746697172604,0.9948046446023014,0.0020500822981746217,0.0020500822981746217,1.0
244,1.372148459957964,0.9984967838899336,0.003711421441049074,0.003711421441049074,1.0
245,1.3750170411905547,1.0005842177344875,0.0020905764327268242,0.0020905764327268242,1.0
246,1.3786799838566133,1.0032496993338655,0.002663925286982084,0.002663925286982084,1.0
247,1.3833151735515663,1.0066226740069357,0.0033620490245944534,0.0033620490245944534,1.0
248,1.3860645860979972,1.0086233901577828,0.0019875532337088387,0.0019875532337088387,1.0
249,1.3876454986741902,1.0097738022079397,0.001140576414727964,0.001140576414727964,1.0
250,1.3913171837243545,1.0124456455405177,0.002645982027594686,0.002645982027594686,1.0
251,1.395574984504712,1.0155439986048511,0.003060266077473404,0.003060266077473404,1.0
252,1.3945661617791938,1.0148098898139002,-0.0007228724624039314,-0.0007228724624039314,1.0
253,1.3865816741454893,1.0089996692321512,-0.0057254276294197316,-0.0057254276294197316,1.0
254,1.3945362403184656,1.0032112221560965,0.005736817615073801,-0.005736817615073801,-1.0
255,1.3991680129092616,0.9998791852342733,0.003321371260841708,-0.003321371260841708,-1.0
