observation_date,US10Y_Yield
2015/1/2,2.12
2015/1/5,2.04
2015/1/6,1.97
2015/1/7,1.96
2015/1/8,2.03
2015/1/9,1.98
2015/1/12,1.92
2015/1/13,1.91
2015/1/14,1.86
2015/1/15,1.77
2015/1/16,1.83
2015/1/19,
2015/1/20,1.82
2015/1/21,1.87
2015/1/22,1.9
2015/1/23,1.81
2015/1/26,1.83
2015/1/27,1.83
2015/1/28,1.73
2015/1/29,1.77
2015/1/30,1.68
2015/2/2,1.68
2015/2/3,1.79
2015/2/4,1.81
2015/2/5,1.83
2015/2/6,1.95
2015/2/9,1.96
2015/2/10,2.01
2015/2/11,2
2015/2/12,1.99
2015/2/13,2.02
2015/2/16,
2015/2/17,2.14
2015/2/18,2.07
2015/2/19,2.11
2015/2/20,2.13
2015/2/23,2.06
2015/2/24,1.99
2015/2/25,1.96
2015/2/26,2.03
2015/2/27,2
2015/3/2,2.08
2015/3/3,2.12
2015/3/4,2.12
2015/3/5,2.11
2015/3/6,2.24
2015/3/9,2.2
2015/3/10,2.14
2015/3/11,2.11
2015/3/12,2.1
2015/3/13,2.13
2015/3/16,2.1
2015/3/17,2.06
2015/3/18,1.93
2015/3/19,1.98
2015/3/20,1.93
2015/3/23,1.92
2015/3/24,1.88
2015/3/25,1.93
2015/3/26,2.01
2015/3/27,1.95
2015/3/30,1.96
2015/3/31,1.94
2015/4/1,1.87
2015/4/2,1.92
2015/4/3,1.85
2015/4/6,1.92
2015/4/7,1.89
2015/4/8,1.92
2015/4/9,1.97
2015/4/10,1.96
2015/4/13,1.94
2015/4/14,1.9
2015/4/15,1.91
2015/4/16,1.9
2015/4/17,1.87
2015/4/20,1.9
2015/4/21,1.92
2015/4/22,1.99
2015/4/23,1.96
2015/4/24,1.93
2015/4/27,1.94
2015/4/28,2
2015/4/29,2.06
2015/4/30,2.05
2015/5/1,2.12
2015/5/4,2.16
2015/5/5,2.19
2015/5/6,2.25
2015/5/7,2.18
2015/5/8,2.16
2015/5/11,2.28
2015/5/12,2.28
2015/5/13,2.27
2015/5/14,2.23
2015/5/15,2.14
2015/5/18,2.23
2015/5/19,2.27
2015/5/20,2.26
2015/5/21,2.19
2015/5/22,2.21
2015/5/25,
2015/5/26,2.14
2015/5/27,2.14
2015/5/28,2.13
2015/5/29,2.12
2015/6/1,2.19
2015/6/2,2.27
2015/6/3,2.38
2015/6/4,2.31
2015/6/5,2.41
2015/6/8,2.39
2015/6/9,2.42
2015/6/10,2.5
2015/6/11,2.39
2015/6/12,2.39
2015/6/15,2.36
2015/6/16,2.32
2015/6/17,2.32
2015/6/18,2.35
2015/6/19,2.26
2015/6/22,2.37
2015/6/23,2.42
2015/6/24,2.38
2015/6/25,2.4
2015/6/26,2.49
2015/6/29,2.33
2015/6/30,2.35
2015/7/1,2.43
2015/7/2,2.4
2015/7/3,
2015/7/6,2.3
2015/7/7,2.27
2015/7/8,2.22
2015/7/9,2.32
2015/7/10,2.42
2015/7/13,2.44
2015/7/14,2.41
2015/7/15,2.36
2015/7/16,2.36
2015/7/17,2.34
2015/7/20,2.38
2015/7/21,2.35
2015/7/22,2.33
2015/7/23,2.28
2015/7/24,2.27
2015/7/27,2.23
2015/7/28,2.26
2015/7/29,2.29
2015/7/30,2.28
2015/7/31,2.2
2015/8/3,2.16
2015/8/4,2.23
2015/8/5,2.28
2015/8/6,2.23
2015/8/7,2.18
2015/8/10,2.24
2015/8/11,2.15
2015/8/12,2.14
2015/8/13,2.19
2015/8/14,2.2
2015/8/17,2.16
2015/8/18,2.2
2015/8/19,2.12
2015/8/20,2.09
2015/8/21,2.05
2015/8/24,2.01
2015/8/25,2.12
2015/8/26,2.18
2015/8/27,2.18
2015/8/28,2.19
2015/8/31,2.21
2015/9/1,2.17
2015/9/2,2.2
2015/9/3,2.18
2015/9/4,2.13
2015/9/7,
2015/9/8,2.2
2015/9/9,2.21
2015/9/10,2.23
2015/9/11,2.2
2015/9/14,2.18
2015/9/15,2.28
2015/9/16,2.3
2015/9/17,2.21
2015/9/18,2.13
2015/9/21,2.2
2015/9/22,2.14
2015/9/23,2.16
2015/9/24,2.13
2015/9/25,2.17
2015/9/28,2.1
2015/9/29,2.05
2015/9/30,2.06
2015/10/1,2.05
2015/10/2,1.99
2015/10/5,2.07
2015/10/6,2.05
2015/10/7,2.08
2015/10/8,2.12
2015/10/9,2.12
2015/10/12,
2015/10/13,2.06
2015/10/14,1.99
2015/10/15,2.04
2015/10/16,2.04
2015/10/19,2.04
2015/10/20,2.08
2015/10/21,2.04
2015/10/22,2.04
2015/10/23,2.09
2015/10/26,2.07
2015/10/27,2.05
2015/10/28,2.1
2015/10/29,2.19
2015/10/30,2.16
2015/11/2,2.2
2015/11/3,2.23
2015/11/4,2.25
2015/11/5,2.26
2015/11/6,2.34
2015/11/9,2.36
2015/11/10,2.32
2015/11/11,
2015/11/12,2.32
2015/11/13,2.28
2015/11/16,2.27
2015/11/17,2.25
2015/11/18,2.27
2015/11/19,2.24
2015/11/20,2.26
2015/11/23,2.25
2015/11/24,2.24
2015/11/25,2.23
2015/11/26,
2015/11/27,2.22
2015/11/30,2.21
2015/12/1,2.15
2015/12/2,2.18
2015/12/3,2.33
2015/12/4,2.28
2015/12/7,2.23
2015/12/8,2.24
2015/12/9,2.22
2015/12/10,2.24
2015/12/11,2.13
2015/12/14,2.23
2015/12/15,2.28
2015/12/16,2.3
2015/12/17,2.24
2015/12/18,2.19
2015/12/21,2.2
2015/12/22,2.24
2015/12/23,2.27
2015/12/24,2.25
2015/12/25,
2015/12/28,2.24
2015/12/29,2.32
2015/12/30,2.31
2015/12/31,2.27
2016/1/1,
2016/1/4,2.24
2016/1/5,2.25
2016/1/6,2.18
2016/1/7,2.16
2016/1/8,2.13
2016/1/11,2.17
2016/1/12,2.12
2016/1/13,2.08
2016/1/14,2.1
2016/1/15,2.03
2016/1/18,
2016/1/19,2.06
2016/1/20,2.01
2016/1/21,2.02
2016/1/22,2.07
2016/1/25,2.03
2016/1/26,2.01
2016/1/27,2.02
2016/1/28,2
2016/1/29,1.94
2016/2/1,1.97
2016/2/2,1.87
2016/2/3,1.88
2016/2/4,1.87
2016/2/5,1.86
2016/2/8,1.75
2016/2/9,1.74
2016/2/10,1.71
2016/2/11,1.63
2016/2/12,1.74
2016/2/15,
2016/2/16,1.78
2016/2/17,1.81
2016/2/18,1.75
2016/2/19,1.76
2016/2/22,1.77
2016/2/23,1.74
2016/2/24,1.75
2016/2/25,1.71
2016/2/26,1.76
2016/2/29,1.74
2016/3/1,1.83
2016/3/2,1.84
2016/3/3,1.83
2016/3/4,1.88
2016/3/7,1.91
2016/3/8,1.83
2016/3/9,1.9
2016/3/10,1.93
2016/3/11,1.98
2016/3/14,1.97
2016/3/15,1.97
2016/3/16,1.94
2016/3/17,1.91
2016/3/18,1.88
2016/3/21,1.92
2016/3/22,1.94
2016/3/23,1.88
2016/3/24,1.91
2016/3/25,
2016/3/28,1.89
2016/3/29,1.81
2016/3/30,1.83
2016/3/31,1.78
2016/4/1,1.79
2016/4/4,1.78
2016/4/5,1.73
2016/4/6,1.76
2016/4/7,1.7
2016/4/8,1.72
2016/4/11,1.73
2016/4/12,1.79
2016/4/13,1.77
2016/4/14,1.8
2016/4/15,1.76
2016/4/18,1.78
2016/4/19,1.79
2016/4/20,1.85
2016/4/21,1.88
2016/4/22,1.89
2016/4/25,1.91
2016/4/26,1.94
2016/4/27,1.87
2016/4/28,1.84
2016/4/29,1.83
2016/5/2,1.88
2016/5/3,1.81
2016/5/4,1.79
2016/5/5,1.76
2016/5/6,1.79
2016/5/9,1.77
2016/5/10,1.77
2016/5/11,1.73
2016/5/12,1.75
2016/5/13,1.71
2016/5/16,1.75
2016/5/17,1.76
2016/5/18,1.87
2016/5/19,1.85
2016/5/20,1.85
2016/5/23,1.84
2016/5/24,1.86
2016/5/25,1.87
2016/5/26,1.83
2016/5/27,1.85
2016/5/30,
2016/5/31,1.84
2016/6/1,1.85
2016/6/2,1.81
2016/6/3,1.71
2016/6/6,1.73
2016/6/7,1.72
2016/6/8,1.71
2016/6/9,1.68
2016/6/10,1.64
2016/6/13,1.62
2016/6/14,1.62
2016/6/15,1.6
2016/6/16,1.57
2016/6/17,1.62
2016/6/20,1.67
2016/6/21,1.71
2016/6/22,1.69
2016/6/23,1.74
2016/6/24,1.57
2016/6/27,1.46
2016/6/28,1.46
2016/6/29,1.5
2016/6/30,1.49
2016/7/1,1.46
2016/7/4,
2016/7/5,1.37
2016/7/6,1.38
2016/7/7,1.4
2016/7/8,1.37
2016/7/11,1.43
2016/7/12,1.53
2016/7/13,1.48
2016/7/14,1.53
2016/7/15,1.6
2016/7/18,1.59
2016/7/19,1.56
2016/7/20,1.59
2016/7/21,1.57
2016/7/22,1.57
2016/7/25,1.58
2016/7/26,1.57
2016/7/27,1.52
2016/7/28,1.52
2016/7/29,1.46
2016/8/1,1.51
2016/8/2,1.55
2016/8/3,1.55
2016/8/4,1.51
2016/8/5,1.59
2016/8/8,1.59
2016/8/9,1.55
2016/8/10,1.5
2016/8/11,1.57
2016/8/12,1.51
2016/8/15,1.55
2016/8/16,1.57
2016/8/17,1.56
2016/8/18,1.53
2016/8/19,1.58
2016/8/22,1.55
2016/8/23,1.55
2016/8/24,1.56
2016/8/25,1.58
2016/8/26,1.62
2016/8/29,1.57
2016/8/30,1.57
2016/8/31,1.58
2016/9/1,1.57
2016/9/2,1.6
2016/9/5,
2016/9/6,1.55
2016/9/7,1.54
2016/9/8,1.61
2016/9/9,1.67
2016/9/12,1.68
2016/9/13,1.73
2016/9/14,1.7
2016/9/15,1.71
2016/9/16,1.7
2016/9/19,1.7
2016/9/20,1.69
2016/9/21,1.66
2016/9/22,1.63
2016/9/23,1.62
2016/9/26,1.59
2016/9/27,1.56
2016/9/28,1.57
2016/9/29,1.56
2016/9/30,1.6
2016/10/3,1.63
2016/10/4,1.69
2016/10/5,1.72
2016/10/6,1.75
2016/10/7,1.73
2016/10/10,
2016/10/11,1.77
2016/10/12,1.79
2016/10/13,1.75
2016/10/14,1.8
2016/10/17,1.77
2016/10/18,1.75
2016/10/19,1.76
2016/10/20,1.76
2016/10/21,1.74
2016/10/24,1.77
2016/10/25,1.77
2016/10/26,1.79
2016/10/27,1.85
2016/10/28,1.86
2016/10/31,1.84
2016/11/1,1.83
2016/11/2,1.81
2016/11/3,1.82
2016/11/4,1.79
2016/11/7,1.83
2016/11/8,1.88
2016/11/9,2.07
2016/11/10,2.15
2016/11/11,
2016/11/14,2.23
2016/11/15,2.23
2016/11/16,2.22
2016/11/17,2.29
2016/11/18,2.34
2016/11/21,2.33
2016/11/22,2.31
2016/11/23,2.36
2016/11/24,
2016/11/25,2.36
2016/11/28,2.32
2016/11/29,2.3
2016/11/30,2.37
2016/12/1,2.45
2016/12/2,2.4
2016/12/5,2.39
2016/12/6,2.39
2016/12/7,2.34
2016/12/8,2.4
2016/12/9,2.47
2016/12/12,2.49
2016/12/13,2.48
2016/12/14,2.54
2016/12/15,2.6
2016/12/16,2.6
2016/12/19,2.54
2016/12/20,2.57
2016/12/21,2.55
2016/12/22,2.55
2016/12/23,2.55
2016/12/26,
2016/12/27,2.57
2016/12/28,2.51
2016/12/29,2.49
2016/12/30,2.45
2017/1/2,
2017/1/3,2.45
2017/1/4,2.46
2017/1/5,2.37
2017/1/6,2.42
2017/1/9,2.38
2017/1/10,2.38
2017/1/11,2.38
2017/1/12,2.36
2017/1/13,2.4
2017/1/16,
2017/1/17,2.33
2017/1/18,2.42
2017/1/19,2.47
2017/1/20,2.48
2017/1/23,2.41
2017/1/24,2.47
2017/1/25,2.53
2017/1/26,2.51
2017/1/27,2.49
2017/1/30,2.49
2017/1/31,2.45
2017/2/1,2.48
2017/2/2,2.48
2017/2/3,2.49
2017/2/6,2.42
2017/2/7,2.4
2017/2/8,2.34
2017/2/9,2.4
2017/2/10,2.41
2017/2/13,2.43
2017/2/14,2.47
2017/2/15,2.51
2017/2/16,2.45
2017/2/17,2.42
2017/2/20,
2017/2/21,2.43
2017/2/22,2.42
2017/2/23,2.38
2017/2/24,2.31
2017/2/27,2.36
2017/2/28,2.36
2017/3/1,2.46
2017/3/2,2.49
2017/3/3,2.49
2017/3/6,2.49
2017/3/7,2.52
2017/3/8,2.57
2017/3/9,2.6
2017/3/10,2.58
2017/3/13,2.62
2017/3/14,2.6
2017/3/15,2.51
2017/3/16,2.53
2017/3/17,2.5
2017/3/20,2.47
2017/3/21,2.43
2017/3/22,2.4
2017/3/23,2.41
2017/3/24,2.4
2017/3/27,2.38
2017/3/28,2.42
2017/3/29,2.39
2017/3/30,2.42
2017/3/31,2.4
2017/4/3,2.35
2017/4/4,2.36
2017/4/5,2.34
2017/4/6,2.34
2017/4/7,2.38
2017/4/10,2.37
2017/4/11,2.32
2017/4/12,2.28
2017/4/13,2.24
2017/4/14,
2017/4/17,2.26
2017/4/18,2.18
2017/4/19,2.21
2017/4/20,2.24
2017/4/21,2.24
2017/4/24,2.28
2017/4/25,2.35
2017/4/26,2.32
2017/4/27,2.3
2017/4/28,2.29
2017/5/1,2.33
2017/5/2,2.29
2017/5/3,2.33
2017/5/4,2.36
2017/5/5,2.36
2017/5/8,2.39
2017/5/9,2.42
2017/5/10,2.41
2017/5/11,2.39
2017/5/12,2.33
2017/5/15,2.34
2017/5/16,2.33
2017/5/17,2.22
2017/5/18,2.23
2017/5/19,2.23
2017/5/22,2.25
2017/5/23,2.29
2017/5/24,2.26
2017/5/25,2.25
2017/5/26,2.25
2017/5/29,
2017/5/30,2.21
2017/5/31,2.21
2017/6/1,2.21
2017/6/2,2.15
2017/6/5,2.18
2017/6/6,2.14
2017/6/7,2.18
2017/6/8,2.19
2017/6/9,2.21
2017/6/12,2.21
2017/6/13,2.21
2017/6/14,2.15
2017/6/15,2.16
2017/6/16,2.16
2017/6/19,2.19
2017/6/20,2.16
2017/6/21,2.16
2017/6/22,2.15
2017/6/23,2.15
2017/6/26,2.14
2017/6/27,2.21
2017/6/28,2.22
2017/6/29,2.27
2017/6/30,2.31
2017/7/3,2.35
2017/7/4,
2017/7/5,2.33
2017/7/6,2.37
2017/7/7,2.39
2017/7/10,2.38
2017/7/11,2.37
2017/7/12,2.33
2017/7/13,2.35
2017/7/14,2.33
2017/7/17,2.31
2017/7/18,2.27
2017/7/19,2.27
2017/7/20,2.27
2017/7/21,2.24
2017/7/24,2.26
2017/7/25,2.33
2017/7/26,2.29
2017/7/27,2.32
2017/7/28,2.3
2017/7/31,2.3
2017/8/1,2.26
2017/8/2,2.27
2017/8/3,2.24
2017/8/4,2.27
2017/8/7,2.26
2017/8/8,2.29
2017/8/9,2.24
2017/8/10,2.2
2017/8/11,2.19
2017/8/14,2.22
2017/8/15,2.27
2017/8/16,2.23
2017/8/17,2.19
2017/8/18,2.19
2017/8/21,2.18
2017/8/22,2.22
2017/8/23,2.17
2017/8/24,2.19
2017/8/25,2.17
2017/8/28,2.16
2017/8/29,2.13
2017/8/30,2.15
2017/8/31,2.12
2017/9/1,2.16
2017/9/4,
2017/9/5,2.07
2017/9/6,2.1
2017/9/7,2.05
2017/9/8,2.06
2017/9/11,2.14
2017/9/12,2.17
2017/9/13,2.2
2017/9/14,2.2
2017/9/15,2.2
2017/9/18,2.23
2017/9/19,2.24
2017/9/20,2.28
2017/9/21,2.27
2017/9/22,2.26
2017/9/25,2.22
2017/9/26,2.24
2017/9/27,2.31
2017/9/28,2.31
2017/9/29,2.33
2017/10/2,2.34
2017/10/3,2.33
2017/10/4,2.33
2017/10/5,2.35
2017/10/6,2.37
2017/10/9,
2017/10/10,2.35
2017/10/11,2.35
2017/10/12,2.33
2017/10/13,2.28
2017/10/16,2.3
2017/10/17,2.3
2017/10/18,2.34
2017/10/19,2.33
2017/10/20,2.39
2017/10/23,2.38
2017/10/24,2.42
2017/10/25,2.44
2017/10/26,2.46
2017/10/27,2.42
2017/10/30,2.37
2017/10/31,2.38
2017/11/1,2.37
2017/11/2,2.35
2017/11/3,2.34
2017/11/6,2.32
2017/11/7,2.32
2017/11/8,2.32
2017/11/9,2.33
2017/11/10,2.4
2017/11/13,2.4
2017/11/14,2.38
2017/11/15,2.33
2017/11/16,2.37
2017/11/17,2.35
2017/11/20,2.37
2017/11/21,2.36
2017/11/22,2.32
2017/11/23,
2017/11/24,2.34
2017/11/27,2.32
2017/11/28,2.34
2017/11/29,2.37
2017/11/30,2.42
2017/12/1,2.37
2017/12/4,2.37
2017/12/5,2.36
2017/12/6,2.33
2017/12/7,2.37
2017/12/8,2.38
2017/12/11,2.39
2017/12/12,2.4
2017/12/13,2.36
2017/12/14,2.35
2017/12/15,2.35
2017/12/18,2.39
2017/12/19,2.46
2017/12/20,2.49
2017/12/21,2.48
2017/12/22,2.48
2017/12/25,
2017/12/26,2.47
2017/12/27,2.42
2017/12/28,2.43
2017/12/29,2.4
2018/1/1,
2018/1/2,2.46
2018/1/3,2.44
2018/1/4,2.46
2018/1/5,2.47
2018/1/8,2.49
2018/1/9,2.55
2018/1/10,2.55
2018/1/11,2.54
2018/1/12,2.55
2018/1/15,
2018/1/16,2.54
2018/1/17,2.57
2018/1/18,2.62
2018/1/19,2.64
2018/1/22,2.66
2018/1/23,2.63
2018/1/24,2.65
2018/1/25,2.63
2018/1/26,2.66
2018/1/29,2.7
2018/1/30,2.73
2018/1/31,2.72
2018/2/1,2.78
2018/2/2,2.84
2018/2/5,2.77
2018/2/6,2.79
2018/2/7,2.84
2018/2/8,2.85
2018/2/9,2.83
2018/2/12,2.86
2018/2/13,2.83
2018/2/14,2.91
2018/2/15,2.9
2018/2/16,2.87
2018/2/19,
2018/2/20,2.88
2018/2/21,2.94
2018/2/22,2.92
2018/2/23,2.88
2018/2/26,2.86
2018/2/27,2.9
2018/2/28,2.87
2018/3/1,2.81
2018/3/2,2.86
2018/3/5,2.88
2018/3/6,2.88
2018/3/7,2.89
2018/3/8,2.86
2018/3/9,2.9
2018/3/12,2.87
2018/3/13,2.84
2018/3/14,2.81
2018/3/15,2.82
2018/3/16,2.85
2018/3/19,2.85
2018/3/20,2.89
2018/3/21,2.89
2018/3/22,2.83
2018/3/23,2.82
2018/3/26,2.85
2018/3/27,2.78
2018/3/28,2.77
2018/3/29,2.74
2018/3/30,
2018/4/2,2.73
2018/4/3,2.79
2018/4/4,2.79
2018/4/5,2.83
2018/4/6,2.77
2018/4/9,2.78
2018/4/10,2.8
2018/4/11,2.79
2018/4/12,2.83
2018/4/13,2.82
2018/4/16,2.83
2018/4/17,2.82
2018/4/18,2.87
2018/4/19,2.92
2018/4/20,2.96
2018/4/23,2.98
2018/4/24,3
2018/4/25,3.03
2018/4/26,3
2018/4/27,2.96
2018/4/30,2.95
2018/5/1,2.97
2018/5/2,2.97
2018/5/3,2.94
2018/5/4,2.95
2018/5/7,2.95
2018/5/8,2.97
2018/5/9,3
2018/5/10,2.97
2018/5/11,2.97
2018/5/14,3
2018/5/15,3.08
2018/5/16,3.09
2018/5/17,3.11
2018/5/18,3.06
2018/5/21,3.06
2018/5/22,3.06
2018/5/23,3.01
2018/5/24,2.98
2018/5/25,2.93
2018/5/28,
2018/5/29,2.77
2018/5/30,2.84
2018/5/31,2.83
2018/6/1,2.89
2018/6/4,2.94
2018/6/5,2.92
2018/6/6,2.97
2018/6/7,2.93
2018/6/8,2.93
2018/6/11,2.96
2018/6/12,2.96
2018/6/13,2.98
2018/6/14,2.94
2018/6/15,2.93
2018/6/18,2.92
2018/6/19,2.89
2018/6/20,2.93
2018/6/21,2.9
2018/6/22,2.9
2018/6/25,2.87
2018/6/26,2.88
2018/6/27,2.83
2018/6/28,2.84
2018/6/29,2.85
2018/7/2,2.87
2018/7/3,2.83
2018/7/4,
2018/7/5,2.84
2018/7/6,2.82
2018/7/9,2.86
2018/7/10,2.87
2018/7/11,2.85
2018/7/12,2.85
2018/7/13,2.83
2018/7/16,2.85
2018/7/17,2.86
2018/7/18,2.88
2018/7/19,2.84
2018/7/20,2.89
2018/7/23,2.96
2018/7/24,2.95
2018/7/25,2.94
2018/7/26,2.98
2018/7/27,2.96
2018/7/30,2.98
2018/7/31,2.96
2018/8/1,3
2018/8/2,2.98
2018/8/3,2.95
2018/8/6,2.94
2018/8/7,2.98
2018/8/8,2.96
2018/8/9,2.93
2018/8/10,2.87
2018/8/13,2.88
2018/8/14,2.89
2018/8/15,2.86
2018/8/16,2.87
2018/8/17,2.87
2018/8/20,2.82
2018/8/21,2.85
2018/8/22,2.82
2018/8/23,2.82
2018/8/24,2.82
2018/8/27,2.85
2018/8/28,2.88
2018/8/29,2.89
2018/8/30,2.86
2018/8/31,2.86
2018/9/3,
2018/9/4,2.9
2018/9/5,2.9
2018/9/6,2.88
2018/9/7,2.94
2018/9/10,2.94
2018/9/11,2.98
2018/9/12,2.97
2018/9/13,2.97
2018/9/14,2.99
2018/9/17,2.99
2018/9/18,3.05
2018/9/19,3.08
2018/9/20,3.07
2018/9/21,3.07
2018/9/24,3.08
2018/9/25,3.1
2018/9/26,3.06
2018/9/27,3.06
2018/9/28,3.05
2018/10/1,3.09
2018/10/2,3.05
2018/10/3,3.15
2018/10/4,3.19
2018/10/5,3.23
2018/10/8,
2018/10/9,3.21
2018/10/10,3.22
2018/10/11,3.14
2018/10/12,3.15
2018/10/15,3.16
2018/10/16,3.16
2018/10/17,3.19
2018/10/18,3.17
2018/10/19,3.2
2018/10/22,3.2
2018/10/23,3.17
2018/10/24,3.1
2018/10/25,3.14
2018/10/26,3.08
2018/10/29,3.08
2018/10/30,3.12
2018/10/31,3.15
2018/11/1,3.14
2018/11/2,3.22
2018/11/5,3.2
2018/11/6,3.22
2018/11/7,3.22
2018/11/8,3.24
2018/11/9,3.19
2018/11/12,
2018/11/13,3.14
2018/11/14,3.12
2018/11/15,3.11
2018/11/16,3.08
2018/11/19,3.06
2018/11/20,3.06
2018/11/21,3.06
2018/11/22,
2018/11/23,3.05
2018/11/26,3.07
2018/11/27,3.06
2018/11/28,3.06
2018/11/29,3.03
2018/11/30,3.01
2018/12/3,2.98
2018/12/4,2.91
2018/12/5,
2018/12/6,2.87
2018/12/7,2.85
2018/12/10,2.85
2018/12/11,2.89
2018/12/12,2.91
2018/12/13,2.91
2018/12/14,2.89
2018/12/17,2.86
2018/12/18,2.82
2018/12/19,2.77
2018/12/20,2.79
2018/12/21,2.79
2018/12/24,2.74
2018/12/25,
2018/12/26,2.81
2018/12/27,2.77
2018/12/28,2.72
2018/12/31,2.69
2019/1/1,
2019/1/2,2.66
2019/1/3,2.56
2019/1/4,2.67
2019/1/7,2.7
2019/1/8,2.73
2019/1/9,2.74
2019/1/10,2.74
2019/1/11,2.71
2019/1/14,2.71
2019/1/15,2.72
2019/1/16,2.73
2019/1/17,2.75
2019/1/18,2.79
2019/1/21,
2019/1/22,2.74
2019/1/23,2.76
2019/1/24,2.72
2019/1/25,2.76
2019/1/28,2.75
2019/1/29,2.72
2019/1/30,2.7
2019/1/31,2.63
2019/2/1,2.7
2019/2/4,2.73
2019/2/5,2.71
2019/2/6,2.7
2019/2/7,2.65
2019/2/8,2.63
2019/2/11,2.65
2019/2/12,2.68
2019/2/13,2.71
2019/2/14,2.66
2019/2/15,2.66
2019/2/18,
2019/2/19,2.65
2019/2/20,2.65
2019/2/21,2.69
2019/2/22,2.65
2019/2/25,2.67
2019/2/26,2.64
2019/2/27,2.69
2019/2/28,2.73
2019/3/1,2.76
2019/3/4,2.72
2019/3/5,2.72
2019/3/6,2.69
2019/3/7,2.64
2019/3/8,2.62
2019/3/11,2.64
2019/3/12,2.61
2019/3/13,2.61
2019/3/14,2.63
2019/3/15,2.59
2019/3/18,2.6
2019/3/19,2.61
2019/3/20,2.54
2019/3/21,2.54
2019/3/22,2.44
2019/3/25,2.43
2019/3/26,2.41
2019/3/27,2.39
2019/3/28,2.39
2019/3/29,2.41
2019/4/1,2.49
2019/4/2,2.48
2019/4/3,2.52
2019/4/4,2.51
2019/4/5,2.5
2019/4/8,2.52
2019/4/9,2.51
2019/4/10,2.48
2019/4/11,2.51
2019/4/12,2.56
2019/4/15,2.55
2019/4/16,2.6
2019/4/17,2.59
2019/4/18,2.57
2019/4/19,
2019/4/22,2.59
2019/4/23,2.57
2019/4/24,2.53
2019/4/25,2.54
2019/4/26,2.51
2019/4/29,2.54
2019/4/30,2.51
2019/5/1,2.52
2019/5/2,2.55
2019/5/3,2.54
2019/5/6,2.51
2019/5/7,2.45
2019/5/8,2.49
2019/5/9,2.45
2019/5/10,2.47
2019/5/13,2.4
2019/5/14,2.42
2019/5/15,2.37
2019/5/16,2.4
2019/5/17,2.39
2019/5/20,2.41
2019/5/21,2.43
2019/5/22,2.39
2019/5/23,2.31
2019/5/24,2.32
2019/5/27,
2019/5/28,2.26
2019/5/29,2.25
2019/5/30,2.22
2019/5/31,2.14
2019/6/3,2.07
2019/6/4,2.12
2019/6/5,2.12
2019/6/6,2.12
2019/6/7,2.09
2019/6/10,2.15
2019/6/11,2.15
2019/6/12,2.13
2019/6/13,2.1
2019/6/14,2.09
2019/6/17,2.09
2019/6/18,2.06
2019/6/19,2.03
2019/6/20,2.01
2019/6/21,2.07
2019/6/24,2.02
2019/6/25,2
2019/6/26,2.05
2019/6/27,2.01
2019/6/28,2
2019/7/1,2.03
2019/7/2,1.98
2019/7/3,1.96
2019/7/4,
2019/7/5,2.04
2019/7/8,2.05
2019/7/9,2.07
2019/7/10,2.07
2019/7/11,2.13
2019/7/12,2.12
2019/7/15,2.09
2019/7/16,2.13
2019/7/17,2.06
2019/7/18,2.04
2019/7/19,2.05
2019/7/22,2.05
2019/7/23,2.08
2019/7/24,2.05
2019/7/25,2.08
2019/7/26,2.08
2019/7/29,2.06
2019/7/30,2.06
2019/7/31,2.02
2019/8/1,1.9
2019/8/2,1.86
2019/8/5,1.75
2019/8/6,1.73
2019/8/7,1.71
2019/8/8,1.72
2019/8/9,1.74
2019/8/12,1.65
2019/8/13,1.68
2019/8/14,1.59
2019/8/15,1.52
2019/8/16,1.55
2019/8/19,1.6
2019/8/20,1.55
2019/8/21,1.59
2019/8/22,1.62
2019/8/23,1.52
2019/8/26,1.54
2019/8/27,1.49
2019/8/28,1.47
2019/8/29,1.5
2019/8/30,1.5
2019/9/2,
2019/9/3,1.47
2019/9/4,1.47
2019/9/5,1.57
2019/9/6,1.55
2019/9/9,1.63
2019/9/10,1.72
2019/9/11,1.75
2019/9/12,1.79
2019/9/13,1.9
2019/9/16,1.84
2019/9/17,1.81
2019/9/18,1.8
2019/9/19,1.79
2019/9/20,1.74
2019/9/23,1.72
2019/9/24,1.64
2019/9/25,1.73
2019/9/26,1.7
2019/9/27,1.69
2019/9/30,1.68
2019/10/1,1.65
2019/10/2,1.6
2019/10/3,1.54
2019/10/4,1.52
2019/10/7,1.56
2019/10/8,1.54
2019/10/9,1.59
2019/10/10,1.67
2019/10/11,1.76
2019/10/14,
2019/10/15,1.77
2019/10/16,1.75
2019/10/17,1.76
2019/10/18,1.76
2019/10/21,1.8
2019/10/22,1.78
2019/10/23,1.77
2019/10/24,1.77
2019/10/25,1.8
2019/10/28,1.85
2019/10/29,1.84
2019/10/30,1.78
2019/10/31,1.69
2019/11/1,1.73
2019/11/4,1.79
2019/11/5,1.86
2019/11/6,1.81
2019/11/7,1.92
2019/11/8,1.94
2019/11/11,
2019/11/12,1.92
2019/11/13,1.88
2019/11/14,1.82
2019/11/15,1.84
2019/11/18,1.81
2019/11/19,1.79
2019/11/20,1.73
2019/11/21,1.77
2019/11/22,1.77
2019/11/25,1.76
2019/11/26,1.74
2019/11/27,1.77
2019/11/28,
2019/11/29,1.78
2019/12/2,1.83
2019/12/3,1.72
2019/12/4,1.77
2019/12/5,1.8
2019/12/6,1.84
2019/12/9,1.83
2019/12/10,1.85
2019/12/11,1.79
2019/12/12,1.9
2019/12/13,1.82
2019/12/16,1.89
2019/12/17,1.89
2019/12/18,1.92
2019/12/19,1.92
2019/12/20,1.92
2019/12/23,1.93
2019/12/24,1.9
2019/12/25,
2019/12/26,1.9
2019/12/27,1.88
2019/12/30,1.9
2019/12/31,1.92
2020/1/1,
2020/1/2,1.88
2020/1/3,1.8
2020/1/6,1.81
2020/1/7,1.83
2020/1/8,1.87
2020/1/9,1.85
2020/1/10,1.83
2020/1/13,1.85
2020/1/14,1.82
2020/1/15,1.79
2020/1/16,1.81
2020/1/17,1.84
2020/1/20,
2020/1/21,1.78
2020/1/22,1.77
2020/1/23,1.74
2020/1/24,1.7
2020/1/27,1.61
2020/1/28,1.65
2020/1/29,1.6
2020/1/30,1.57
2020/1/31,1.51
2020/2/3,1.54
2020/2/4,1.61
2020/2/5,1.66
2020/2/6,1.65
2020/2/7,1.59
2020/2/10,1.56
2020/2/11,1.59
2020/2/12,1.62
2020/2/13,1.61
2020/2/14,1.59
2020/2/17,
2020/2/18,1.55
2020/2/19,1.56
2020/2/20,1.52
2020/2/21,1.46
2020/2/24,1.38
2020/2/25,1.33
2020/2/26,1.33
2020/2/27,1.3
2020/2/28,1.13
2020/3/2,1.1
2020/3/3,1.02
2020/3/4,1.02
2020/3/5,0.92
2020/3/6,0.74
2020/3/9,0.54
2020/3/10,0.76
2020/3/11,0.82
2020/3/12,0.88
2020/3/13,0.94
2020/3/16,0.73
2020/3/17,1.02
2020/3/18,1.18
2020/3/19,1.12
2020/3/20,0.92
2020/3/23,0.76
2020/3/24,0.84
2020/3/25,0.88
2020/3/26,0.83
2020/3/27,0.72
2020/3/30,0.7
2020/3/31,0.7
2020/4/1,0.62
2020/4/2,0.63
2020/4/3,0.62
2020/4/6,0.67
2020/4/7,0.75
2020/4/8,0.77
2020/4/9,0.73
2020/4/10,
2020/4/13,0.76
2020/4/14,0.76
2020/4/15,0.63
2020/4/16,0.61
2020/4/17,0.65
2020/4/20,0.63
2020/4/21,0.58
2020/4/22,0.63
2020/4/23,0.61
2020/4/24,0.6
2020/4/27,0.67
2020/4/28,0.62
2020/4/29,0.63
2020/4/30,0.64
2020/5/1,0.64
2020/5/4,0.64
2020/5/5,0.66
2020/5/6,0.72
2020/5/7,0.63
2020/5/8,0.69
2020/5/11,0.73
2020/5/12,0.69
2020/5/13,0.64
2020/5/14,0.63
2020/5/15,0.64
2020/5/18,0.73
2020/5/19,0.7
2020/5/20,0.68
2020/5/21,0.68
2020/5/22,0.66
2020/5/25,
2020/5/26,0.69
2020/5/27,0.68
2020/5/28,0.7
2020/5/29,0.65
2020/6/1,0.66
2020/6/2,0.68
2020/6/3,0.77
2020/6/4,0.82
2020/6/5,0.91
2020/6/8,0.88
2020/6/9,0.84
2020/6/10,0.75
2020/6/11,0.66
2020/6/12,0.71
2020/6/15,0.71
2020/6/16,0.75
2020/6/17,0.74
2020/6/18,0.71
2020/6/19,0.7
2020/6/22,0.71
2020/6/23,0.72
2020/6/24,0.69
2020/6/25,0.68
2020/6/26,0.64
2020/6/29,0.64
2020/6/30,0.66
2020/7/1,0.69
2020/7/2,0.68
2020/7/3,
2020/7/6,0.69
2020/7/7,0.65
2020/7/8,0.67
2020/7/9,0.62
2020/7/10,0.65
2020/7/13,0.64
2020/7/14,0.63
2020/7/15,0.64
2020/7/16,0.62
2020/7/17,0.64
2020/7/20,0.62
2020/7/21,0.61
2020/7/22,0.6
2020/7/23,0.59
2020/7/24,0.59
2020/7/27,0.62
2020/7/28,0.59
2020/7/29,0.58
2020/7/30,0.55
2020/7/31,0.55
2020/8/3,0.56
2020/8/4,0.52
2020/8/5,0.55
2020/8/6,0.55
2020/8/7,0.57
2020/8/10,0.59
2020/8/11,0.64
2020/8/12,0.69
2020/8/13,0.71
2020/8/14,0.71
2020/8/17,0.69
2020/8/18,0.67
2020/8/19,0.68
2020/8/20,0.65
2020/8/21,0.64
2020/8/24,0.65
2020/8/25,0.69
2020/8/26,0.69
2020/8/27,0.74
2020/8/28,0.74
2020/8/31,0.72
2020/9/1,0.68
2020/9/2,0.66
2020/9/3,0.63
2020/9/4,0.72
2020/9/7,
2020/9/8,0.69
2020/9/9,0.71
2020/9/10,0.68
2020/9/11,0.67
2020/9/14,0.68
2020/9/15,0.68
2020/9/16,0.69
2020/9/17,0.69
2020/9/18,0.7
2020/9/21,0.68
2020/9/22,0.68
2020/9/23,0.68
2020/9/24,0.67
2020/9/25,0.66
2020/9/28,0.67
2020/9/29,0.66
2020/9/30,0.69
2020/10/1,0.68
2020/10/2,0.7
2020/10/5,0.78
2020/10/6,0.76
2020/10/7,0.81
2020/10/8,0.78
2020/10/9,0.79
2020/10/12,
2020/10/13,0.74
2020/10/14,0.73
2020/10/15,0.74
2020/10/16,0.76
2020/10/19,0.78
2020/10/20,0.81
2020/10/21,0.83
2020/10/22,0.87
2020/10/23,0.85
2020/10/26,0.81
2020/10/27,0.79
2020/10/28,0.79
2020/10/29,0.85
2020/10/30,0.88
2020/11/2,0.87
2020/11/3,0.9
2020/11/4,0.78
2020/11/5,0.79
2020/11/6,0.83
2020/11/9,0.96
2020/11/10,0.98
2020/11/11,
2020/11/12,0.88
2020/11/13,0.89
2020/11/16,0.91
2020/11/17,0.87
2020/11/18,0.88
2020/11/19,0.86
2020/11/20,0.83
2020/11/23,0.86
2020/11/24,0.88
2020/11/25,0.88
2020/11/26,
2020/11/27,0.84
2020/11/30,0.84
2020/12/1,0.92
2020/12/2,0.95
2020/12/3,0.92
2020/12/4,0.97
2020/12/7,0.94
2020/12/8,0.92
2020/12/9,0.95
2020/12/10,0.92
2020/12/11,0.9
2020/12/14,0.9
2020/12/15,0.92
2020/12/16,0.92
2020/12/17,0.94
2020/12/18,0.95
2020/12/21,0.95
2020/12/22,0.93
2020/12/23,0.96
2020/12/24,0.94
2020/12/25,
2020/12/28,0.94
2020/12/29,0.94
2020/12/30,0.93
2020/12/31,0.93
2021/1/1,
2021/1/4,0.93
2021/1/5,0.96
2021/1/6,1.04
2021/1/7,1.08
2021/1/8,1.13
2021/1/11,1.15
2021/1/12,1.15
2021/1/13,1.1
2021/1/14,1.15
2021/1/15,1.11
2021/1/18,
2021/1/19,1.1
2021/1/20,1.1
2021/1/21,1.12
2021/1/22,1.1
2021/1/25,1.05
2021/1/26,1.05
2021/1/27,1.04
2021/1/28,1.07
2021/1/29,1.11
2021/2/1,1.09
2021/2/2,1.12
2021/2/3,1.15
2021/2/4,1.15
2021/2/5,1.19
2021/2/8,1.19
2021/2/9,1.18
2021/2/10,1.15
2021/2/11,1.16
2021/2/12,1.2
2021/2/15,
2021/2/16,1.3
2021/2/17,1.29
2021/2/18,1.29
2021/2/19,1.34
2021/2/22,1.37
2021/2/23,1.37
2021/2/24,1.38
2021/2/25,1.54
2021/2/26,1.44
2021/3/1,1.45
2021/3/2,1.42
2021/3/3,1.47
2021/3/4,1.54
2021/3/5,1.56
2021/3/8,1.59
2021/3/9,1.55
2021/3/10,1.53
2021/3/11,1.54
2021/3/12,1.64
2021/3/15,1.62
2021/3/16,1.62
2021/3/17,1.63
2021/3/18,1.71
2021/3/19,1.74
2021/3/22,1.69
2021/3/23,1.63
2021/3/24,1.62
2021/3/25,1.63
2021/3/26,1.67
2021/3/29,1.73
2021/3/30,1.73
2021/3/31,1.74
2021/4/1,1.69
2021/4/2,1.72
2021/4/5,1.73
2021/4/6,1.67
2021/4/7,1.68
2021/4/8,1.64
2021/4/9,1.67
2021/4/12,1.69
2021/4/13,1.64
2021/4/14,1.64
2021/4/15,1.56
2021/4/16,1.59
2021/4/19,1.61
2021/4/20,1.58
2021/4/21,1.57
2021/4/22,1.57
2021/4/23,1.58
2021/4/26,1.58
2021/4/27,1.63
2021/4/28,1.63
2021/4/29,1.65
2021/4/30,1.65
2021/5/3,1.63
2021/5/4,1.61
2021/5/5,1.59
2021/5/6,1.58
2021/5/7,1.6
2021/5/10,1.63
2021/5/11,1.64
2021/5/12,1.69
2021/5/13,1.66
2021/5/14,1.63
2021/5/17,1.64
2021/5/18,1.64
2021/5/19,1.68
2021/5/20,1.63
2021/5/21,1.63
2021/5/24,1.61
2021/5/25,1.56
2021/5/26,1.58
2021/5/27,1.61
2021/5/28,1.58
2021/5/31,
2021/6/1,1.62
2021/6/2,1.59
2021/6/3,1.63
2021/6/4,1.56
2021/6/7,1.57
2021/6/8,1.53
2021/6/9,1.5
2021/6/10,1.45
2021/6/11,1.47
2021/6/14,1.51
2021/6/15,1.51
2021/6/16,1.57
2021/6/17,1.52
2021/6/18,1.45
2021/6/21,1.5
2021/6/22,1.48
2021/6/23,1.5
2021/6/24,1.49
2021/6/25,1.54
2021/6/28,1.49
2021/6/29,1.49
2021/6/30,1.45
2021/7/1,1.48
2021/7/2,1.44
2021/7/5,
2021/7/6,1.37
2021/7/7,1.33
2021/7/8,1.3
2021/7/9,1.37
2021/7/12,1.38
2021/7/13,1.42
2021/7/14,1.37
2021/7/15,1.31
2021/7/16,1.31
2021/7/19,1.19
2021/7/20,1.23
2021/7/21,1.3
2021/7/22,1.27
2021/7/23,1.3
2021/7/26,1.29
2021/7/27,1.25
2021/7/28,1.26
2021/7/29,1.28
2021/7/30,1.24
2021/8/2,1.2
2021/8/3,1.19
2021/8/4,1.19
2021/8/5,1.23
2021/8/6,1.31
2021/8/9,1.33
2021/8/10,1.36
2021/8/11,1.35
2021/8/12,1.36
2021/8/13,1.29
2021/8/16,1.26
2021/8/17,1.26
2021/8/18,1.27
2021/8/19,1.24
2021/8/20,1.26
2021/8/23,1.25
2021/8/24,1.29
2021/8/25,1.35
2021/8/26,1.34
2021/8/27,1.31
2021/8/30,1.29
2021/8/31,1.3
2021/9/1,1.31
2021/9/2,1.29
2021/9/3,1.33
2021/9/6,
2021/9/7,1.38
2021/9/8,1.35
2021/9/9,1.3
2021/9/10,1.35
2021/9/13,1.33
2021/9/14,1.28
2021/9/15,1.31
2021/9/16,1.34
2021/9/17,1.37
2021/9/20,1.31
2021/9/21,1.33
2021/9/22,1.32
2021/9/23,1.41
2021/9/24,1.47
2021/9/27,1.48
2021/9/28,1.54
2021/9/29,1.55
2021/9/30,1.52
2021/10/1,1.48
2021/10/4,1.49
2021/10/5,1.54
2021/10/6,1.53
2021/10/7,1.58
2021/10/8,1.61
2021/10/11,
2021/10/12,1.59
2021/10/13,1.56
2021/10/14,1.52
2021/10/15,1.59
2021/10/18,1.59
2021/10/19,1.65
2021/10/20,1.65
2021/10/21,1.68
2021/10/22,1.66
2021/10/25,1.64
2021/10/26,1.63
2021/10/27,1.54
2021/10/28,1.57
2021/10/29,1.55
2021/11/1,1.58
2021/11/2,1.56
2021/11/3,1.6
2021/11/4,1.53
2021/11/5,1.45
2021/11/8,1.51
2021/11/9,1.46
2021/11/10,1.56
2021/11/11,
2021/11/12,1.58
2021/11/15,1.63
2021/11/16,1.63
2021/11/17,1.6
2021/11/18,1.59
2021/11/19,1.54
2021/11/22,1.63
2021/11/23,1.67
2021/11/24,1.64
2021/11/25,
2021/11/26,1.48
2021/11/29,1.52
2021/11/30,1.43
2021/12/1,1.43
2021/12/2,1.44
2021/12/3,1.35
2021/12/6,1.43
2021/12/7,1.48
2021/12/8,1.52
2021/12/9,1.49
2021/12/10,1.48
2021/12/13,1.42
2021/12/14,1.44
2021/12/15,1.47
2021/12/16,1.44
2021/12/17,1.41
2021/12/20,1.43
2021/12/21,1.48
2021/12/22,1.46
2021/12/23,1.5
2021/12/24,
2021/12/27,1.48
2021/12/28,1.49
2021/12/29,1.55
2021/12/30,1.52
2021/12/31,1.52
2022/1/3,1.63
2022/1/4,1.66
2022/1/5,1.71
2022/1/6,1.73
2022/1/7,1.76
2022/1/10,1.78
2022/1/11,1.75
2022/1/12,1.74
2022/1/13,1.7
2022/1/14,1.78
2022/1/17,
2022/1/18,1.87
2022/1/19,1.83
2022/1/20,1.83
2022/1/21,1.75
2022/1/24,1.75
2022/1/25,1.78
2022/1/26,1.85
2022/1/27,1.81
2022/1/28,1.78
2022/1/31,1.79
2022/2/1,1.81
2022/2/2,1.78
2022/2/3,1.82
2022/2/4,1.93
2022/2/7,1.92
2022/2/8,1.96
2022/2/9,1.94
2022/2/10,2.03
2022/2/11,1.92
2022/2/14,1.98
2022/2/15,2.05
2022/2/16,2.03
2022/2/17,1.97
2022/2/18,1.92
2022/2/21,
2022/2/22,1.94
2022/2/23,1.99
2022/2/24,1.96
2022/2/25,1.97
2022/2/28,1.83
2022/3/1,1.72
2022/3/2,1.86
2022/3/3,1.86
2022/3/4,1.74
2022/3/7,1.78
2022/3/8,1.86
2022/3/9,1.94
2022/3/10,1.98
2022/3/11,2
2022/3/14,2.14
2022/3/15,2.15
2022/3/16,2.19
2022/3/17,2.2
2022/3/18,2.14
2022/3/21,2.32
2022/3/22,2.38
2022/3/23,2.32
2022/3/24,2.34
2022/3/25,2.48
2022/3/28,2.46
2022/3/29,2.41
2022/3/30,2.35
2022/3/31,2.32
2022/4/1,2.39
2022/4/4,2.42
2022/4/5,2.54
2022/4/6,2.61
2022/4/7,2.66
2022/4/8,2.72
2022/4/11,2.79
2022/4/12,2.72
2022/4/13,2.7
2022/4/14,2.83
2022/4/15,
2022/4/18,2.85
2022/4/19,2.93
2022/4/20,2.85
2022/4/21,2.9
2022/4/22,2.9
2022/4/25,2.81
2022/4/26,2.77
2022/4/27,2.82
2022/4/28,2.85
2022/4/29,2.89
2022/5/2,2.99
2022/5/3,2.97
2022/5/4,2.93
2022/5/5,3.05
2022/5/6,3.12
2022/5/9,3.05
2022/5/10,2.99
2022/5/11,2.91
2022/5/12,2.84
2022/5/13,2.93
2022/5/16,2.88
2022/5/17,2.98
2022/5/18,2.89
2022/5/19,2.84
2022/5/20,2.78
2022/5/23,2.86
2022/5/24,2.76
2022/5/25,2.75
2022/5/26,2.75
2022/5/27,2.74
2022/5/30,
2022/5/31,2.85
2022/6/1,2.94
2022/6/2,2.92
2022/6/3,2.96
2022/6/6,3.04
2022/6/7,2.98
2022/6/8,3.03
2022/6/9,3.04
2022/6/10,3.15
2022/6/13,3.43
2022/6/14,3.49
2022/6/15,3.33
2022/6/16,3.28
2022/6/17,3.25
2022/6/20,
2022/6/21,3.31
2022/6/22,3.16
2022/6/23,3.09
2022/6/24,3.13
2022/6/27,3.2
2022/6/28,3.2
2022/6/29,3.1
2022/6/30,2.98
2022/7/1,2.88
2022/7/4,
2022/7/5,2.82
2022/7/6,2.93
2022/7/7,3.01
2022/7/8,3.09
2022/7/11,2.99
2022/7/12,2.96
2022/7/13,2.91
2022/7/14,2.96
2022/7/15,2.93
2022/7/18,2.96
2022/7/19,3.01
2022/7/20,3.04
2022/7/21,2.91
2022/7/22,2.77
2022/7/25,2.81
2022/7/26,2.81
2022/7/27,2.78
2022/7/28,2.68
2022/7/29,2.67
2022/8/1,2.6
2022/8/2,2.75
2022/8/3,2.73
2022/8/4,2.68
2022/8/5,2.83
2022/8/8,2.77
2022/8/9,2.8
2022/8/10,2.78
2022/8/11,2.87
2022/8/12,2.84
2022/8/15,2.79
2022/8/16,2.82
2022/8/17,2.89
2022/8/18,2.88
2022/8/19,2.98
2022/8/22,3.03
2022/8/23,3.05
2022/8/24,3.11
2022/8/25,3.03
2022/8/26,3.04
2022/8/29,3.12
2022/8/30,3.11
2022/8/31,3.15
2022/9/1,3.26
2022/9/2,3.2
2022/9/5,
2022/9/6,3.33
2022/9/7,3.27
2022/9/8,3.29
2022/9/9,3.33
2022/9/12,3.37
2022/9/13,3.42
2022/9/14,3.41
2022/9/15,3.45
2022/9/16,3.45
2022/9/19,3.49
2022/9/20,3.57
2022/9/21,3.51
2022/9/22,3.7
2022/9/23,3.69
2022/9/26,3.88
2022/9/27,3.97
2022/9/28,3.72
2022/9/29,3.76
2022/9/30,3.83
2022/10/3,3.67
2022/10/4,3.62
2022/10/5,3.76
2022/10/6,3.83
2022/10/7,3.89
2022/10/10,
2022/10/11,3.93
2022/10/12,3.91
2022/10/13,3.97
2022/10/14,4
2022/10/17,4.02
2022/10/18,4.01
2022/10/19,4.14
2022/10/20,4.24
2022/10/21,4.21
2022/10/24,4.25
2022/10/25,4.1
2022/10/26,4.04
2022/10/27,3.96
2022/10/28,4.02
2022/10/31,4.1
2022/11/1,4.07
2022/11/2,4.1
2022/11/3,4.14
2022/11/4,4.17
2022/11/7,4.22
2022/11/8,4.14
2022/11/9,4.12
2022/11/10,3.82
2022/11/11,
2022/11/14,3.88
2022/11/15,3.8
2022/11/16,3.67
2022/11/17,3.77
2022/11/18,3.82
2022/11/21,3.83
2022/11/22,3.76
2022/11/23,3.71
2022/11/24,
2022/11/25,3.68
2022/11/28,3.69
2022/11/29,3.75
2022/11/30,3.68
2022/12/1,3.53
2022/12/2,3.51
2022/12/5,3.6
2022/12/6,3.51
2022/12/7,3.42
2022/12/8,3.48
2022/12/9,3.57
2022/12/12,3.61
2022/12/13,3.51
2022/12/14,3.49
2022/12/15,3.44
2022/12/16,3.48
2022/12/19,3.57
2022/12/20,3.69
2022/12/21,3.68
2022/12/22,3.67
2022/12/23,3.75
2022/12/26,
2022/12/27,3.84
2022/12/28,3.88
2022/12/29,3.83
2022/12/30,3.88
2023/1/2,
2023/1/3,3.79
2023/1/4,3.69
2023/1/5,3.71
2023/1/6,3.55
2023/1/9,3.53
2023/1/10,3.61
2023/1/11,3.54
2023/1/12,3.43
2023/1/13,3.49
2023/1/16,
2023/1/17,3.53
2023/1/18,3.37
2023/1/19,3.39
2023/1/20,3.48
2023/1/23,3.52
2023/1/24,3.46
2023/1/25,3.46
2023/1/26,3.49
2023/1/27,3.52
2023/1/30,3.55
2023/1/31,3.52
2023/2/1,3.39
2023/2/2,3.4
2023/2/3,3.53
2023/2/6,3.63
2023/2/7,3.67
2023/2/8,3.63
2023/2/9,3.67
2023/2/10,3.74
2023/2/13,3.72
2023/2/14,3.77
2023/2/15,3.81
2023/2/16,3.86
2023/2/17,3.82
2023/2/20,
2023/2/21,3.95
2023/2/22,3.93
2023/2/23,3.88
2023/2/24,3.95
2023/2/27,3.92
2023/2/28,3.92
2023/3/1,4.01
2023/3/2,4.08
2023/3/3,3.97
2023/3/6,3.98
2023/3/7,3.97
2023/3/8,3.98
2023/3/9,3.93
2023/3/10,3.7
2023/3/13,3.55
2023/3/14,3.64
2023/3/15,3.51
2023/3/16,3.56
2023/3/17,3.39
2023/3/20,3.47
2023/3/21,3.59
2023/3/22,3.48
2023/3/23,3.38
2023/3/24,3.38
2023/3/27,3.53
2023/3/28,3.55
2023/3/29,3.57
2023/3/30,3.55
2023/3/31,3.48
2023/4/3,3.43
2023/4/4,3.35
2023/4/5,3.3
2023/4/6,3.3
2023/4/7,3.39
2023/4/10,3.41
2023/4/11,3.43
2023/4/12,3.41
2023/4/13,3.45
2023/4/14,3.52
2023/4/17,3.6
2023/4/18,3.58
2023/4/19,3.6
2023/4/20,3.54
2023/4/21,3.57
2023/4/24,3.52
2023/4/25,3.4
2023/4/26,3.43
2023/4/27,3.53
2023/4/28,3.44
2023/5/1,3.59
2023/5/2,3.44
2023/5/3,3.38
2023/5/4,3.37
2023/5/5,3.44
2023/5/8,3.52
2023/5/9,3.53
2023/5/10,3.43
2023/5/11,3.39
2023/5/12,3.46
2023/5/15,3.5
2023/5/16,3.54
2023/5/17,3.57
2023/5/18,3.65
2023/5/19,3.7
2023/5/22,3.72
2023/5/23,3.7
2023/5/24,3.73
2023/5/25,3.83
2023/5/26,3.8
2023/5/29,
2023/5/30,3.69
2023/5/31,3.64
2023/6/1,3.61
2023/6/2,3.69
2023/6/5,3.69
2023/6/6,3.7
2023/6/7,3.79
2023/6/8,3.73
2023/6/9,3.75
2023/6/12,3.73
2023/6/13,3.84
2023/6/14,3.83
2023/6/15,3.72
2023/6/16,3.77
2023/6/19,
2023/6/20,3.74
2023/6/21,3.72
2023/6/22,3.8
2023/6/23,3.74
2023/6/26,3.72
2023/6/27,3.77
2023/6/28,3.71
2023/6/29,3.85
2023/6/30,3.81
2023/7/3,3.86
2023/7/4,
2023/7/5,3.95
2023/7/6,4.05
2023/7/7,4.06
2023/7/10,4.01
2023/7/11,3.99
2023/7/12,3.86
2023/7/13,3.76
2023/7/14,3.83
2023/7/17,3.81
2023/7/18,3.8
2023/7/19,3.75
2023/7/20,3.85
2023/7/21,3.84
2023/7/24,3.86
2023/7/25,3.91
2023/7/26,3.86
2023/7/27,4.01
2023/7/28,3.96
2023/7/31,3.97
2023/8/1,4.05
2023/8/2,4.08
2023/8/3,4.2
2023/8/4,4.05
2023/8/7,4.09
2023/8/8,4.02
2023/8/9,4
2023/8/10,4.09
2023/8/11,4.16
2023/8/14,4.19
2023/8/15,4.21
2023/8/16,4.28
2023/8/17,4.3
2023/8/18,4.26
2023/8/21,4.34
2023/8/22,4.34
2023/8/23,4.19
2023/8/24,4.23
2023/8/25,4.25
2023/8/28,4.2
2023/8/29,4.12
2023/8/30,4.12
2023/8/31,4.09
2023/9/1,4.18
2023/9/4,
2023/9/5,4.27
2023/9/6,4.3
2023/9/7,4.27
2023/9/8,4.26
2023/9/11,4.29
2023/9/12,4.27
2023/9/13,4.25
2023/9/14,4.29
2023/9/15,4.33
2023/9/18,4.32
2023/9/19,4.37
2023/9/20,4.35
2023/9/21,4.49
2023/9/22,4.44
2023/9/25,4.55
2023/9/26,4.56
2023/9/27,4.61
2023/9/28,4.59
2023/9/29,4.59
2023/10/2,4.69
2023/10/3,4.81
2023/10/4,4.73
2023/10/5,4.72
2023/10/6,4.78
2023/10/9,
2023/10/10,4.66
2023/10/11,4.58
2023/10/12,4.7
2023/10/13,4.63
2023/10/16,4.71
2023/10/17,4.83
2023/10/18,4.91
2023/10/19,4.98
2023/10/20,4.93
2023/10/23,4.86
2023/10/24,4.83
2023/10/25,4.95
2023/10/26,4.86
2023/10/27,4.84
2023/10/30,4.88
2023/10/31,4.88
2023/11/1,4.77
2023/11/2,4.67
2023/11/3,4.57
2023/11/6,4.67
2023/11/7,4.58
2023/11/8,4.49
2023/11/9,4.62
2023/11/10,4.61
2023/11/13,4.63
2023/11/14,4.44
2023/11/15,4.53
2023/11/16,4.45
2023/11/17,4.44
2023/11/20,4.42
2023/11/21,4.41
2023/11/22,4.42
2023/11/23,
2023/11/24,4.47
2023/11/27,4.39
2023/11/28,4.34
2023/11/29,4.27
2023/11/30,4.37
2023/12/1,4.22
2023/12/4,4.28
2023/12/5,4.18
2023/12/6,4.12
2023/12/7,4.14
2023/12/8,4.23
2023/12/11,4.23
2023/12/12,4.2
2023/12/13,4.04
2023/12/14,3.92
2023/12/15,3.91
2023/12/18,3.95
2023/12/19,3.93
2023/12/20,3.86
2023/12/21,3.89
2023/12/22,3.9
2023/12/25,
2023/12/26,3.89
2023/12/27,3.79
2023/12/28,3.84
2023/12/29,3.88
2024/1/1,
2024/1/2,3.95
2024/1/3,3.91
2024/1/4,3.99
2024/1/5,4.05
2024/1/8,4.01
2024/1/9,4.02
2024/1/10,4.04
2024/1/11,3.98
2024/1/12,3.96
2024/1/15,
2024/1/16,4.07
2024/1/17,4.1
2024/1/18,4.14
2024/1/19,4.15
2024/1/22,4.11
2024/1/23,4.14
2024/1/24,4.18
2024/1/25,4.14
2024/1/26,4.15
2024/1/29,4.08
2024/1/30,4.06
2024/1/31,3.99
2024/2/1,3.87
2024/2/2,4.03
2024/2/5,4.17
2024/2/6,4.09
2024/2/7,4.09
2024/2/8,4.15
2024/2/9,4.17
2024/2/12,4.17
2024/2/13,4.31
2024/2/14,4.27
2024/2/15,4.24
2024/2/16,4.3
2024/2/19,
2024/2/20,4.27
2024/2/21,4.32
2024/2/22,4.33
2024/2/23,4.26
2024/2/26,4.28
2024/2/27,4.31
2024/2/28,4.27
2024/2/29,4.25
2024/3/1,4.19
2024/3/4,4.22
2024/3/5,4.13
2024/3/6,4.11
2024/3/7,4.09
2024/3/8,4.09
2024/3/11,4.1
2024/3/12,4.16
2024/3/13,4.19
2024/3/14,4.29
2024/3/15,4.31
2024/3/18,4.34
2024/3/19,4.3
2024/3/20,4.27
2024/3/21,4.27
2024/3/22,4.22
2024/3/25,4.25
2024/3/26,4.24
2024/3/27,4.2
2024/3/28,4.2
2024/3/29,
2024/4/1,4.33
2024/4/2,4.36
2024/4/3,4.36
2024/4/4,4.31
2024/4/5,4.39
2024/4/8,4.42
2024/4/9,4.36
2024/4/10,4.55
2024/4/11,4.56
2024/4/12,4.5
2024/4/15,4.63
2024/4/16,4.67
2024/4/17,4.59
2024/4/18,4.64
2024/4/19,4.62
2024/4/22,4.62
2024/4/23,4.61
2024/4/24,4.65
2024/4/25,4.7
2024/4/26,4.67
2024/4/29,4.63
2024/4/30,4.69
2024/5/1,4.63
2024/5/2,4.58
2024/5/3,4.5
2024/5/6,4.49
2024/5/7,4.47
2024/5/8,4.48
2024/5/9,4.45
2024/5/10,4.5
2024/5/13,4.48
2024/5/14,4.45
2024/5/15,4.36
2024/5/16,4.38
2024/5/17,4.42
2024/5/20,4.44
2024/5/21,4.41
2024/5/22,4.43
2024/5/23,4.47
2024/5/24,4.46
2024/5/27,
2024/5/28,4.54
2024/5/29,4.61
2024/5/30,4.55
2024/5/31,4.51
2024/6/3,4.41
2024/6/4,4.33
2024/6/5,4.29
2024/6/6,4.28
2024/6/7,4.43
2024/6/10,4.47
2024/6/11,4.39
2024/6/12,4.31
2024/6/13,4.24
2024/6/14,4.2
2024/6/17,4.28
2024/6/18,4.22
2024/6/19,
2024/6/20,4.25
2024/6/21,4.25
2024/6/24,4.25
2024/6/25,4.23
2024/6/26,4.32
2024/6/27,4.29
2024/6/28,4.36
2024/7/1,4.48
2024/7/2,4.43
2024/7/3,4.36
2024/7/4,
2024/7/5,4.28
2024/7/8,4.28
2024/7/9,4.3
2024/7/10,4.28
2024/7/11,4.2
2024/7/12,4.18
2024/7/15,4.23
2024/7/16,4.17
2024/7/17,4.16
2024/7/18,4.2
2024/7/19,4.25
2024/7/22,4.26
2024/7/23,4.25
2024/7/24,4.28
2024/7/25,4.27
2024/7/26,4.2
2024/7/29,4.17
2024/7/30,4.15
2024/7/31,4.09
2024/8/1,3.99
2024/8/2,3.8
2024/8/5,3.78
2024/8/6,3.9
2024/8/7,3.96
2024/8/8,3.99
2024/8/9,3.94
2024/8/12,3.9
2024/8/13,3.85
2024/8/14,3.83
2024/8/15,3.92
2024/8/16,3.89
2024/8/19,3.86
2024/8/20,3.82
2024/8/21,3.79
2024/8/22,3.86
2024/8/23,3.81
2024/8/26,3.82
2024/8/27,3.83
2024/8/28,3.84
2024/8/29,3.87
2024/8/30,3.91
2024/9/2,
2024/9/3,3.84
2024/9/4,3.77
2024/9/5,3.73
2024/9/6,3.72
2024/9/9,3.7
2024/9/10,3.65
2024/9/11,3.65
2024/9/12,3.68
2024/9/13,3.66
2024/9/16,3.63
2024/9/17,3.65
2024/9/18,3.7
2024/9/19,3.73
2024/9/20,3.73
2024/9/23,3.75
2024/9/24,3.74
2024/9/25,3.79
2024/9/26,3.79
2024/9/27,3.75
2024/9/30,3.81
2024/10/1,3.74
2024/10/2,3.79
2024/10/3,3.85
2024/10/4,3.98
2024/10/7,4.03
2024/10/8,4.04
2024/10/9,4.06
2024/10/10,4.09
2024/10/11,4.08
2024/10/14,
2024/10/15,4.03
2024/10/16,4.02
2024/10/17,4.09
2024/10/18,4.08
2024/10/21,4.19
2024/10/22,4.2
2024/10/23,4.24
2024/10/24,4.21
2024/10/25,4.25
2024/10/28,4.28
2024/10/29,4.28
2024/10/30,4.29
2024/10/31,4.28
2024/11/1,4.37
2024/11/4,4.31
2024/11/5,4.26
2024/11/6,4.42
2024/11/7,4.31
2024/11/8,4.3
2024/11/11,
2024/11/12,4.43
2024/11/13,4.44
2024/11/14,4.43
2024/11/15,4.43
2024/11/18,4.42
2024/11/19,4.39
2024/11/20,4.41
2024/11/21,4.43
2024/11/22,4.41
2024/11/25,4.27
2024/11/26,4.3
2024/11/27,4.25
2024/11/28,
2024/11/29,4.18
2024/12/2,4.19
2024/12/3,4.23
2024/12/4,4.19
2024/12/5,4.17
2024/12/6,4.15
2024/12/9,4.2
2024/12/10,4.22
2024/12/11,4.26
2024/12/12,4.32
2024/12/13,4.4
2024/12/16,4.39
2024/12/17,4.4
2024/12/18,4.5
2024/12/19,4.57
2024/12/20,4.52
2024/12/23,4.59
2024/12/24,4.59
2024/12/25,
2024/12/26,4.58
2024/12/27,4.62
2024/12/30,4.55
2024/12/31,4.58
2025/1/1,
2025/1/2,4.57
2025/1/3,4.6
2025/1/6,4.62
2025/1/7,4.67
2025/1/8,4.67
2025/1/9,4.68
2025/1/10,4.77
2025/1/13,4.79
2025/1/14,4.78
2025/1/15,4.66
2025/1/16,4.61
2025/1/17,4.61
2025/1/20,
2025/1/21,4.57
2025/1/22,4.6
2025/1/23,4.65
2025/1/24,4.63
2025/1/27,4.53
2025/1/28,4.55
2025/1/29,4.55
2025/1/30,4.52
2025/1/31,4.58
2025/2/3,4.54
2025/2/4,4.52
2025/2/5,4.43
2025/2/6,4.45
2025/2/7,4.49
2025/2/10,4.51
2025/2/11,4.54
2025/2/12,4.62
2025/2/13,4.52
2025/2/14,4.47
2025/2/17,
2025/2/18,4.55
2025/2/19,4.53
2025/2/20,4.5
2025/2/21,4.42
2025/2/24,4.4
2025/2/25,4.3
2025/2/26,4.25
2025/2/27,4.29
2025/2/28,4.24
2025/3/3,4.16
2025/3/4,4.22
2025/3/5,4.28
2025/3/6,4.29
2025/3/7,4.32
2025/3/10,4.22
2025/3/11,4.28
2025/3/12,4.32
2025/3/13,4.27
2025/3/14,4.31
2025/3/17,4.31
2025/3/18,4.29
2025/3/19,4.25
2025/3/20,4.24
2025/3/21,4.25
2025/3/24,4.34
2025/3/25,4.31
2025/3/26,4.35
2025/3/27,4.38
2025/3/28,4.27
2025/3/31,4.23
2025/4/1,4.17
2025/4/2,4.2
2025/4/3,4.06
2025/4/4,4.01
2025/4/7,4.15
2025/4/8,4.26
2025/4/9,4.34
2025/4/10,4.4
2025/4/11,4.48
2025/4/14,4.38
2025/4/15,4.35
2025/4/16,4.29
2025/4/17,4.34
2025/4/18,
2025/4/21,4.42
2025/4/22,4.41
2025/4/23,4.4
2025/4/24,4.32
2025/4/25,4.29
2025/4/28,4.23
2025/4/29,4.19
2025/4/30,4.17
2025/5/1,4.25
2025/5/2,4.33
2025/5/5,4.36
2025/5/6,4.3
2025/5/7,4.26
2025/5/8,4.37
2025/5/9,4.37
2025/5/12,4.45
2025/5/13,4.49
2025/5/14,4.53
2025/5/15,4.45
2025/5/16,4.43
2025/5/19,4.46
2025/5/20,4.48
2025/5/21,4.58
2025/5/22,4.54
2025/5/23,4.51
2025/5/26,
2025/5/27,4.43
2025/5/28,4.47
2025/5/29,4.43
2025/5/30,4.41
2025/6/2,4.46
2025/6/3,4.46
2025/6/4,4.37
2025/6/5,4.4
2025/6/6,4.51
2025/6/9,4.49
2025/6/10,4.47
2025/6/11,4.41
2025/6/12,4.36
2025/6/13,4.41
2025/6/16,4.46
2025/6/17,4.39
2025/6/18,4.38
2025/6/19,
2025/6/20,4.38
2025/6/23,4.34
2025/6/24,4.3
2025/6/25,4.29
2025/6/26,4.26
2025/6/27,4.29
2025/6/30,4.24
2025/7/1,4.26
2025/7/2,4.3
2025/7/3,4.35
2025/7/4,
2025/7/7,4.4
2025/7/8,4.42
2025/7/9,4.34
2025/7/10,4.35
2025/7/11,4.43
2025/7/14,4.43
2025/7/15,4.5
2025/7/16,4.46
2025/7/17,4.47
2025/7/18,4.44
2025/7/21,4.38
2025/7/22,4.35
2025/7/23,4.4
2025/7/24,4.43
2025/7/25,4.4
2025/7/28,4.42
2025/7/29,4.34
2025/7/30,4.38
2025/7/31,4.37
2025/8/1,4.23
2025/8/4,4.22
2025/8/5,4.22
2025/8/6,4.22
2025/8/7,4.23
2025/8/8,4.27
2025/8/11,4.27
2025/8/12,4.29
2025/8/13,4.24
2025/8/14,4.29
2025/8/15,4.33
2025/8/18,4.34
2025/8/19,4.3
2025/8/20,4.29
2025/8/21,4.33
2025/8/22,4.26
2025/8/25,4.28
2025/8/26,4.26
2025/8/27,4.24
2025/8/28,4.22
2025/8/29,4.23
2025/9/1,
2025/9/2,4.28
2025/9/3,4.22
2025/9/4,4.17
2025/9/5,4.1
2025/9/8,4.05
2025/9/9,4.08
2025/9/10,4.04
2025/9/11,4.01
2025/9/12,4.06
2025/9/15,4.05
2025/9/16,4.04
2025/9/17,4.06
2025/9/18,4.11
2025/9/19,4.14
2025/9/22,4.15
2025/9/23,4.12
2025/9/24,4.16
2025/9/25,4.18
2025/9/26,4.2
2025/9/29,4.15
2025/9/30,4.16
2025/10/1,4.12
2025/10/2,4.1
2025/10/3,4.13
2025/10/6,4.18
2025/10/7,4.14
2025/10/8,4.13
2025/10/9,4.14
2025/10/10,4.05
2025/10/13,
2025/10/14,4.03
2025/10/15,4.05
2025/10/16,3.99
2025/10/17,4.02
2025/10/20,4
2025/10/21,3.98
2025/10/22,3.97
2025/10/23,4.01
2025/10/24,4.02
2025/10/27,4.01
2025/10/28,3.99
2025/10/29,4.08
2025/10/30,4.11
2025/10/31,4.11
2025/11/3,4.13
2025/11/4,4.1
2025/11/5,4.17
2025/11/6,4.11
2025/11/7,4.11
2025/11/10,4.13
2025/11/11,
2025/11/12,4.08
2025/11/13,4.11
2025/11/14,4.14
2025/11/17,4.13
2025/11/18,4.12
2025/11/19,4.13
2025/11/20,4.1
2025/11/21,4.06
2025/11/24,4.04
2025/11/25,4.01
2025/11/26,4
2025/11/27,
2025/11/28,4.02
2025/12/1,4.09
2025/12/2,4.09
2025/12/3,4.06
2025/12/4,4.11
2025/12/5,4.14
2025/12/8,4.17
2025/12/9,4.18
2025/12/10,4.13
2025/12/11,4.14
2025/12/12,4.19
2025/12/15,4.18
2025/12/16,4.15
2025/12/17,4.16
2025/12/18,4.12
2025/12/19,4.16
2025/12/22,4.17
2025/12/23,4.18
2025/12/24,4.15
2025/12/25,
2025/12/26,4.14
2025/12/29,4.12
2025/12/30,4.14
2025/12/31,4.18
