Date_target,NewEnergy_MeanPred,CI_low,CI_high,NewEnergy_Sigma
2024-06-26,0.00033458446975570706,0.00022922559294144277,0.00043994334656997133,5.375452898686954e-05
2024-06-27,0.00022947558632490677,0.00010297958294955886,0.0003559715897002547,6.453877723232036e-05
2024-06-28,0.0004494684025500553,0.00034771189449854187,0.0005512249106015688,5.191658574056808e-05
2024-07-01,0.0003471033176442084,0.00014745778468760426,0.0005467488506008126,0.00010185996579418577
2024-07-02,-0.000396135684837468,-0.0005615432509296176,-0.00023072811874531843,8.439161535313754e-05
2024-07-03,0.0005222109255851905,0.000453123662867321,0.00059129818830306,3.5248603427484425e-05
2024-07-04,0.00022941534973392036,0.00010339604591365112,0.00035543465355418957,6.429556317360676e-05
2024-07-05,0.0002466564467188222,-0.00014358915831285394,0.0006369020517504984,0.0001991049005263654
2024-07-08,0.00019334141741095604,-0.0009156547555998292,0.0013023375904217412,0.0005658143739850945
2024-07-09,-0.0003620697894899114,-0.0013259563458271598,0.000601816766847337,0.0004917788552741063
2024-07-10,0.0001762509861944941,0.0001418515954105937,0.0002106503769783945,1.7550709583622647e-05
2024-07-11,0.00043501108260431625,0.0001791631794154547,0.0006908589857931778,0.00013053464448411304
2024-07-12,0.00024451502151043216,-5.296095158858013e-05,0.0005419909946094445,0.0001517734556627614
2024-07-15,0.00033150570749680285,0.00027995487846393474,0.00038305653652967095,2.6301443384116373e-05
2024-07-16,0.0003197265320389827,0.0002911047673042381,0.0003483482967737273,1.4602941191196222e-05
2024-07-17,0.0002908640288617994,-3.8849686956510265e-05,0.000620577744680109,0.00016822128358077025
2024-07-18,0.00020582633092580552,-6.288512763078245e-05,0.0004745377894823935,0.00013709768293703467
2024-07-19,0.00019078847033683892,0.00018527795996130234,0.0001962989807123755,2.8114848854778496e-06
2024-07-22,0.0002405632291100058,-0.0006593191415079357,0.0011404455997279473,0.0004591236584785416
2024-07-23,0.0004852078885234554,0.00035738933900031,0.0006130264380466009,6.521354567507419e-05
2024-07-24,0.000567324290448223,0.00014299349519958338,0.0009916550856968625,0.00021649530369828552
2024-07-25,0.0003312667160458946,4.6011034742643214e-05,0.000616522397349146,0.00014553861290982214
2024-07-26,0.00036715474257162237,0.0002713455492051305,0.0004629639359381142,4.8882241513516255e-05
2024-07-29,0.0004688616344815908,0.0003888182632364879,0.0005489050057266937,4.0838454716889214e-05
2024-07-30,0.0005089892421621383,0.0004755343234216207,0.0005424441609026558,1.7068836092100793e-05
2024-07-31,0.0004134875738986222,0.0003152804775927472,0.0005116946702044972,5.010566138054847e-05
2024-08-01,0.00030235959494664423,0.0001067114409329647,0.0004980077489603237,9.982048674167323e-05
2024-08-02,0.0002090347443683099,1.3120948297929477e-06,0.00041675739390682683,0.00010598094364210048
2024-08-05,0.00034384036092090545,-1.9660673683626366e-05,0.0007073413955254373,0.0001854597115329244
2024-08-06,0.0004432967541119302,-0.0008111350908837597,0.00169772859910762,0.0006400162474467805
2024-08-07,0.00026500541898146895,-0.0004098371201920862,0.000939847958155024,0.0003443074179456914
2024-08-08,0.0001625754099560468,-0.00040060077615904625,0.0007257515960711399,0.00028733478883423115
2024-08-09,-0.00023506130797082525,-0.0009080112704844258,0.00043788865454277533,0.00034334181760897986
2024-08-12,-9.736773443081708e-05,-0.0014326862442224813,0.0012379507753608472,0.0006812849539753389
2024-08-13,-0.00010562520382738957,-0.00012117646840618335,-9.007393924859579e-05,7.934318662649893e-06
2024-08-14,-0.00014781622977321445,-0.001665477724091635,0.0013698452645452062,0.0007743170889379697
2024-08-15,0.000411543496999352,-0.0003088993543839791,0.0011319863483826831,0.0003675728833588424
2024-08-16,0.0002560514126200992,1.7061935332116193e-06,0.0005103966317069868,0.00012976796892188143
2024-08-19,0.000257174427129891,0.00013874390807812526,0.00037560494618165676,6.042373421008456e-05
2024-08-20,0.00024757739029045123,-0.0004274957026925196,0.000922650483273422,0.00034442504744029126
2024-08-21,0.00015492367623454322,-0.0009493574367958757,0.001259204789264962,0.0005634087311379689
2024-08-22,5.305464557686291e-05,-0.00027093979898116854,0.0003770490901348944,0.00016530328803981197
2024-08-23,0.00016377210141700865,-0.0008945758682103806,0.001222120071044398,0.0005399734538915252
2024-08-26,1.0582022665243022e-06,-0.0004525604134295447,0.00045467681796259327,0.00023143806923268826
2024-08-27,4.782894993261747e-05,-0.0020792723573520642,0.0021749302572172994,0.0010852557690227969
2024-08-28,-0.0003151724144025842,-0.0007625478630093195,0.00013220303420415118,0.0002282527799013956
2024-08-29,-8.409892018374055e-05,-0.001613151394298924,0.001444953553931443,0.0007801288133240732
2024-08-30,0.00022101195977304323,4.3037155317691056e-05,0.0003989867642283954,9.080347166089397e-05
2024-09-02,0.000317856649175495,-0.0005827855402593302,0.0012184988386103202,0.0004595113211402169
2024-09-03,0.000524591970955112,0.000422992079167788,0.000626191862742436,5.183667948332858e-05
2024-09-04,0.00037951815327472063,0.0003259107763359417,0.00043312553021349954,2.735070251978517e-05
2024-09-05,0.00031506936354641396,0.0002489225923861681,0.0003812161347066598,3.37483526327785e-05
2024-09-06,0.0003184027739986913,0.0002074688281434942,0.00042933671985388835,5.659895196693729e-05
2024-09-09,0.00026979140315332064,1.500495291264966e-05,0.0005245778533939916,0.0001299930868574852
2024-09-10,0.0002486768379273876,-0.0002559100817751135,0.0007532637576298887,0.0002574423059706638
2024-09-11,0.00014641586132722862,4.627532595991611e-05,0.00024655639669454114,5.1092109881281894e-05
2024-09-12,0.0003199048982848393,6.417322679441381e-05,0.0005756365697752648,0.00013047534259715584
2024-09-13,0.00019401060047023448,0.00016187802167717667,0.0002261431792632923,1.6394172853600932e-05
2024-09-18,0.00035142815627239675,0.0003287783709274909,0.00037407794161730263,1.155601293107442e-05
2024-09-19,-2.849626652448546e-07,-0.0007787499777258222,0.0007781800523953325,0.00039717602809213133
2024-09-20,0.00023678291421571607,-0.000344041718606861,0.0008176075470382932,0.0002963390983788659
2024-09-23,0.00014340847089091202,4.4849338668152946e-05,0.0002419676031136711,5.028527154222402e-05
2024-09-24,0.00023366170041421767,0.0001878641317661302,0.0002794592690623052,2.3366106453105858e-05
2024-09-25,2.1265880057335566e-05,-4.6195856416491124e-05,8.872761653116226e-05,3.4419253302972805e-05
2024-09-26,0.0002888849589790948,-3.958555489249618e-05,0.0006173554728506858,0.0001675869968732607
2024-09-27,2.1268610402918817e-06,-0.002521015724722396,0.0025252694468029797,0.0012873176457972898
2024-09-30,-0.00022566370229160418,-0.007021547860147909,0.0065702204555647,0.0034672878356409717
2024-10-08,-0.0013451238459168211,-0.003880312205074007,0.001190064513240365,0.0012934634485495847
2024-10-09,-0.0008225214551097577,-0.005707732582913778,0.004062689672694263,0.0024924546570428674
2024-10-10,-0.0004926959391169653,-0.003584274545867473,0.0025988826676335425,0.0015773360238522998
2024-10-11,-5.4277410310108354e-05,-0.0035566374801088733,0.0034480826594886563,0.0017869184029585534
2024-10-14,0.0007743417666510711,-0.003448279475173831,0.0049969630084759735,0.002154398592767807
2024-10-15,0.0011001816056523377,-9.018767544769911e-05,0.0022905508867523744,0.0006073312658673658
2024-10-16,0.0007811940081664881,0.0002448861386847301,0.0013175018776482462,0.0002736264640213051
2024-10-17,0.0003166335763215959,0.00011138774876549298,0.0005218794038776988,0.00010471725895719536
2024-10-18,0.00044210493020881847,0.00015395651358328095,0.000730253346834356,0.00014701449827833547
2024-10-21,0.00021156295524826126,-7.012602001868015e-05,0.0004932519305152026,0.00014371886493211297
2024-10-22,0.00015495532963871077,-0.0010544135516584565,0.0013643242109358778,0.0006170249394373302
2024-10-23,-0.00010796549309372831,-0.0017984432982371716,0.0015825123120497147,0.0008624886760935934
2024-10-24,-0.00028713166752704334,-0.0011532521057612938,0.000578988770707207,0.0004418981827725767
2024-10-25,-2.4274149761939813e-05,-0.0005051356595233804,0.00045658735999950086,0.00024533750498032685
2024-10-28,6.041368137233732e-05,-0.0005774202426169736,0.0006982476053616482,0.00032542547142311784
2024-10-29,2.161547124738345e-05,-0.0005767547730851332,0.0006199857155799001,0.0003052909409859779
2024-10-30,2.85488348153187e-05,-6.268291355057443e-05,0.00011978058318121184,4.6546810390761805e-05
2024-10-31,4.2232383734432086e-05,-6.307484571461619e-05,0.00014753961318348036,5.372817829033075e-05
2024-11-01,0.00012377435984784385,-0.0005152311253367214,0.000762779845032409,0.000326023206726819
2024-11-04,0.00041106488687994047,8.321390894464915e-05,0.0007389158648152317,0.0001672709071098425
2024-11-05,0.000374455063255235,8.068446224783704e-05,0.000668225664262633,0.00014988295969765202
2024-11-06,0.000285261445434237,-8.105141299571652e-05,0.0006515743038641906,0.0001868943155254865
2024-11-07,0.00021614011141166622,-0.0005274387201677659,0.0009597189429910983,0.0003793769548874654
2024-11-08,0.00030755088847060993,5.9834761606369045e-05,0.0005552670153348508,0.00012638577901236781
2024-11-11,0.000312935197740739,-0.00011788192748874327,0.0007437523229702213,0.0002198046557293277
2024-11-12,0.00037441815677817183,0.0003351170561523021,0.00041371925740404155,2.0051581951974337e-05
2024-11-13,0.00046954290660394625,0.000308290520730769,0.0006307952924771234,8.227162544549859e-05
2024-11-14,0.0003135303269106124,-0.00034294771365604433,0.0009700083674772692,0.00033493777579931465
2024-11-15,0.00018209919885538273,-0.0001308427966517343,0.0004950411943624997,0.00015966428342199847
2024-11-18,0.00017187432174253957,-9.084143972580574e-05,0.0004345900832108849,0.00013403865381038027
2024-11-19,-0.0003567811169198955,-0.0006828127213948652,-3.07495124449259e-05,0.00016634265534437224
2024-11-20,0.00016417205639932122,-8.710189944130818e-05,0.0004154460122399506,0.00012820099787787216
2024-11-21,0.0001514379440569541,-0.0002005291426795214,0.0005034050307934296,0.00017957504425330384
2024-11-22,0.00036256337298410524,0.00015034041240411197,0.0005747863335640985,0.0001082770207040782
2024-11-25,0.0003266573231361819,0.00031702019497398335,0.0003362944512983804,4.916902123570661e-06
2024-11-26,0.00030113874235250846,0.0001064047348368178,0.0004958727498681991,9.935408546718911e-05
2024-11-27,0.0003463551686686246,0.00026068372499148584,0.00043202661234576336,4.370992024343816e-05
2024-11-28,0.0002923534347854223,7.459240444680518e-05,0.0005101144651240394,0.00011110256649929446
2024-11-29,0.0003192692006268065,-0.0003370657130454102,0.0009756041142990233,0.00033486475187358
2024-12-02,0.00039589488780064175,-0.0015321797981729646,0.002323969573774248,0.0009837115744763297
2024-12-03,0.0009590043716491118,0.0005263478369918054,0.0013916609063064182,0.00022074312992719717
2024-12-04,0.00031700148866295284,0.0002395029602604868,0.0003945000170654189,3.954006551146227e-05
2024-12-05,0.0003127245357337223,-0.0002463282862695191,0.0008717773577369638,0.0002852310316343068
2024-12-06,0.0002967139927181336,0.0002462504046876307,0.0003471775807486365,2.5746728586991297e-05
2024-12-09,0.00023200479011879646,-0.00023057336895439381,0.0006945829491919867,0.00023600926483326035
2024-12-10,0.0004178040917914252,-0.0007913212883704155,0.001626929471953266,0.0006169007041642045
2024-12-11,0.0011662339042236172,-0.0007044887261486981,0.0030369565345959326,0.0009544503216185283
2024-12-12,0.0003587362537114926,0.00010845389186781262,0.0006090186155551726,0.00012769508257330612
2024-12-13,0.0003795228038625993,-0.00037967241042603567,0.0011387180181512344,0.00038734449708603826
2024-12-16,0.00012329798758883989,-0.00033302487347463747,0.0005796208486523172,0.0002328177862568762
2024-12-17,0.0008368705284498195,-0.0003888172129200805,0.0020625582698197194,0.0006253508884540306
2024-12-18,0.00032472540466024313,-0.0008948775654080048,0.001544328374728491,0.0006222464133001265
2024-12-19,4.746468111195021e-05,-0.0004920174584972552,0.0005869468207211557,0.00027524598959653343
2024-12-20,-7.270784065093587e-05,-0.0010443389860364941,0.0008989233047346224,0.0004957301762171216
2024-12-23,0.0004671397362892091,-5.7723344907409846e-05,0.000992002817485828,0.0002677872863248056
2024-12-24,0.00037416163838026653,-0.00040281787703714167,0.0011511411537976747,0.00039641812011092256
2024-12-25,0.00019420185770899993,-0.0005037326132375246,0.0008921363286555244,0.0003560890157890431
2024-12-26,9.666919230589107e-06,-0.0001898031138864862,0.00020913695234766442,0.00010177042505973231
2024-12-27,4.467899523713218e-05,-0.0006577512348833413,0.0007471092253576058,0.00035838277046962937
2024-12-30,0.0005795981903633871,0.0004053635752173585,0.0007538328055094157,8.88952118091983e-05
2024-12-31,0.0002497502489739721,-0.00020766868238781253,0.0007071691803357567,0.0002333770057968289
2025-01-02,0.0003308916563753801,-0.00037585522542514884,0.001037638538175909,0.0003605851437757801
2025-01-03,0.0008207011784039204,0.0003579466698687112,0.0012834556869391295,0.0002360992390485761
2025-01-06,0.0005988898595482394,0.0003762490957113698,0.0008215306233851089,0.00011359222644738242
2025-01-07,0.0003965826851100031,5.738801011803929e-05,0.0007357773601019669,0.00017305850764896114
2025-01-08,8.894155559648737e-05,-0.0003919596324793214,0.0005698427436722961,0.0002453577490182698
2025-01-09,2.8526101753495025e-05,-0.0004457052522041078,0.0005027574557110979,0.00024195477242734838
2025-01-10,-0.00033642175056105607,-0.0013145594204854553,0.0006417159193633431,0.0004990498315940812
2025-01-13,-0.00014421803371820606,-0.00024202383372997596,-4.641223370643615e-05,4.9900918373351995e-05
2025-01-14,-0.00014866842874964982,-0.0006760804512299057,0.000378743593730606,0.0002690877665715591
2025-01-15,-6.112601240025118e-05,-0.0003465159513124417,0.00022426392651193932,0.0001456071116898931
2025-01-16,8.158170833392572e-05,-0.0006047561992245994,0.0007679196158924509,0.0003501724018155741
2025-01-17,-5.0960313994537836e-05,-0.0006508980622820177,0.0005489774342929421,0.00030609068790177544
2025-01-20,-0.00015793217554095938,-0.00026774870625726583,-4.81156448246529e-05,5.602884220219718e-05
2025-01-21,-0.00015380976722556837,-0.00018002514647735973,-0.00012759438797377702,1.3375193495811916e-05
2025-01-22,6.389344607337204e-05,-0.0005441543530143477,0.0006719412451610917,0.000310228468922306
2025-01-23,0.00018236219978873985,-0.000550004931233186,0.0009147293308106657,0.0003736566995009826
2025-01-24,1.8852044547048588e-05,-0.00036784513091353967,0.00040554922000763684,0.00019729447727581033
2025-01-27,-6.82662716415366e-05,-0.0010045349768671422,0.000868002433584069,0.0004776881149110233
2025-02-05,0.00018656487652630744,-0.00021066964725571064,0.0005837994003083255,0.0002026706753989888
2025-02-06,0.0003324342498054418,0.00022920175338784658,0.000435666746223037,5.2669641029385315e-05
2025-02-07,0.000246039537443739,-5.713711856206215e-06,0.0004977927867436842,0.0001284455353571149
2025-02-10,0.0003023379339120298,-0.00012515523523067842,0.000729831103054738,0.00021810875976668788
2025-02-11,3.645249988150702e-05,-0.00031853201087720176,0.0003914370106402158,0.00018111454630546366
2025-02-12,-1.1105082433135956e-05,-0.0003462069096212729,0.00032399674475500095,0.0001709703199939474
2025-02-13,-2.9752766115190082e-05,-8.806524336951664e-05,2.8559711139136485e-05,2.9751263905268658e-05
2025-02-14,1.5849318583431964e-05,-0.0007059467236460672,0.0007376453608129311,0.0003682632868517853
2025-02-17,-0.00011818328534313575,-0.0008507100607014566,0.0006143434900151852,0.00037373815069302087
2025-02-18,-0.0005120997607352812,-0.0009500306219963101,-7.41688994742524e-05,0.00022343411288828
2025-02-19,-0.0002577256638376876,-0.00045202307774450194,-6.342824993087328e-05,9.913133362592568e-05
2025-02-20,-5.4114186531546276e-05,-0.0006184173234985761,0.0005101889504354836,0.0002879097637586887
2025-02-21,-0.00018610472103274304,-0.0011962868586015696,0.0008240774165360836,0.0005153990497800136
2025-02-24,-0.0004683508506806163,-0.001364492697185618,0.00042779099582438535,0.00045721522780867434
2025-02-25,-0.0004039588201358011,-0.0006510785474512571,-0.00015683909282034514,0.00012608149352829386
2025-02-26,-0.0001908722648945963,-0.00038791805978164167,6.173529992449067e-06,0.0001005335688199211
2025-02-27,-2.8776684905731017e-05,-0.00040677294494181237,0.0003492195751303503,0.00019285523471228639
2025-02-28,-8.180725301014654e-05,-0.000610148894522232,0.000446534388501939,0.000269562061995962
2025-03-03,-0.00012801673800690556,-0.0002344804722470833,-2.1553003766727817e-05,5.431823175519273e-05
2025-03-04,1.380664910773029e-05,2.762261361905883e-06,2.4851036853554696e-05,5.63489170705327e-06
2025-03-05,6.906276280341308e-05,6.18751443981829e-05,7.625038120864326e-05,3.667152247566419e-06
2025-03-06,0.00012807257645810333,-0.0006091939368033843,0.000865339089719591,0.00037615638431708553
2025-03-07,-0.00013454905297114844,-0.0016745555429611499,0.0014054574370188531,0.0007857175969336743
2025-03-10,-0.00019320175424620916,-0.0005601325954875121,0.00017372908699509382,0.00018720961287821582
2025-03-11,-0.0002551315979054153,-0.001403791190621198,0.0008935279948103674,0.0005860508126100932
2025-03-12,-0.00027503277899587153,-0.0006644362808146287,0.00011437072282288572,0.0001986752560299782
2025-03-13,-0.000272365315246969,-0.0013610249574925553,0.0008162943269986172,0.0005554385929824419
2025-03-14,6.984014722197519e-05,-0.0002442556676373038,0.00038393596208125414,0.00016025296676493826
2025-03-17,0.00016703053838287385,-3.239713480926185e-05,0.0003664582115750095,0.00010174881285313046
2025-03-18,0.00021268024065785728,0.00019495504678521803,0.00023040543453049653,9.043466261550638e-06
2025-03-19,8.600365610551665e-05,-0.000661065343789066,0.0008330726560000993,0.00038115765300744014
2025-03-20,0.00020178994209617192,-0.0007540459458623304,0.001157625830054674,0.0004876713714073991
2025-03-21,0.0007746642522273051,0.000646115599937797,0.0009032129045168133,6.558604708648377e-05
2025-03-24,0.0004310616448389779,-3.9551895408124356e-05,0.0009016751850860801,0.00024010894910566442
2025-03-25,0.0002924445029476034,-0.000794325162956687,0.001379214168851894,0.0005544743193389237
2025-03-26,0.0004493831302356486,0.0002934169830938549,0.0006053492773774422,7.957456486826209e-05
2025-03-27,0.00048799795081668347,-3.463867563427951e-05,0.0010106345772676465,0.0002666513400260015
2025-03-28,0.00024014071989713156,0.0001954075912933848,0.00028487384850087833,2.282302479782999e-05
2025-03-31,0.00017803235345290484,-0.00011996654290652813,0.00047603124981233783,0.00015204025324460865
2025-04-01,0.00022272705500854848,0.0001524586411490048,0.00029299546886809213,3.5851231560991674e-05
2025-04-02,0.00023487217564879283,0.00022550074515022435,0.0002442436061473613,4.781342091106372e-06
2025-04-03,0.00032697908038684266,-0.001085854743158025,0.0017398129039317102,0.000720833583441259
2025-04-07,0.0009512077102737737,-0.001161031459099919,0.0030634468796474665,0.0010776730455988228
2025-04-08,0.0012962151807028733,-0.00025856831891774294,0.00285099868032349,0.0007932568875615389
2025-04-09,0.00015289602338749853,-0.0009543251077554665,0.0012601171545304636,0.0005649087403790638
2025-04-10,0.00025369049870158984,-0.0004943257358287997,0.0010017067332319793,0.0003816409359848926
2025-04-11,-1.0910565288210128e-06,-0.0002741808094623251,0.0002719986964046831,0.00013933150659872656
2025-04-14,7.36693322282609e-05,6.521524325509388e-05,8.212342120142792e-05,4.313310700595417e-06
2025-04-15,0.0001234775621758235,4.4563372810203525e-05,0.0002023917515414435,4.026234151307142e-05
2025-04-16,0.0001256718022453242,-0.00019936346823514102,0.0004507070727257894,0.00016583432167370675
2025-04-17,0.00020030155861060922,-0.0001927192056871276,0.000593322322908346,0.00020052079811109022
2025-04-18,1.1551588937609298e-05,-1.1411490464108024e-05,3.451466833932662e-05,1.1715856837610878e-05
2025-04-21,0.0001059535265794655,-0.000102910729316444,0.000314817782475375,0.00010656339586525995
2025-04-22,3.3945466423993e-05,-0.00031016037831542247,0.0003780513111634084,0.00017556420649970177
2025-04-23,6.238976843482649e-05,-0.00046928112163623455,0.0005940606585058875,0.00027126065819952093
2025-04-24,-1.5692696840296263e-05,-0.00024032787149210125,0.00020894247781150875,0.0001146097829856148
2025-04-25,-5.69027595329154e-06,-0.00024996799893523783,0.00023858744702865475,0.00012463149131731953
2025-04-28,6.60673399663035e-05,-8.514675727549382e-05,0.00021728143720810083,7.715004961316189e-05
2025-04-29,0.0001436645920695739,0.0001245061068937808,0.00016282307724536699,9.774737334588315e-06
2025-04-30,0.00018760523400767457,0.00012616759826561606,0.00024904286974973306,3.134573252145843e-05
2025-05-06,0.00025474760439985335,-0.00046915655039672904,0.0009786517591964358,0.00036933885448805224
2025-05-07,0.00033518073922470014,-0.00013589987253726974,0.00080626135098667,0.00024034725089896422
2025-05-08,0.00010584152293693752,-0.00040345756678345857,0.0006151406126573336,0.0002598464743471409
2025-05-09,0.0002312530663489535,-0.0006141121179253884,0.0010766182506232954,0.00043130876748690913
2025-05-12,0.0003032837224942509,8.443181934745061e-05,0.0005221356256410512,0.00011165913425857158
2025-05-13,-3.930752567250063e-05,-6.738372066861635e-05,-1.123133067638491e-05,1.4324589283732508e-05
2025-05-14,0.00011828840730110005,-0.0003566765138804299,0.00059325332848263,0.00024232904141914793
2025-05-15,0.00016750230224881363,2.611678711030458e-06,0.00033239292578659684,8.41278691519302e-05
2025-05-16,0.00018880122672761904,-0.00024411097674644335,0.0006217134302016814,0.00022087357320105225
2025-05-19,9.16597265097167e-05,-0.00017071080796609173,0.00035403026098552515,0.00013386251758969818
2025-05-20,0.00024306046688700412,-1.6044120464627583e-05,0.0005021650542386359,0.00013219621803654678
2025-05-21,0.0002761307989891861,0.00015785767875659972,0.00039440391922177247,6.034342869009509e-05
2025-05-22,0.0002399450083115873,0.000143457845730816,0.0003364321708923586,4.922814417386291e-05
2025-05-23,0.0001993218104463815,7.438454216530363e-05,0.00032425907872745937,6.374350422503974e-05
2025-05-26,0.00025777211543265494,9.362579039698453e-05,0.00042191844046832536,8.374812501819919e-05
2025-05-27,0.00023349186416350947,2.0278814170155622e-05,0.0004467049141568633,0.00010878216836395605
2025-05-28,0.0001455982823406128,2.36581882048939e-05,0.00026753837647633166,6.221433374271372e-05
2025-05-29,0.00016725558046861553,-0.0008520580843094159,0.001186569245246647,0.0005200579922336895
2025-05-30,-4.837861143315865e-05,-0.0003869126983761551,0.0002901554755098377,0.00017272147293010022
2025-06-03,8.553646079068563e-05,-0.00020243070393700764,0.0003735036255183789,0.00014692202282025167
2025-06-04,0.0002766127121115483,-1.0375752631849552e-05,0.0005636011768549462,0.00014642268609357033
2025-06-05,0.0002414889212360857,8.051639990249121e-05,0.0004024614425696802,8.212883741509923e-05
2025-06-06,0.00012469304530730304,2.794990838087868e-05,0.0002214361822337274,4.935874332980835e-05
2025-06-09,0.0002300870410731505,-1.5124231437798924e-05,0.0004752983135840999,0.00012510779209742317
2025-06-10,0.00027584818115417443,0.00023354023303929884,0.00031815612926905,2.1585687813712037e-05
2025-06-11,0.00030147734766942783,0.00023633211809380217,0.0003666225772450535,3.323736202838045e-05
2025-06-12,0.00026947939526120044,5.336496898461306e-05,0.0004855938215377878,0.00011026246238601397
2025-06-13,0.00021283883692813966,0.00012282964500806858,0.00030284802884821075,4.5923057102077096e-05
2025-06-16,0.00017848728843652254,0.0001487089172485733,0.00020826565962447178,1.5193046524463903e-05
2025-06-17,0.00020207797108152804,6.763445671993526e-05,0.0003365214854431208,6.859362977632285e-05
2025-06-18,0.00029389858080025664,0.00018064807976289344,0.00040714908183761984,5.778086787620572e-05
2025-06-19,0.00023851105423016374,0.00011435114361380775,0.00036267096484651973,6.33468931716102e-05
2025-06-20,0.00023341098434344126,0.00010966936793901607,0.00035715260074786645,6.313347775735979e-05
2025-06-23,0.0002676992131195428,-7.733970842722335e-05,0.000612738134666309,0.00017604026609528884
2025-06-24,0.0003157275812808348,-8.687237114960838e-05,0.000718327533711278,0.00020540813899512408
2025-06-25,0.00014545309521867678,2.1219943655934048e-05,0.0002696862467814195,6.338426100139935e-05
2025-06-26,0.00010577952288233178,2.4666936615983526e-05,0.00018689210914868003,4.138397258487156e-05
2025-06-27,0.0001252748111057663,-0.0004697130084467593,0.0007202626306582919,0.000303565214057411
2025-06-30,0.00012423246274577914,-6.003251663325233e-05,0.00030849744212481064,9.40127445811385e-05
2025-07-01,0.0001077678592575882,3.060821861998251e-05,0.0001849274998951939,3.936716359061515e-05
2025-07-02,0.000523685273742764,0.0004759055989303982,0.0005714649485551298,2.43773851083499e-05
2025-07-03,0.00020656190793799726,-4.4297770366460455e-05,0.000457421586242455,0.00012798963178798864
2025-07-04,0.00024364572921480287,0.00016324306026705394,0.0003240483981625518,4.102176987130047e-05
2025-07-07,0.0002635061434202169,-6.980834524811605e-05,0.0005968206320885498,0.00017005841258588416
2025-07-08,0.00028595050114429987,3.573795354435024e-05,0.0005361630487442495,0.0001276594630611988
2025-07-09,0.00022258725162155896,-0.00016377016883326352,0.0006089446720763815,0.0001971211328851135
2025-07-10,0.00012685929514171312,-0.00026609453884329293,0.0005198131291267192,0.00020048664999235006
2025-07-11,3.927172273273028e-05,-0.0003726127237337378,0.00045115616919919835,0.000210145125748198
2025-07-14,6.340607054133576e-05,2.0304945872898053e-05,0.00010650719520977346,2.199036972879475e-05
2025-07-15,3.006387225222398e-05,-1.0486315780996459e-05,7.061406028544443e-05,2.0688871445520633e-05
2025-07-16,0.0001842866342863878,-0.0001723765175217255,0.0005409497860945011,0.00018197099582046596
2025-07-17,0.00020330228449304846,0.00011379798279692176,0.00029280658618917516,4.566546004904423e-05
2025-07-18,0.0002501666348986079,4.920147282792481e-05,0.0004511317969692909,0.00010253324595443014
2025-07-21,0.0001606314731945876,-1.0782365243245648e-05,0.0003320453116324208,8.745604001930267e-05
2025-07-22,9.8961388939139e-05,-0.00047331375804273573,0.0006712365359210137,0.00029197711580707895
2025-07-23,1.1891486077170388e-06,-0.0009259163714168818,0.0009282946686323158,0.00047301302042071367
2025-07-24,-0.00013258607953421365,-0.0010601094288249574,0.00079493726975653,0.00047322619861772636
2025-07-25,-0.00026020813810539306,-0.0011730714573501694,0.0006526551811393831,0.00046574659145141644
2025-07-28,-0.0002326225591761998,-0.0014134074973613923,0.0009481623790089928,0.0006024412949924452
2025-07-29,0.00021935036625538235,-0.00036109322377572673,0.0007997939562864914,0.0002961446887913822
2025-07-30,8.779098864987269e-05,-0.00028471547922287845,0.0004602974565226239,0.0001900543203432404
2025-07-31,8.96101288600835e-05,-0.0007021898978159075,0.0008814101555360745,0.0004039796054469342
2025-08-01,0.00028772548728928945,3.593458968522258e-05,0.0005395163848933563,0.00012846474367554433
2025-08-04,0.0002414221449314538,0.00015677263315207662,0.000326071656710831,4.318852641804958e-05
2025-08-05,0.0002599922573323694,0.00010056906900684072,0.0004194154456578981,8.133836139057586e-05
2025-08-06,0.00025596092076156417,0.00020012870142411187,0.00031179314009901647,2.84858261925777e-05
2025-08-07,0.0002493438100507505,0.00012779370784979694,0.00037089391225170404,6.201535826579264e-05
2025-08-08,0.000272574346453646,4.924024131334131e-05,0.0004959084515939506,0.00011394597201035952
2025-08-11,0.00019925182693239916,-0.00034481429936299493,0.0007433179532277933,0.0002775847583139766
2025-08-12,-0.0002861042308918538,-0.0010249275149643397,0.00045271905318063223,0.00037695065513902346
2025-08-13,-1.2207415031386923e-05,-0.00015226771601189199,0.00012785288594911815,7.145933723495156e-05
2025-08-14,7.023716826979684e-05,-0.0001608157836171482,0.0003012901201567419,0.00011788415912599237
2025-08-15,2.0941887420255947e-05,-4.619643222513748e-05,8.808020706564937e-05,3.425424471703746e-05
2025-08-18,0.00010423430152128069,-0.001489873941569794,0.0016983425446123555,0.0008133205321893238
2025-08-19,-0.0007029240947847052,-0.0013567964724310508,-4.905171713835959e-05,0.00033360835594201305
2025-08-20,-9.189699544388486e-05,-0.0005484024099211103,0.00036460841903334057,0.00023291092575368646
2025-08-21,1.0969021953053913e-05,-0.0005412198780791356,0.0005631579219852435,0.00028172903062866815
2025-08-22,6.0214098761676466e-05,-9.693944678320341e-06,0.00013012214220167327,3.5667369102039185e-05
2025-08-25,6.357075273127362e-05,-0.00032508525819572513,0.0004522267636582724,0.0001982938831260198
2025-08-26,0.00034246542297063364,0.00021757434703582686,0.00046735649890544044,6.371993670143203e-05
2025-08-27,0.0002941932769149171,0.00010719220391161645,0.0004811943499182178,9.540871071596972e-05
2025-08-28,0.0002675477187933377,2.2473670109452587e-05,0.0005126217674772228,0.00012503777994075772
2025-08-29,0.00010366597719961505,-0.00023370106691882435,0.0004410330213180545,0.00017212604291757112
2025-09-01,8.096181534856865e-05,-1.1445003632835972e-05,0.00017336863432997328,4.714633621500236e-05
2025-09-02,0.00028752713257788106,-6.4857898958467866e-06,0.0005815400550516089,0.00015000659309884074
2025-09-03,0.0002120202442303624,0.00010772464781608555,0.00031631584064463925,5.321203898687595e-05
2025-09-04,0.000254207722518298,0.0001938322583567737,0.0003145831866798223,3.0803808245675665e-05
2025-09-05,8.877795901345028e-05,-0.0003539509116615517,0.0005315068296884522,0.000225882076875001
2025-09-08,-3.028116926663984e-05,-0.0001507422390522509,9.017990051897122e-05,6.145972948245462e-05
2025-09-09,7.558452961528757e-05,-0.0003839843953500207,0.0005351534545805958,0.00023447394130883076
2025-09-10,-1.8227252368314533e-05,-0.0003864330618316359,0.0003499785570950069,0.00018786010686904154
2025-09-11,-0.0001947911990907017,-0.00039770616799916477,8.123769817761393e-06,0.00010352804536146076
2025-09-12,-0.00010133702139701075,-0.0009758471140631013,0.0007731730712690798,0.00044617861870718903
2025-09-15,0.00012954530514823584,-0.0002609672133345034,0.000520057823630975,0.00019924108085854044
2025-09-16,0.00020441303692855114,-0.0004247686555983477,0.0008335947294554499,0.0003210110676157647
2025-09-17,0.00027438462786157666,0.0001411915913439395,0.0004075776643792138,6.795563087634549e-05
2025-09-18,0.0003083693976029684,-0.0002990604210969107,0.0009157992163028475,0.0003099131728060608
2025-09-19,7.972889468827908e-05,-0.00023832777170198084,0.000397785561078539,0.00016227380938278567
2025-09-22,-2.51687476709104e-06,-0.00010702557996387463,0.00010199183042969255,5.332076795754265e-05
2025-09-23,0.00024625709912274327,-0.0009118259568866564,0.0014043401551321428,0.0005908587020456121
2025-09-24,-2.3228737748788873e-05,-0.0006948632180487273,0.0006484057425511496,0.00034267065321425433
2025-09-25,-0.0001504185738087947,-0.0012561977575628802,0.0009553606099452907,0.0005641730529357578
2025-09-26,2.21054381360136e-05,-0.0002479258850918268,0.000292136761363854,0.0001377710832795104
2025-09-29,6.8951423709992e-05,-0.00030600971542868926,0.00044391256284867324,0.00019130670364218431
2025-09-30,0.00013233801961457122,0.00010137557275624647,0.00016330046647289597,1.5797166764451408e-05
2025-10-09,0.00027719814470320074,-0.0005230423686783693,0.001077438658084771,0.00040828597621508683
2025-10-10,0.00039701549142637336,0.00024310535924197392,0.0005509256236107728,7.852557764510175e-05
2025-10-13,0.0003815419959944269,-5.238496625651723e-05,0.000815468958245371,0.00022139130727088987
2025-10-14,0.000405697377137374,-0.00034804776227170955,0.0011594425165464576,0.00038456384663728755
2025-10-15,0.0002948890307459398,-8.557847481937799e-05,0.0006753565363112576,0.0001941160742680193
2025-10-16,0.00012336227845934528,-0.0001404173612858084,0.00038714191820449895,0.0001345814488495682
2025-10-17,0.00023944505753443495,-0.00017207285577927712,0.000650962970848147,0.0002099581190376082
2025-10-20,0.0003651987907218786,0.0001268611848035473,0.0006035363966402099,0.0001216008193460874
2025-10-21,-0.00016283752455513185,-0.0005302875163277109,0.0002046124672174472,0.00018747448559825461
2025-10-22,0.00025741178764699556,0.00020447957911884373,0.0003103439961751474,2.700622884089379e-05
2025-10-23,0.0002615723157543982,5.882958382136529e-05,0.00046431504768743113,0.00010344016935358823
2025-10-24,0.00020693930602248907,0.0001790311073457336,0.00023484750469924452,1.4238876875895647e-05
2025-10-27,0.00018171221739959445,-0.0003711848581334549,0.0007346092929326437,0.00028209034465971904
2025-10-28,0.00032333556440332476,-0.00029646966126761624,0.0009431407900742657,0.00031622715595456174
2025-10-29,0.000548317401637743,0.00016681401354692383,0.0009298207897285622,0.00019464458576062203
2025-10-30,0.0003286786193512619,8.502421065419998e-05,0.0005723330280483238,0.0001243134738250316
2025-10-31,0.00028226426554263644,-8.72233560006673e-05,0.0006517518870859402,0.00018851409262413458
2025-11-03,0.0004945024452545192,0.00032942852247233893,0.0006595763680366995,8.422138917458177e-05
2025-11-04,0.00031816663007778735,6.894347290422871e-05,0.000567389787251346,0.00012715467202732583
2025-11-05,0.00023321387236300333,7.230645015523859e-05,0.00039412129457076805,8.209562357539018e-05
2025-11-06,0.00024518639861160455,-0.0001548740445999651,0.0006452468418231742,0.00020411247102631105
2025-11-07,0.00012896876288963358,-0.0004261868609610097,0.0006841243867402768,0.00028324266522992004
2025-11-10,7.410476005310488e-05,-1.628028537104724e-05,0.000164489805477257,4.6114819093955164e-05
2025-11-11,0.00013129208357138766,7.848883607464204e-05,0.00018409533106813328,2.694043239629879e-05
2025-11-12,0.0002156926366728787,4.697472273746726e-05,0.00038441055060829015,8.608056833439359e-05
2025-11-13,0.00017273284643895927,0.0001212550828248643,0.00022421061005305427,2.626416510923213e-05
2025-11-14,0.00018044395382984081,6.66805005536056e-05,0.00029420740710607606,5.804257820216083e-05
2025-11-17,0.0002117015654648937,-5.495015873768845e-05,0.0004783532896674758,0.0001360467980625419
2025-11-18,0.00019466017762245438,-0.00020567989314955302,0.0005950002483944617,0.00020425513814898338
2025-11-19,0.00018445419999771085,4.298724097787202e-06,0.0003646096758976345,9.191605913261411e-05
2025-11-20,0.00012440015215153024,6.511877945342205e-06,0.0002422884263577183,6.014707867662655e-05
2025-11-21,0.00021460466924201724,-6.423088447605324e-05,0.0004934402229600877,0.00014226303761126046
2025-11-24,0.00017247076341893395,8.836651398873607e-05,0.00025657501284913185,4.29103313419377e-05
2025-11-25,0.00010500539892352913,-0.0003880676814376488,0.000598078479284707,0.0002515678981434581
2025-11-26,2.506144922005261e-05,-0.0004145867857965628,0.000464709684236668,0.00022431032398806906
2025-11-27,-5.149561859170342e-05,-0.0006205299915007106,0.0005175387543173038,0.00029032365964745265
2025-11-28,-8.354340745192923e-05,-0.00036281174455086925,0.00019572492964701078,0.00014248384545864287
2025-12-01,0.00010207842230343809,-8.332070662161494e-05,0.0002874775512284911,9.459139230870053e-05
2025-12-02,0.00022720947077958095,-0.0003109919381154198,0.0007654108796745817,0.00027459255555867387
2025-12-03,9.22228120710512e-05,4.6671309490061834e-06,0.00017977849319309624,4.46712658785944e-05
2025-12-04,9.514543914275903e-05,-0.00065725273560918,0.0008475436138946982,0.0003838766197713975
2025-12-05,-7.039476975027157e-05,-0.0006303233797595562,0.0004895338402590131,0.000285677862249635
2025-12-08,-7.349813085801168e-05,-9.845822786701161e-05,-4.8538033849011744e-05,1.2734743371938743e-05
2025-12-09,6.754849302773204e-05,1.5658344760552536e-05,0.00011943864129491155,2.6474565442438522e-05
2025-12-10,0.00016120183987749728,-0.00011333204650222791,0.00043573572625722247,0.00014006830937741082
2025-12-11,0.00014061404703084158,-0.00024105891178157374,0.0005222870058432568,0.00019473110143490577
2025-12-12,0.00022295222689543335,9.610159347704943e-05,0.0003498028603138173,6.47197109277469e-05
2025-12-15,0.0001603834578120418,-5.332920386445767e-05,0.00037409611948854127,0.00010903707228392831
2025-12-16,0.0001145989520389815,-0.0002854911395683149,0.0005146890436462778,0.0002041275977588247
2025-12-17,9.073856291422314e-05,-4.154958507056496e-05,0.00022302671089901124,6.749395305346331e-05
2025-12-18,0.0003085454002074026,0.0002887666312189368,0.0003283241691958684,1.009120866758459e-05
2025-12-19,0.00020730686224808306,-3.414398892675005e-05,0.00044875771342291616,0.00012318920978307812
2025-12-22,0.00027083341419704705,8.887435662039382e-05,0.0004527924717737003,9.28362538656394e-05
2025-12-23,0.00020361277648466814,9.182483564712262e-05,0.00031540071732221364,5.703466369262527e-05
2025-12-24,0.00027776021032308035,0.00017737376655199634,0.00037814665409416435,5.1217573352593885e-05
2025-12-25,0.00022294398564809843,2.1410988271438128e-05,0.00042447698302475873,0.00010282295784523485
2025-12-26,0.00017128538648593098,2.4008231173472432e-05,0.00031856254179838956,7.514140577166253e-05
2025-12-29,0.0002226098374633478,4.013194821145095e-05,0.00040508772671524467,9.310096390402901e-05
2025-12-30,-0.0004620486968191427,-0.00046473686560404655,-0.00045936052803423886,1.3715146861754447e-06
2025-12-31,0.00016314064998844736,9.721318894117443e-05,0.0002290681110357203,3.363645971799639e-05
2026-01-05,0.00018120227770979132,-0.00030977079218354707,0.0006721753476031298,0.0002504964642312951
2026-01-06,0.00025862615696453217,-0.00013373168182548187,0.0006509839957545463,0.00020018257081123164
2026-01-07,0.00013134097264276394,-0.00010949725282813425,0.00037217919811366213,0.00012287664564841744
2026-01-08,7.655495452934375e-05,-9.301542544225719e-05,0.00024612533450094466,8.651549998551068e-05
2026-01-09,0.000299234805850255,7.066364497662235e-05,0.0005278059667238877,0.00011661793922124116
2026-01-12,0.0002503698680523571,0.0001949739846552031,0.0003057657514495111,2.82632058148745e-05
2026-01-13,0.0004354150906144879,7.393848262254231e-05,0.0007968916986064334,0.00018442684081221715
2026-01-14,0.0003168211326720235,-0.00016024375644942455,0.0007938860217934715,0.00024340045363339187
2026-01-15,0.00028648146794755554,0.00027096109630316467,0.0003020018395919464,7.918556961423909e-06
2026-01-16,0.0002760707967513209,0.00014687410483216597,0.00040526748867047584,6.591667955058926e-05
2026-01-19,0.0003033908869730389,0.0002182106953584932,0.0003885710785875846,4.345928143599271e-05
2026-01-20,0.000323977915619427,0.00023471720872021205,0.0004132386225186419,4.554117698939538e-05
2026-01-21,0.00038413664535557663,0.00031079883374652444,0.0004574744569646288,3.7417250820945e-05
2026-01-22,0.00027164994057970267,0.00015401526957267893,0.0003892846115867264,6.001768928929783e-05
2026-01-23,0.0002476559054377103,0.00021698241452401353,0.0002783293963514071,1.564974026209019e-05
2026-01-26,0.000370729377274545,0.00028437543353187534,0.0004570833210172147,4.405813456258658e-05
2026-01-27,0.00036463517033887336,-7.237509883947465e-05,0.0008016454395172214,0.00022296442305017755
2026-01-28,0.0002464317530559091,0.00021360554646756197,0.00027925795964425624,1.67480645858914e-05
2026-01-29,0.0003361059609583842,-0.0001787571916043309,0.0008509691135210993,0.0002626852819197526
2026-01-30,0.0002400970294740323,0.00018087863152900301,0.0002993154274190616,3.0213468339300654e-05
2026-02-02,0.00029965763087173066,0.00025737933708412864,0.0003419359246593327,2.1570558054899002e-05
2026-02-03,0.00022633800696314537,-0.00010273505782415054,0.0005554110717504413,0.00016789442080984484
2026-02-04,0.00024450623802846865,-9.082145759161189e-05,0.0005798339336485492,0.00017108555898983702
2026-02-05,0.00017297706919620695,-5.150855756788964e-05,0.0003974626959603035,0.00011453348304290642
2026-02-06,0.0002321860212250481,0.0001423020444380843,0.00032206999801201187,4.5859171830083564e-05
2026-02-09,0.0003067758231061194,9.584857760027945e-05,0.0005177030686119594,0.00010761594158461223
2026-02-10,0.00034226695202306073,8.255847034859969e-05,0.0006019754336975217,0.00013250432738492912
2026-02-11,0.0003127104683369884,0.0002444931567945532,0.0003809277798794236,3.4804750786956735e-05
2026-02-12,0.00032077651587115297,0.00023666781221985916,0.0004048852195224468,4.291260390372134e-05
2026-02-13,0.0003675084388897319,0.00019172326067770333,0.0005432936171017605,8.968631541430029e-05
2026-02-24,0.0002245790930913983,-0.0007849451770698658,0.0012341033632526624,0.0005150634031435022
2026-02-25,0.0003983134285796934,-9.832665247046235e-07,0.0007976101236840914,0.00020372280362469287
2026-02-26,0.00024984025439901534,-0.0002225995710204118,0.0007222800798184425,0.00024104072725480977
2026-02-27,0.0001180984034004245,-0.00013224005440007296,0.00036843686120092197,0.00012772370295943748
2026-03-02,0.0003029605426125005,0.00013921902510437493,0.0004667020601206261,8.35415905653702e-05
2026-03-03,0.00034203493424005626,-5.10612286306528e-05,0.0007351310971107654,0.00020055926677076992
2026-03-04,0.00026302702085452653,0.00023451935009920457,0.00029153469160984847,1.4544729977205082e-05
2026-03-05,0.0002826836709939875,0.00015943322966074908,0.00040593411232722596,6.28828782312441e-05
2026-03-06,0.0002757126808728712,0.00024981084085704463,0.0003016145208886978,1.3215224497870693e-05
2026-03-09,0.00027556539126633023,0.00011658264780421194,0.00043454813472844855,8.111364462352975e-05
2026-03-10,0.00012984746475939882,2.5999442236415097e-05,0.00023369548728238254,5.2983684960705984e-05
2026-03-11,0.0002373591922131797,0.00018257944937044948,0.0002921389350559099,2.7948848389148075e-05
2026-03-12,0.00019169317469723443,-6.947601884887603e-05,0.0004528623682433449,0.0001332495885439339
2026-03-13,0.00023735827530965188,0.0001825440878762082,0.00029217246274309557,2.7966422159920258e-05
2026-03-16,0.00018284984038104016,2.6985194582269825e-05,0.0003387144861798105,7.952277846876038e-05
2026-03-17,0.00014729406865816316,9.250702493601275e-06,0.000285337434822725,7.043028885947035e-05
2026-03-18,0.00027537292732904246,1.2752990708769839e-05,0.000537992863949315,0.00013398976358177175
2026-03-19,0.0002923987073282236,0.00018880597237150385,0.0003959914422849433,5.285343620240802e-05
2026-03-20,0.0002527009421794913,0.0001382789647512054,0.0003671229196077772,5.8378559912390773e-05
2026-03-23,0.00022412140092633418,0.00016567914169799222,0.00028256366015467615,2.9817479198133664e-05
2026-03-24,0.0002604253158484364,-0.00010610377229878094,0.0006269544039956537,0.00018700463680980476
2026-03-25,0.000255039412682581,0.0002116370032728218,0.00029844182209234026,2.214408643355062e-05
2026-03-26,0.00028003637951755004,8.167528621807357e-06,0.0005519052304132927,0.00013870859739578708
2026-03-27,0.00029565110368347177,0.00025934612446561314,0.0003319560829013304,1.852294858054011e-05
2026-03-30,0.00027817086925142003,-0.00011888943002931078,0.0006752311685321508,0.00020258178534731164
2026-03-31,0.0004239189010005461,2.9575868236176857e-06,0.0008448802151774745,0.0002147761807025145
