Date_target,Lambda_t,NewEnergy_Sigma
2024-06-26,115.97952,5.375452898686954e-05
2024-06-27,115.97952,6.453877723232036e-05
2024-06-28,115.97952,5.191658574056808e-05
2024-07-01,115.97952,0.00010185996579418577
2024-07-02,115.97952,8.439161535313754e-05
2024-07-03,115.97952,3.5248603427484425e-05
2024-07-04,115.97952,6.429556317360676e-05
2024-07-05,115.97952,0.0001991049005263654
2024-07-08,115.97952,0.0005658143739850945
2024-07-09,115.97952,0.0004917788552741063
2024-07-10,115.97952,1.7550709583622647e-05
2024-07-11,115.97952,0.00013053464448411304
2024-07-12,115.97952,0.0001517734556627614
2024-07-15,115.97952,2.6301443384116373e-05
2024-07-16,115.97952,1.4602941191196222e-05
2024-07-17,115.97952,0.00016822128358077025
2024-07-18,115.97952,0.00013709768293703467
2024-07-19,115.97952,2.8114848854778496e-06
2024-07-22,115.97952,0.0004591236584785416
2024-07-23,115.97952,6.521354567507419e-05
2024-07-24,115.97952,0.00021649530369828552
2024-07-25,115.97952,0.00014553861290982214
2024-07-26,115.97952,4.8882241513516255e-05
2024-07-29,115.97952,4.0838454716889214e-05
2024-07-30,115.97952,1.7068836092100793e-05
2024-07-31,115.97952,5.010566138054847e-05
2024-08-01,115.97952,9.982048674167323e-05
2024-08-02,115.97952,0.00010598094364210048
2024-08-05,116.33095,0.0001854597115329244
2024-08-06,114.2837,0.0006400162474467805
2024-08-07,109.0589,0.0003443074179456914
2024-08-08,104.65323,0.00028733478883423115
2024-08-09,103.48813,0.00034334181760897986
2024-08-12,103.52743,0.0006812849539753389
2024-08-13,104.91942,7.934318662649893e-06
2024-08-14,106.109924,0.0007743170889379697
2024-08-15,107.44659,0.0003675728833588424
2024-08-16,109.17806,0.00012976796892188143
2024-08-19,110.05127,6.042373421008456e-05
2024-08-20,111.01066,0.00034442504744029126
2024-08-21,111.655655,0.0005634087311379689
2024-08-22,112.04397,0.00016530328803981197
2024-08-23,112.11918,0.0005399734538915252
2024-08-26,112.012276,0.00023143806923268826
2024-08-27,112.69065,0.0010852557690227969
2024-08-28,113.38585,0.0002282527799013956
2024-08-29,114.47983,0.0007801288133240732
2024-08-30,114.98584,9.080347166089397e-05
2024-09-02,114.527016,0.0004595113211402169
2024-09-03,114.527016,5.183667948332858e-05
2024-09-04,114.527016,2.735070251978517e-05
2024-09-05,114.527016,3.37483526327785e-05
2024-09-06,114.527016,5.659895196693729e-05
2024-09-09,114.527016,0.0001299930868574852
2024-09-10,114.527016,0.0002574423059706638
2024-09-11,114.527016,5.1092109881281894e-05
2024-09-12,114.527016,0.00013047534259715584
2024-09-13,114.527016,1.6394172853600932e-05
2024-09-18,114.527016,1.155601293107442e-05
2024-09-19,114.527016,0.00039717602809213133
2024-09-20,114.527016,0.0002963390983788659
2024-09-23,114.527016,5.028527154222402e-05
2024-09-24,114.527016,2.3366106453105858e-05
2024-09-25,114.527016,3.4419253302972805e-05
2024-09-26,114.527016,0.0001675869968732607
2024-09-27,114.527016,0.0012873176457972898
2024-09-30,114.527016,0.0034672878356409717
2024-10-08,114.527016,0.0012934634485495847
2024-10-09,107.584045,0.0024924546570428674
2024-10-10,107.277756,0.0015773360238522998
2024-10-11,106.44597,0.0017869184029585534
2024-10-14,106.02974,0.002154398592767807
2024-10-15,106.02974,0.0006073312658673658
2024-10-16,106.02974,0.0002736264640213051
2024-10-17,106.19827,0.00010471725895719536
2024-10-18,105.93778,0.00014701449827833547
2024-10-21,105.31121,0.00014371886493211297
2024-10-22,105.6884,0.0006170249394373302
2024-10-23,105.28189,0.0008624886760935934
2024-10-24,105.4282,0.0004418981827725767
2024-10-25,105.45505,0.00024533750498032685
2024-10-28,105.68569,0.00032542547142311784
2024-10-29,105.66666,0.0003052909409859779
2024-10-30,104.90601,4.6546810390761805e-05
2024-10-31,105.02077,5.372817829033075e-05
2024-11-01,105.030495,0.000326023206726819
2024-11-04,105.1833,0.0001672709071098425
2024-11-05,104.840805,0.00014988295969765202
2024-11-06,105.240906,0.0001868943155254865
2024-11-07,105.79085,0.0003793769548874654
2024-11-08,106.04736,0.00012638577901236781
2024-11-11,106.9011,0.0002198046557293277
2024-11-12,106.9011,2.0051581951974337e-05
2024-11-13,106.9011,8.227162544549859e-05
2024-11-14,107.34359,0.00033493777579931465
2024-11-15,106.9621,0.00015966428342199847
2024-11-18,106.93612,0.00013403865381038027
2024-11-19,106.7201,0.00016634265534437224
2024-11-20,106.21805,0.00012820099787787216
2024-11-21,106.3383,0.00017957504425330384
2024-11-22,106.20481,0.0001082770207040782
2024-11-25,106.186485,4.916902123570661e-06
2024-11-26,106.353836,9.935408546718911e-05
2024-11-27,106.640686,4.370992024343816e-05
2024-11-28,106.23035,0.00011110256649929446
2024-11-29,106.23035,0.00033486475187358
2024-12-02,106.23035,0.0009837115744763297
2024-12-03,106.23035,0.00022074312992719717
2024-12-04,106.23035,3.954006551146227e-05
2024-12-05,106.23035,0.0002852310316343068
2024-12-06,106.23035,2.5746728586991297e-05
2024-12-09,106.23035,0.00023600926483326035
2024-12-10,106.23035,0.0006169007041642045
2024-12-11,106.23035,0.0009544503216185283
2024-12-12,106.23035,0.00012769508257330612
2024-12-13,106.23035,0.00038734449708603826
2024-12-16,106.23035,0.0002328177862568762
2024-12-17,106.23035,0.0006253508884540306
2024-12-18,106.23035,0.0006222464133001265
2024-12-19,106.23035,0.00027524598959653343
2024-12-20,106.23035,0.0004957301762171216
2024-12-23,106.23035,0.0002677872863248056
2024-12-24,106.23035,0.00039641812011092256
2024-12-25,106.23035,0.0003560890157890431
2024-12-26,106.23035,0.00010177042505973231
2024-12-27,106.23035,0.00035838277046962937
2024-12-30,106.23035,8.88952118091983e-05
2024-12-31,106.16631,0.0002333770057968289
2025-01-02,106.99328,0.0003605851437757801
2025-01-03,107.26433,0.0002360992390485761
2025-01-06,107.64582,0.00011359222644738242
2025-01-07,107.86152,0.00017305850764896114
2025-01-08,108.549805,0.0002453577490182698
2025-01-09,109.01612,0.00024195477242734838
2025-01-10,109.01612,0.0004990498315940812
2025-01-13,109.01612,4.9900918373351995e-05
2025-01-14,109.01612,0.0002690877665715591
2025-01-15,109.01612,0.0001456071116898931
2025-01-16,109.01612,0.0003501724018155741
2025-01-17,109.01612,0.00030609068790177544
2025-01-20,109.01612,5.602884220219718e-05
2025-01-21,109.01612,1.3375193495811916e-05
2025-01-22,109.01612,0.000310228468922306
2025-01-23,109.01612,0.0003736566995009826
2025-01-24,109.01612,0.00019729447727581033
2025-01-27,109.01612,0.0004776881149110233
2025-02-05,109.01612,0.0002026706753989888
2025-02-06,109.01612,5.2669641029385315e-05
2025-02-07,109.01612,0.0001284455353571149
2025-02-10,109.01612,0.00021810875976668788
2025-02-11,109.01612,0.00018111454630546366
2025-02-12,109.01612,0.0001709703199939474
2025-02-13,109.01612,2.9751263905268658e-05
2025-02-14,109.01612,0.0003682632868517853
2025-02-17,109.01612,0.00037373815069302087
2025-02-18,109.01612,0.00022343411288828
2025-02-19,109.01612,9.913133362592568e-05
2025-02-20,109.01612,0.0002879097637586887
2025-02-21,109.01612,0.0005153990497800136
2025-02-24,109.01612,0.00045721522780867434
2025-02-25,109.01612,0.00012608149352829386
2025-02-26,109.01612,0.0001005335688199211
2025-02-27,109.01612,0.00019285523471228639
2025-02-28,109.01612,0.000269562061995962
2025-03-03,109.01612,5.431823175519273e-05
2025-03-04,109.01612,5.63489170705327e-06
2025-03-05,109.01612,3.667152247566419e-06
2025-03-06,109.01612,0.00037615638431708553
2025-03-07,109.01612,0.0007857175969336743
2025-03-10,109.01612,0.00018720961287821582
2025-03-11,109.01612,0.0005860508126100932
2025-03-12,109.01612,0.0001986752560299782
2025-03-13,109.01612,0.0005554385929824419
2025-03-14,109.01612,0.00016025296676493826
2025-03-17,109.01612,0.00010174881285313046
2025-03-18,109.01612,9.043466261550638e-06
2025-03-19,109.168976,0.00038115765300744014
2025-03-20,106.53519,0.0004876713714073991
2025-03-21,104.67566,6.558604708648377e-05
2025-03-24,104.1699,0.00024010894910566442
2025-03-25,104.394516,0.0005544743193389237
2025-03-26,104.74203,7.957456486826209e-05
2025-03-27,105.30426,0.0002666513400260015
2025-03-28,105.92609,2.282302479782999e-05
2025-03-31,106.31131,0.00015204025324460865
2025-04-01,106.4861,3.5851231560991674e-05
2025-04-02,106.55592,4.781342091106372e-06
2025-04-03,106.46545,0.000720833583441259
2025-04-07,105.993164,0.0010776730455988228
2025-04-08,101.414986,0.0007932568875615389
2025-04-09,94.04735,0.0005649087403790638
2025-04-10,87.318,0.0003816409359848926
2025-04-11,85.519485,0.00013933150659872656
2025-04-14,85.93963,4.313310700595417e-06
2025-04-15,85.002754,4.026234151307142e-05
2025-04-16,86.26346,0.00016583432167370675
2025-04-17,87.67599,0.00020052079811109022
2025-04-18,89.03868,1.1715856837610878e-05
2025-04-21,89.03868,0.00010656339586525995
2025-04-22,89.40216,0.00017556420649970177
2025-04-23,89.842026,0.00027126065819952093
2025-04-24,90.45883,0.0001146097829856148
2025-04-25,90.794975,0.00012463149131731953
2025-04-28,91.70549,7.715004961316189e-05
2025-04-29,92.56029,9.774737334588315e-06
2025-04-30,93.42391,3.134573252145843e-05
2025-05-06,96.60767,0.00036933885448805224
2025-05-07,93.28527,0.00024034725089896422
2025-05-08,94.11197,0.0002598464743471409
2025-05-09,94.552956,0.00043130876748690913
2025-05-12,94.75148,0.00011165913425857158
2025-05-13,95.99591,1.4324589283732508e-05
2025-05-14,96.78399,0.00024232904141914793
2025-05-15,98.1745,8.41278691519302e-05
2025-05-16,99.43777,0.00022087357320105225
2025-05-19,101.637955,0.00013386251758969818
2025-05-20,102.746925,0.00013219621803654678
2025-05-21,101.687904,6.034342869009509e-05
2025-05-22,102.39316,4.922814417386291e-05
2025-05-23,102.51954,6.374350422503974e-05
2025-05-26,103.77918,8.374812501819919e-05
2025-05-27,103.77918,0.00010878216836395605
2025-05-28,103.50086,6.221433374271372e-05
2025-05-29,105.55143,0.0005200579922336895
2025-05-30,105.39961,0.00017272147293010022
2025-06-03,105.561646,0.00014692202282025167
2025-06-04,104.87299,0.00014642268609357033
2025-06-05,106.07721,8.212883741509923e-05
2025-06-06,106.56902,4.935874332980835e-05
2025-06-09,106.80307,0.00012510779209742317
2025-06-10,106.83188,2.1585687813712037e-05
2025-06-11,106.90061,3.323736202838045e-05
2025-06-12,107.076775,0.00011026246238601397
2025-06-13,107.380516,4.5923057102077096e-05
2025-06-16,107.37903,1.5193046524463903e-05
2025-06-17,106.594925,6.859362977632285e-05
2025-06-18,106.56263,5.778086787620572e-05
2025-06-19,106.164955,6.33468931716102e-05
2025-06-20,106.164955,6.313347775735979e-05
2025-06-23,106.164955,0.00017604026609528884
2025-06-24,106.164955,0.00020540813899512408
2025-06-25,106.164955,6.338426100139935e-05
2025-06-26,106.164955,4.138397258487156e-05
2025-06-27,106.164955,0.000303565214057411
2025-06-30,106.164955,9.40127445811385e-05
2025-07-01,106.164955,3.936716359061515e-05
2025-07-02,106.164955,2.43773851083499e-05
2025-07-03,106.164955,0.00012798963178798864
2025-07-04,106.164955,4.102176987130047e-05
2025-07-07,106.164955,0.00017005841258588416
2025-07-08,106.164955,0.0001276594630611988
2025-07-09,106.164955,0.0001971211328851135
2025-07-10,106.164955,0.00020048664999235006
2025-07-11,106.164955,0.000210145125748198
2025-07-14,106.164955,2.199036972879475e-05
2025-07-15,106.164955,2.0688871445520633e-05
2025-07-16,106.164955,0.00018197099582046596
2025-07-17,106.164955,4.566546004904423e-05
2025-07-18,106.164955,0.00010253324595443014
2025-07-21,106.164955,8.745604001930267e-05
2025-07-22,106.164955,0.00029197711580707895
2025-07-23,106.164955,0.00047301302042071367
2025-07-24,106.164955,0.00047322619861772636
2025-07-25,106.164955,0.00046574659145141644
2025-07-28,106.164955,0.0006024412949924452
2025-07-29,106.164955,0.0002961446887913822
2025-07-30,106.164955,0.0001900543203432404
2025-07-31,106.164955,0.0004039796054469342
2025-08-01,106.164955,0.00012846474367554433
2025-08-04,106.164955,4.318852641804958e-05
2025-08-05,105.102295,8.133836139057586e-05
2025-08-06,106.65943,2.84858261925777e-05
2025-08-07,107.84518,6.201535826579264e-05
2025-08-08,108.43584,0.00011394597201035952
2025-08-11,108.85606,0.0002775847583139766
2025-08-12,109.63085,0.00037695065513902346
2025-08-13,110.18219,7.145933723495156e-05
2025-08-14,110.817245,0.00011788415912599237
2025-08-15,111.24167,3.425424471703746e-05
2025-08-18,111.50569,0.0008133205321893238
2025-08-19,111.37526,0.00033360835594201305
2025-08-20,111.60789,0.00023291092575368646
2025-08-21,112.087265,0.00028172903062866815
2025-08-22,111.86345,3.5667369102039185e-05
2025-08-25,111.73075,0.0001982938831260198
2025-08-26,112.320145,6.371993670143203e-05
2025-08-27,113.117836,9.540871071596972e-05
2025-08-28,113.7009,0.00012503777994075772
2025-08-29,114.114876,0.00017212604291757112
2025-09-01,114.28679,4.714633621500236e-05
2025-09-02,114.28679,0.00015000659309884074
2025-09-03,114.28679,5.321203898687595e-05
2025-09-04,114.28679,3.0803808245675665e-05
2025-09-05,114.28679,0.000225882076875001
2025-09-08,114.28679,6.145972948245462e-05
2025-09-09,114.28679,0.00023447394130883076
2025-09-10,114.28679,0.00018786010686904154
2025-09-11,114.28679,0.00010352804536146076
2025-09-12,114.28679,0.00044617861870718903
2025-09-15,114.28679,0.00019924108085854044
2025-09-16,114.28679,0.0003210110676157647
2025-09-17,114.28679,6.795563087634549e-05
2025-09-18,114.28679,0.0003099131728060608
2025-09-19,114.28679,0.00016227380938278567
2025-09-22,114.28679,5.332076795754265e-05
2025-09-23,114.28679,0.0005908587020456121
2025-09-24,114.28679,0.00034267065321425433
2025-09-25,114.28679,0.0005641730529357578
2025-09-26,114.28679,0.0001377710832795104
2025-09-29,114.28679,0.00019130670364218431
2025-09-30,114.28679,1.5797166764451408e-05
2025-10-09,114.43759,0.00040828597621508683
2025-10-10,114.137825,7.852557764510175e-05
2025-10-13,114.32197,0.00022139130727088987
2025-10-14,114.32197,0.00038456384663728755
2025-10-15,114.32197,0.0001941160742680193
2025-10-16,113.59046,0.0001345814488495682
2025-10-17,109.009346,0.0002099581190376082
2025-10-20,106.876205,0.0001216008193460874
2025-10-21,105.289856,0.00018747448559825461
2025-10-22,105.0978,2.700622884089379e-05
2025-10-23,104.86337,0.00010344016935358823
2025-10-24,104.84204,1.4238876875895647e-05
2025-10-27,105.410576,0.00028209034465971904
2025-10-28,107.02559,0.00031622715595456174
2025-10-29,108.25435,0.00019464458576062203
2025-10-30,108.976906,0.0001243134738250316
2025-10-31,108.42781,0.00018851409262413458
2025-11-03,108.103096,8.422138917458177e-05
2025-11-04,108.03538,0.00012715467202732583
2025-11-05,107.946,8.209562357539018e-05
2025-11-06,108.31735,0.00020411247102631105
2025-11-07,107.90639,0.00028324266522992004
2025-11-10,107.759834,4.6114819093955164e-05
2025-11-11,107.564545,2.694043239629879e-05
2025-11-12,107.564545,8.608056833439359e-05
2025-11-13,107.564545,2.626416510923213e-05
2025-11-14,107.593315,5.804257820216083e-05
2025-11-17,107.129295,0.0001360467980625419
2025-11-18,106.120735,0.00020425513814898338
2025-11-19,105.83,9.191605913261411e-05
2025-11-20,105.564865,6.014707867662655e-05
2025-11-21,105.034195,0.00014226303761126046
2025-11-24,103.79128,4.29103313419377e-05
2025-11-25,102.36336,0.0002515678981434581
2025-11-26,101.51311,0.00022431032398806906
2025-11-27,101.76932,0.00029032365964745265
2025-11-28,101.76932,0.00014248384545864287
2025-12-01,101.76932,9.459139230870053e-05
2025-12-02,101.76932,0.00027459255555867387
2025-12-03,101.76932,4.46712658785944e-05
2025-12-04,101.76932,0.0003838766197713975
2025-12-05,101.76932,0.000285677862249635
2025-12-08,101.76932,1.2734743371938743e-05
2025-12-09,101.76932,2.6474565442438522e-05
2025-12-10,101.76932,0.00014006830937741082
2025-12-11,101.76932,0.00019473110143490577
2025-12-12,101.76932,6.47197109277469e-05
2025-12-15,101.76932,0.00010903707228392831
2025-12-16,101.76932,0.0002041275977588247
2025-12-17,101.76932,6.749395305346331e-05
2025-12-18,101.76932,1.009120866758459e-05
2025-12-19,101.76932,0.00012318920978307812
2025-12-22,101.76932,9.28362538656394e-05
2025-12-23,101.76932,5.703466369262527e-05
2025-12-24,101.76932,5.1217573352593885e-05
2025-12-25,101.76932,0.00010282295784523485
2025-12-26,101.76932,7.514140577166253e-05
2025-12-29,101.76932,9.310096390402901e-05
2025-12-30,102.31222,1.3715146861754447e-06
2025-12-31,104.311516,3.363645971799639e-05
2026-01-05,104.311516,0.0002504964642312951
2026-01-06,104.311516,0.00020018257081123164
2026-01-07,104.311516,0.00012287664564841744
2026-01-08,104.311516,8.651549998551068e-05
2026-01-09,104.311516,0.00011661793922124116
2026-01-12,104.311516,2.82632058148745e-05
2026-01-13,104.311516,0.00018442684081221715
2026-01-14,104.311516,0.00024340045363339187
2026-01-15,104.311516,7.918556961423909e-06
2026-01-16,104.311516,6.591667955058926e-05
2026-01-19,104.311516,4.345928143599271e-05
2026-01-20,104.311516,4.554117698939538e-05
2026-01-21,104.311516,3.7417250820945e-05
2026-01-22,104.311516,6.001768928929783e-05
2026-01-23,104.311516,1.564974026209019e-05
2026-01-26,104.311516,4.405813456258658e-05
2026-01-27,104.311516,0.00022296442305017755
2026-01-28,104.311516,1.67480645858914e-05
2026-01-29,104.311516,0.0002626852819197526
2026-01-30,104.311516,3.0213468339300654e-05
2026-02-02,104.311516,2.1570558054899002e-05
2026-02-03,104.311516,0.00016789442080984484
2026-02-04,104.311516,0.00017108555898983702
2026-02-05,104.311516,0.00011453348304290642
2026-02-06,104.311516,4.5859171830083564e-05
2026-02-09,104.311516,0.00010761594158461223
2026-02-10,104.311516,0.00013250432738492912
2026-02-11,104.311516,3.4804750786956735e-05
2026-02-12,104.311516,4.291260390372134e-05
2026-02-13,104.311516,8.968631541430029e-05
2026-02-24,104.311516,0.0005150634031435022
2026-02-25,104.311516,0.00020372280362469287
2026-02-26,104.311516,0.00024104072725480977
2026-02-27,104.311516,0.00012772370295943748
2026-03-02,104.311516,8.35415905653702e-05
2026-03-03,104.311516,0.00020055926677076992
2026-03-04,104.311516,1.4544729977205082e-05
2026-03-05,104.311516,6.28828782312441e-05
2026-03-06,104.311516,1.3215224497870693e-05
2026-03-09,104.311516,8.111364462352975e-05
2026-03-10,104.311516,5.2983684960705984e-05
2026-03-11,104.311516,2.7948848389148075e-05
2026-03-12,104.311516,0.0001332495885439339
2026-03-13,104.311516,2.7966422159920258e-05
2026-03-16,104.311516,7.952277846876038e-05
2026-03-17,104.311516,7.043028885947035e-05
2026-03-18,104.311516,0.00013398976358177175
2026-03-19,104.311516,5.285343620240802e-05
2026-03-20,104.311516,5.8378559912390773e-05
2026-03-23,104.311516,2.9817479198133664e-05
2026-03-24,104.311516,0.00018700463680980476
2026-03-25,104.311516,2.214408643355062e-05
2026-03-26,104.311516,0.00013870859739578708
2026-03-27,104.311516,1.852294858054011e-05
2026-03-30,104.311516,0.00020258178534731164
2026-03-31,104.311516,0.0002147761807025145
