y_true,y_pred
0.0030192159511895915,0.00441088179880584
0.0014319089263316914,0.003197296284551553
0.00030921088552920343,-0.0014709292764067395
-0.000647058749687654,-0.0023524690301156104
-0.0017788706907761387,-0.002057281233182855
-0.001371172094013308,-0.0016815924945945274
-0.0006330156887677783,-0.0018631626037781644
-0.003102730075013487,-0.0016234995045069664
-0.003490845655010667,-0.0002209632759634273
-0.0026497023881937483,-0.0027620859975567985
-0.003006862416248849,-0.003955299632778439
-0.0026784469037528383,-0.004641538782778239
-0.003925868213710435,-0.004360744703378173
-0.005892740110850236,-0.0027807094847937036
-0.0069718000257435,-0.0009109904941953333
-0.007347155090930105,-0.0005626614145363455
-0.007726012583138921,-0.003730888032089454
-0.008325251197090648,-0.005873500088416809
-0.008570338209526775,-0.006932576002328011
-0.008747470161556636,-0.006295213536409184
-0.008316189237988242,-0.004215962794701722
-0.006949932589054172,-0.0023624290550203876
-0.006197661978587688,-0.002498139024176996
-0.005677675607254033,-0.0031209429927393415
-0.005085728694049377,-0.004532445279769716
-0.004635286089100759,-0.005146018842391637
-0.004417279227938335,-0.004563236168120538
-0.0038421691946416135,-0.0028990472832297145
-0.0026122859175806406,-0.0011730539689506904
-0.0022575279688352608,-0.001622482204802992
-0.0022718834642157194,-0.001691618178892693
-0.00222607379218855,-0.0025859902402969267
-0.0020164321444036313,-0.0027762720041238646
-0.0018225351613778014,-0.0022911791430890605
-0.0014812632477318331,-0.0006629886519637972
-0.000628295592540881,0.0004678331180067584
-0.0009613019350604368,-0.0002852705225251695
-0.0013414756572392497,-0.0008149370098477964
-0.001002330506511653,-0.0013695439126012194
-0.0013084586947740126,-0.001285601850525801
-0.0010229666292321704,-0.0012533642458293077
-0.00122539293139481,1.6025768225068896e-05
-0.002413627529269409,0.0008876538866341862
-0.0027042149510442997,0.0002546040012250176
-0.002938539557833129,-0.0016648571358110886
-0.003123198498511977,-0.0028119002220145205
-0.003300931618180065,-0.003205077929282839
-0.0031821007669247106,-0.0026853257473034068
-0.0035578469391176226,-0.0012980915508736112
-0.005406447747918354,8.530008476261827e-05
-0.004862810348869815,-7.972513312068467e-05
-0.0036835462434675215,-0.0025102266659636887
-0.00420185054937214,-0.004109625302641326
-0.003624692114609497,-0.004688058883887531
-0.004573564212273605,-0.004111751235949052
-0.004196947683228456,-0.0024418655568946815
-0.0007287898954891564,-0.0006779935069272567
-0.0007242631899042943,-0.0008149961453912009
-0.0011251314058533367,2.198005716913724e-05
-2.20111697825857e-05,0.0006438202058138704
0.0004229694940845802,0.000700205209886236
0.001373792592576135,0.0005908041126121313
0.002026989468358772,0.00046275837820036666
0.00350850159292009,0.0007094647627048157
0.004366535608424097,0.00013114669371974528
0.003850754847833451,0.0011658497901663855
0.003802806286344904,0.0031511154236414348
0.0029988200764395835,0.0038580991539100716
0.003551985204081315,0.0033515724994226254
0.0031901144644150203,0.002079861796724404
-0.0014864194511301247,6.671816076351515e-05
-0.0026710774863176467,0.00014130186854834146
-0.0016875433164464562,-0.0025084233475600156
-0.0024599384862317177,-0.004185620157978839
-0.0018173260128774398,-0.004558903489943993
-0.0032161812858534913,-0.004025988283164359
-0.0029756477699653013,-0.0024411944421334126
0.0021133546709070565,-0.0008108628655327181
0.0024524691353794746,-0.0007357937655526274
0.001240633358901306,0.003505136983305108
0.002493846838933919,0.005453812657133779
0.0021895709084881884,0.005785744460751247
0.0037600468959229833,0.004729868179587091
0.0030824254943231533,0.0026304311729013694
-0.0013394465384227129,0.0005055647250945094
-0.00043469100068264677,9.933318859568198e-05
0.0008300176627201975,-0.0014631144406894803
-0.0006448793245607031,-0.003162972370145054
-0.0007287867695516086,-0.0034226798932690513
-0.0020733987488339594,-0.0028034682511334412
-0.0012655970069761632,-0.001474682068498407
0.0010133441795570101,-0.0002145782419324039
-5.46837629470581e-05,-0.00034843696343263346
-4.2209445640613145e-05,0.0013084161152095229
0.0011733555875969308,0.0024137398121048745
0.0024192576047918335,0.0027026139953804243
0.0027787666942965224,0.0022672097220794545
0.003173866892661216,0.0007490281774282267
0.007896389727591473,0.00021562727593609014
0.008784450145033528,7.416777925797424e-05
0.006587579754868462,0.0035260032018091325
0.006898802505870721,0.006543491740873681
0.004556773947591202,0.007572277629755422
0.006216107524385327,0.0070020316906860515
0.004624268924890663,0.005262623025925181
-0.00749269708954785,0.003417416875525181
-0.008660155156096172,0.0034521239678874343
-0.005606781721836623,-0.006509012727194979
-0.007851820988934959,-0.011915454739774074
-0.006009413325049329,-0.013607959448510457
-0.009227214182348535,-0.012644442363805256
-0.007775347157143686,-0.009772418843644527
0.004292919245960946,-0.005890407382214345
0.0055742650258260055,-0.005214448557108864
0.00410759963530327,0.007112955659732053
0.006669875177398532,0.010157324144305336
0.0068993598089500474,0.010802821640707578
0.009049898696774392,0.009398549883927338
0.00842494858699632,0.0067165694809521925
0.0057871825057294185,0.003946543619485009
0.005612173398418475,0.0029862259570800796
0.004512816967256767,0.0019051575135321118
0.0034146790177400016,0.00322004010917036
0.0013945164267488296,0.004131150475612863
0.00177209869282862,0.0038030669016989277
0.0021696332577961614,0.0019123860445378954
-0.0036598711153692075,0.0005750397552424571
-0.0050062521381872,0.002184794556570479
-0.0030030292053644545,-0.002795202743650344
-0.00333455047971265,-0.004631423869048032
-0.0012835109187770005,-0.005392650255232962
-0.0029905887778925457,-0.0052132624790923975
-0.003283289117558171,-0.0037481261482152166
0.004038874086336129,-0.00173264793412342
0.005711079115652207,-0.0012265888923670932
0.00421357020957331,0.004682196092838669
0.004817569291620447,0.0072318336750361025
0.0035900859851733793,0.007760012987620819
0.004811616538249817,0.006614626117526257
0.004136862668263158,0.004285887358471524
-0.0014981120341845348,0.00187025986161629
-0.002585200662575758,0.001239374421274431
-0.0017445215648021412,-0.0027241590695572244
-0.00232808167420225,-0.005387205997197833
-0.0017593565989962726,-0.005787580142338948
-0.0022780154975028874,-0.004773600025772765
-0.0005337429667738394,-0.002672678106651949
0.004227759651861959,-0.0008412934690069989
0.004745336392411004,-0.0008678062901190462
0.0042834109034113515,0.004870270270009692
0.0052076254799577025,0.007149872653664731
0.00506156286040093,0.0074919037979511525
0.005487152758344945,0.006299112108510743
0.0036705187986424506,0.003963468169917987
-0.00020302385957449485,0.0015317868461558806
-0.0002641062795638381,0.0009029630476323882
7.961503911379435e-05,-0.000520238291217076
-0.0009348027458100545,-0.0019690108070897516
-0.0008420834828492469,-0.002038359542867644
-0.0011672068734493734,-0.001798403501687482
0.00015195396010958979,-0.001073413208898986
0.002831511266358539,-0.00014398208290351713
0.003370244926505141,-0.00023786288845372404
0.003922274620218145,0.003979515157304715
0.004663072879084692,0.005919690885944408
0.005147166455138437,0.00627783257254321
0.004832270779286696,0.005299070302659003
0.004616358744610287,0.0032519019611524456
0.006358654398742934,0.001110358237871683
0.00553385818901914,0.0007060853031896585
0.003742529781013197,0.003189653489071778
0.003968055966761396,0.005529597065697612
0.0029260517108289754,0.006483149916562564
0.004225116767499438,0.006085525889859912
0.0038853142516448893,0.004565081200604519
-0.0009083015436700866,0.0029431289831914832
-0.0007496842822476573,0.003154083775384206
0.0003414340660384392,-0.0004480002264599296
-0.0008277564391170758,-0.002014719846333277
-0.0009326549571197133,-0.002698098393338431
-0.0023745509646578536,-0.0025962823502105725
-0.002946387212732741,-0.0020185823864174194
-0.0029487137581829556,-0.0009835521208670143
-0.0037560515558304306,-0.0005118338888633492
-0.003763329506989319,-0.0027065728744677933
-0.0036915248911422887,-0.0040027002431888125
-0.003050766195873877,-0.004543259718575638
-0.0033655769334220466,-0.004022225915744488
-0.003099650320972299,-0.002396949481094386
0.000782587968418744,-0.000627251317420988
0.0012558222271217296,-0.00043962886424967087
-0.00020542189194393772,0.0005699091418176531
0.00040315032029875184,0.0015849849495110071
-0.0009564937282255722,0.0020184837324996817
0.0003869901418439122,0.00179273421644702
-0.0003637319160151175,0.0007237525728986502
-0.007663386232859727,0.0005349121853305005
-0.008356215970203968,-0.00011861364504090057
-0.006731612056318279,-0.006525625395509362
-0.00820882576771652,-0.009989895381353624
-0.007370711033702602,-0.011284603497032938
-0.00923152102130552,-0.010034568180683545
-0.008661481168742083,-0.006898923037855126
-0.0028599457915214257,-0.0036541991232923398
-0.00190389677272598,-0.00332959528678122
-0.0019700974710737435,-0.000547736529346885
-0.0006401048016773324,0.0012034934568085846
0.00015186765780577315,0.0014507162250839535
0.0009334491227214973,0.0012985415316948603
0.0010826867401736702,0.0006753226673182023
0.002788468588036647,0.0007006619319968172
0.0030612005013446455,6.734571304263207e-05
0.0019084646366777772,0.0010172665814169332
0.0019679574342189067,0.0025020098173044306
0.0006919350099669618,0.0032251150331176785
0.0016816995151609,0.0029122093014151674
0.0020604255886586104,0.0014104411319836466
-0.0024013129746869814,-0.0005972122501691408
-0.003587244587889514,-0.0005610184565742174
-0.002772962267990646,-0.0032447012687250552
-0.0032068871950078487,-0.00477081328959568
-0.0025768287424798547,-0.005010108107012937
-0.0034881976275992843,-0.004247100078442024
-0.003955981694800018,-0.0025739267998892076
-0.0020223794711778415,-0.0008474936518531901
-0.0013261669648577737,-0.0008221622789285881
-0.0014694771267889783,-0.000781051396466607
-0.0013332116258221434,-0.0008937225998510948
-0.0013741983023810534,-0.0010374525903293014
-0.0011532300772926951,-0.0012731835968576555
-0.00159482747746872,-0.0007641335803303868
-0.002745481633551006,0.000259974300372121
-0.0023155850212843118,0.00015696963084889615
-0.0014836485837811074,-0.0014616375252317867
-0.001572043281726101,-0.0027185460332096035
-0.0010076899653342253,-0.003069505802762991
-0.0012655383985951383,-0.0025561221610486953
0.000179286539105462,-0.0011845941334556517
0.004296502586687436,0.00016539057958020348
0.004559833967323019,-7.125807024009444e-05
0.004067377590344327,0.0029006029513998837
0.005096735425162512,0.004954507062791651
0.005229516283197684,0.0056798059757737504
0.006072170619615052,0.004901296016959943
0.00580482389051164,0.003031227684717263
0.00458236149968546,0.0010342488994892866
0.004480363657098188,0.000572615987138279
0.00409295186858275,0.0016418481938765628
0.0035460518744510586,0.0035183503048842207
0.0028429157670985705,0.004268282223172461
0.002837047702817149,0.0039735031138741946
0.0025764966923081827,0.0027424873455897743
9.757048052126631e-05,0.001405257196607561
-0.000385268931732837,0.0018098552189432294
0.00040787102490877174,0.00097831919701178
0.00014002382659874103,0.000723723005126948
0.0007446105512404443,0.0006707879602389228
-0.00014670169659996099,0.0006376492224575273
-0.0001221805158428442,0.0004213521599973707
0.0031952890975707584,0.00021136232216189976
0.0036606129755730934,0.0001831389798086802
0.0027922070211479372,0.003430889046635921
0.0032354604545015457,0.0054175791943220164
0.002774616256774823,0.0058626084612640635
0.003592451205841515,0.004988882280591809
0.003324156228168304,0.0030516826902255143
0.0004872341864470378,0.0010271907251467977
4.781153075711982e-05,0.0007186790694670539
0.00016799707826663522,-0.0009386889724302999
-0.0005641363230401873,-0.0024748072112725245
-0.0009872190782439485,-0.0029263091896326796
-0.0015611231240246716,-0.002702908364797685
-0.001497307121816381,-0.0016137648680968016
-0.0017043861261804392,-0.0003495719028830954
-0.002658365395627299,-0.00025679052389029173
-0.0030536308426730168,-0.002357755242623705
-0.002861240355742664,-0.0035796243627836256
-0.002826937918154616,-0.004085374679122963
-0.0028034362214081894,-0.003562795355185899
-0.0036184878979175256,-0.0020228765528343814
-0.004503685034633398,-0.00036928176897743555
-0.003954921287009887,-0.00025071129532727363
-0.003942764271181746,-0.002363208128976555
-0.004554346136500977,-0.004039125212564624
-0.004993725200735797,-0.004640642279522358
-0.005252321939925955,-0.004092095507287241
-0.005453397036147852,-0.0024443444094418704
-0.007014192831183245,-0.0007046708974163226
-0.0070191145526602855,-0.0009036416928583908
-0.005706622285024668,-0.003044773256132899
-0.005713436283221004,-0.004804586208729564
-0.004417220142820124,-0.005361402276489704
-0.005182633936005685,-0.004751586451458632
-0.003946517724382989,-0.003037927422585054
0.003145584553901598,-0.0013613686867840315
0.004010308880550708,-0.0015499066886442482
0.0026826360078361696,0.003805346461151441
0.004077447257347231,0.005961511289703855
0.0035180671429048517,0.006637604800744492
0.005170393823250195,0.0060670671824468
0.004838119488007938,0.004447576981839058
0.0006431539965228077,0.0022294399978198204
0.0003073067744225715,0.0010011158437707806
0.0004776688559332245,-0.0016240914912813312
-0.0006160929117184028,-0.002495168567966488
-0.0010327237529259353,-0.0021059781957191042
-0.0015765614902801958,-0.001865427221509746
-0.0013017954935731358,-0.0012449364838837025
-0.001961235393788717,-0.00026146965006800974
-0.00304564899475855,-0.0002784905588174869
-0.002994508643709019,-0.0023091355140533966
-0.002877285314289752,-0.003124929696419956
-0.002733661184886769,-0.003695660504855887
-0.0033192275443721464,-0.0035353227915624792
-0.004337913700529398,-0.0021132617585562057
-0.003767229440405574,-0.00044567031761681323
-0.003743064264813745,-0.00020648453793417062
-0.00467792500558524,-0.0018339595363347648
-0.004613142524886342,-0.0032647038136698926
-0.00528849904562484,-0.0038955516892626497
-0.004353602708462815,-0.003383677792702741
-0.0046445218190906004,-0.001866836162659541
-0.008867321913246577,-0.0002676368716882733
-0.007766343498227714,-0.00040080395986680006
-0.005445971275986919,-0.0040252723432402954
-0.006555703152841281,-0.006850210502257624
-0.00535128186199188,-0.008541504721151793
-0.00723366813032761,-0.00774569182860593
-0.006121089888706296,-0.004993855723575096
0.0009589396450519147,-0.002655724514564203
0.0005735113063804287,-0.0027777242973090377
-0.0005394405597007666,0.00040782095856661295
0.0013817987081105663,0.0028810345581491504
0.0018671007444368572,0.0032312459789753285
0.0034343591094588228,0.0030244919148320532
0.003914785157533638,0.002147522538930601
0.005399047986487132,0.0009203712047512853
0.006024254105175335,7.348820716698804e-05
0.004681586032214906,0.00250330869479159
0.004780656003910544,0.0046853043916859375
0.0030624846787134933,0.005588145883496966
0.00443282233519884,0.005194416805681603
0.0035749230043330615,0.0037475784008824437
-0.005998743114301538,0.0012229618878418192
-0.006305773132923422,0.0017345043307331796
-0.003006631018748928,-0.005052682331115709
-0.004944718954936778,-0.008081122941176166
-0.002836348452053998,-0.008948525617192853
-0.006175645286700412,-0.007963100181560356
-0.0051298341934889555,-0.004782105863471406
0.007230221655103081,-0.002703869264766313
0.007842120804067291,-0.0025986993314062994
0.00549348730881238,0.007139065790942661
0.008175475596675509,0.010397665303081335
0.007886969113901719,0.010951623503654886
0.010728430501948374,0.009612846149992568
0.01053197828241618,0.007105355584947334
0.00657244358666766,0.00454777532061763
0.006077162087871413,0.003863780375012365
0.004901397860638314,0.0018898858120596248
0.0035367526403928934,0.0029783443045121763
0.0008847362476288249,0.0038035812336138044
0.000835397251659725,0.003707737038582693
-6.218498107781928e-05,0.002150173747385435
-0.00934242826033057,0.0012572571358679789
-0.010998571479331948,0.003018382224098545
-0.008348893828637762,-0.00788693191808133
-0.009558436282726205,-0.011373629216596784
-0.006748986500400917,-0.011863385999029908
-0.009277192479159183,-0.010625394972431828
-0.00908900033663426,-0.007775951549299983
0.002254490370231401,-0.005019282744558336
0.004810510267566816,-0.004599680498599529
0.0031486162961519497,0.003355236588199186
0.004339460352761091,0.006404708827927781
0.002777059211185564,0.007296526696839848
0.004154222917450355,0.006333826145616528
0.003446685614959811,0.004303010149765309
-0.00267236994879829,0.0021908177536800045
-0.005090935574647936,0.0010329718032432032
-0.005285893201913678,-0.0051585926162255324
-0.005532559551384567,-0.007669590908094483
-0.005223222255347124,-0.008389510801541293
-0.004784736031504248,-0.006670658577633589
-0.0028337721204446066,-0.003947957565738254
0.000412693184871388,-0.0014186045271623894
0.0023453244810699276,-0.0013219010779543386
0.0029576797392055682,0.0028407232682037702
0.0030554450915786227,0.004632582845049812
0.002923752000155949,0.004767067593090049
0.0023271849375892696,0.0036398277587367796
-0.00022616275544336088,0.0017132805631606713
-0.005152492099919902,0.00021562727593609014
-0.006376820754567773,2.2952334416467086e-05
-0.0057706844696135936,-0.004320612503637196
-0.006752682987070003,-0.006854058311067609
-0.005827794503421944,-0.0075025929753076166
-0.00660559920396385,-0.006118950894857783
-0.004021691894963926,-0.003676088113116454
0.0054535972276150025,-0.001413776878174146
0.006388744236965984,-0.0016095786608747381
0.004681854432965491,0.005250766033802443
0.006960230139125933,0.008008214754287353
0.005855737114055593,0.00878223967146047
0.007945981347425503,0.007701815195039964
0.0061741841769725764,0.005407354848269496
-0.003305363435926378,0.003098748269372188
-0.0042110584037779565,0.0024094711097475277
-0.0032935202513863365,-0.004752679512001131
-0.005689284362666449,-0.008481641031910481
-0.005720319901291886,-0.009803824236574497
-0.007240233739483372,-0.008409302057925354
-0.006552541196570999,-0.005271316326080053
-0.0038221358873161567,-0.0022969237086702325
-0.003008475335568066,-0.0022713316974164264
-0.0014949779256357093,6.458884199374781e-06
-0.00038384426352468004,7.268593145402243e-05
0.0014628739963153353,-0.0002129739272590931
0.0009296170762960021,-0.0006234336024996401
0.0012282741508474384,-0.0008489190078513318
0.007811313593298548,3.0371635422592728e-05
0.008174329410621087,0.00015145472846242713
0.005566476157018348,0.003442034097323296
0.0064543393566643,0.005995040511473816
0.004587673741807013,0.006996750318453752
0.006873046532280011,0.006385275751952526
0.006874547924738626,0.004821084229171408
-0.0010569576348666847,0.002713671710656722
-0.001973586552626031,0.0023206509966815694
-0.00040829999501744435,-0.0027323185118663866
-0.0016272545360294971,-0.0051145372677295926
-0.0010590733504693538,-0.005671860512214304
-0.0026002410227839055,-0.00500296259725937
-0.0026359895832582213,-0.0029686641281972763
-6.278096194803088e-05,-0.0013604548216693214
0.0005354825090503879,-0.0011991196958920523
0.0010593323109771035,0.0026777596000683705
0.0015116564461742032,0.004080469841787897
0.002507896060008277,0.004232080327376751
0.002222703738358607,0.003190297035305695
0.001968121491499336,0.0014166396312556484
0.0054112489901058086,0.00021562727593609014
0.006277671226295455,0.00010689475162081604
0.005456573470134453,0.0026211294255046665
0.00595070196019208,0.0053754607979310375
0.005231619903113018,0.00639828851775632
0.006311546785189848,0.005900485934271822
0.0073471990416309725,0.004242715886425044
0.005665229997277793,0.0024627774879677133
0.004924562294135773,0.002500276788123167
0.004984525165170793,0.0036409749041001146
0.004842801987880295,0.005346536993356313
0.004838134041218938,0.0060873866602328
0.004538134174060669,0.005781163034488211
0.00416113186480835,0.004477385083756791
0.0037590068287964603,0.0030813773613322325
0.0031294678699875966,0.0033758902554617927
0.00235849917665831,0.004135491571660356
0.001959628749099151,0.004834670672880258
0.001204796918764798,0.005062511293299601
0.0010967834545326871,0.00448218790002574
-0.0002247516263553345,0.0030589578351916686
-0.0038189113664515366,0.0015876958196261797
-0.004338567704155863,0.0015137387203982195
-0.004056684780951388,-0.0031391481117901687
-0.0048303255428237945,-0.005185276425341195
-0.004957303785745474,-0.0058991463949382246
-0.005683538581994879,-0.0054313850883966975
-0.005615103169107915,-0.0035817220962236786
-0.0047739783236851316,-0.0015804761869891585
-0.0045139739481714816,-0.0013436873697528964
-0.0042372838852601435,-0.002444625776778282
-0.004120121066892595,-0.0038205088951292683
-0.003747471171630851,-0.00447344526408759
-0.003971882884942487,-0.003969032968335317
-0.003976344844538889,-0.00239899754909585
-0.0024896257839119567,-0.0006799104665887175
-0.0022477856674947656,-0.0008026952157993825
-0.0024978662937328753,-0.0010088417201070407
-0.002198778491929716,-0.001967796529205612
-0.002203242037501902,-0.0022910659227248203
-0.0016551728434933191,-0.001903871217232254
-0.0011554474869998103,-0.0004435911561045378
-0.001037868974649676,0.0007150992120116587
-0.0008425412254989236,-8.138406288820223e-07
-0.0006450397962779939,-0.0006147115307410418
-0.000547665729980889,-0.0011538319710894362
-0.0005114153691400626,-0.0011030867301049492
-0.0005804977636577342,-0.001095248324349038
-0.0005574056895209184,4.1550291829140016e-05
-0.0004638324603325785,0.0008327081806587188
-0.0006364071680532409,0.0002062107561301911
-0.0008687116196696111,-0.0007644199983893667
-0.000872392181519054,-0.0013184686910756005
-0.0008403268260787811,-0.0013083290498494867
-0.0006675408493762751,-0.0012627395443734122
-0.0007046655545474196,-0.0004573720000205747
-0.0010795199110219939,0.00037298916333803006
-0.0013666367337258083,8.456604641601874e-05
-0.0016021370889674434,-0.0013456074861159623
-0.001755995273813114,-0.002372317738468887
-0.0022803310192373518,-0.002838270254990625
-0.0024386177152991807,-0.002358458555741347
-0.0029682695943160976,-0.001092346999903684
-0.0047610889110509145,0.0001802756640235916
-0.0050694546297751645,7.170634118130719e-05
-0.004603654881859553,-0.002172148132980544
-0.0046390348716532845,-0.003653660800445264
-0.004028704811379477,-0.004203064932836357
-0.004139965481361377,-0.0036393348467736995
-0.0038314528164467344,-0.0020427768206472095
-0.0016871925982084397,-0.0003740392339666564
1.673286832054859e-05,-0.0004912355164905277
0.0007613545266480278,-3.3616276473751104e-06
0.0008149524317215412,0.0004760456718204281
0.001192996107934365,0.000572601913510289
0.0009360466936804231,0.0004592190054430585
0.0014296890241449246,0.0004103339561028319
0.003251965764850629,0.000598548764330368
0.00233610302758753,0.0001299647851799824
0.0013449086634255932,0.0002745608397611959
0.0018760704830148524,0.001807158764432054
0.0016561693574866116,0.0024457597096139943
0.002417777834200002,0.0020285456136429204
0.002969766709740989,0.0009668389572256245
0.0030521548005183904,0.00020492396617959494
0.0021151535793545503,-1.2312652342814966e-05
0.0006121556866803727,0.00023322246433686534
0.0005863241257689613,0.001313693278506349
-0.0011643745210947504,0.0017987758276492428
-0.0006343302763822927,0.0017544317461798125
-0.002937787588418744,0.0007341348066431249
-0.012503761283889653,0.00021562727593609014
-0.01291417072740288,0.00010528125620700338
-0.010612169305212305,-0.0070172547333347
-0.012690452910215422,-0.011425756040650487
-0.011292476521876968,-0.012905695197588392
-0.013770451128379501,-0.012140806195754318
-0.013086716049735901,-0.00947473262261463
-0.004926170956761893,-0.006119312021521419
-0.002732352076902569,-0.005346582614687084
-0.0021578392577772864,-0.0019538357006863845
-0.0005483234548233045,-0.0005414054486074641
0.0006356252423891338,-0.00026747088179553233
0.0012382062062816454,-0.0004225216986288311
0.0025119296631606084,-0.0002338196272026833
0.007643244661299823,0.0007152945592293282
0.006802819568714693,0.0002099792199300361
0.003940641454727331,0.004398534465700425
0.005031501246603499,0.006357849486619316
0.0031259102903040707,0.006867178239898325
0.005609961528573747,0.006244957840239397
0.005672763477079451,0.00443260074763682
-0.002540017107801927,0.0014219510973765845
-0.0036808657226616768,0.001007160927344769
-0.0027339227225800333,-0.003979828887825155
-0.004373076312316357,-0.006182217929323067
-0.00458364373216247,-0.006533359314442141
-0.006316801733372981,-0.005599919282631435
-0.008148866261956845,-0.00332537498718182
-0.010525940523759065,-0.0015988263038670518
-0.010091801402657925,-0.00153850762870104
-0.00816269123285017,-0.004516449641395766
-0.008665128362178733,-0.006122395066755847
-0.006813182152613541,-0.006758778955177057
-0.00833210309616005,-0.006054368147163446
-0.007342626958501993,-0.004198946489475419
0.002473080236646295,-0.0021056191735232045
0.004327799521740659,-0.002058878945088642
0.00308999722563963,0.0034587789262115506
0.00518936289166209,0.005858359540903443
0.004854021784714395,0.006582469429614244
0.007271318416017468,0.006220980797526819
0.008602611913618547,0.0047013509581791185
0.006332160799535217,0.0025414151338891138
0.0055300549673567385,0.0013259420172982944
0.004923897251796264,0.0008381376021963031
0.004419109928610343,0.0021884064545471668
0.003596573398880149,0.0029928981720396372
0.00385404000604605,0.0027692877422180566
0.003540719141867136,0.0013078647446624783
-0.0006301457816332038,-0.0001490040005697149
-0.0021187121222800503,0.001046681410926349
-0.001539544494238503,-0.00203732225072017
-0.002137490758001937,-0.0032046591402032135
-0.0018491066943766969,-0.0037569809066646206
-0.0031628125752979183,-0.0036804557254574307
-0.0047194881174508945,-0.0026267544116992687
-0.0037532780704306614,-0.0009407620835978319
-0.002300307952502478,-0.0006487350393706859
-0.0014994810267558768,1.6111972484737997e-05
-0.0011922991326667888,0.00036616768900423884
-0.0002376292242757616,0.0004792409641027677
0.00010852058181137327,0.00025265893376634713
0.0013341145264137882,2.7063254305246262e-05
0.0047517568664208875,0.00021562727593609014
0.007197020608579239,5.038283499099745e-05
0.00870384766429323,0.0030674756683564093
0.009021921869076382,0.005913441458553176
0.010008557687038738,0.006918246095786865
0.009517065967453733,0.0063339044318163375
0.011522334789416194,0.004584334975928598
0.0180476455465444,0.0026530893456832875
0.01595367196137631,0.0025837629172634053
0.012701920256726316,0.007801075362101466
0.014328606011670384,0.01071689033050394
0.013033028886964301,0.011822456462082572
0.015445853442410533,0.011635556998802235
0.014637536386910881,0.010502216102033179
0.008030993257351357,0.009346617512692517
0.006683511635952505,0.00988755242512359
0.005408429324290336,0.00779808954327648
0.0034657065567625113,0.007786392069808192
0.00048134377375651564,0.007786946807503615
-0.0004156064461570519,0.007561314194633733
-0.004014678817169486,0.0066216095832640895
-0.017697362139124644,0.005499325559984234
-0.018887657142767546,0.00565674521831378
-0.014981526214221714,-0.011816608731963177
-0.017669487760573373,-0.0165856718637751
-0.014418132697518647,-0.01739304501849281
-0.018581345007847857,-0.016380833075719095
-0.0170571908097612,-0.014169185638859858
0.0008364681697812274,-0.011760868115911823
0.004301516346356431,-0.011225301279783806
0.002669308280887705,0.0008814701186363419
0.0057572922588768425,0.00673973588269255
0.005297306224773514,0.008561271400882454
0.007955452505732968,0.008098754848834606
0.008502021019139243,0.006661000168574615
0.005719220276893705,0.004629802843169485
0.0034960722732114797,0.003342859792545456
0.001501614533242319,0.0013664737502391054
0.0014351033169767158,0.0016778970948678068
5.99533112362918e-06,0.0022538865472844804
0.001737833903634791,0.002187205434809769
0.002834926178558861,0.0005065402774197547
-0.002128621246422301,-0.0017170803444871376
-0.0018194626749085986,-0.0005365368151100463
7.091965371315318e-05,-0.0014787853596916402
