epoch,loss,lr,mae,val_loss,val_mae
0,0.03864866495132446,0.003,0.16960395872592926,0.01787227764725685,0.17895019054412842
1,0.0217941515147686,0.003,0.14523416757583618,0.001660575857385993,0.050619665533304214
2,0.019771214574575424,0.003,0.15067780017852783,0.0008185572805814445,0.033464524894952774
3,0.01603008434176445,0.003,0.13796961307525635,0.0005468530580401421,0.025646265596151352
4,0.010829566046595573,0.003,0.11140895634889603,0.027957916259765625,0.21929940581321716
5,0.0058770934119820595,0.003,0.08488856256008148,0.000898858648724854,0.036331068724393845
6,0.013667803257703781,0.003,0.11815829575061798,0.007041114382445812,0.11143843084573746
7,0.0062424056231975555,0.003,0.07999049127101898,0.0012032726081088185,0.045201148837804794
8,0.006919580511748791,0.003,0.08726637065410614,0.023774337023496628,0.18763919174671173
9,0.005191543605178595,0.003,0.08038875460624695,0.002623265841975808,0.06122569739818573
10,0.010561506263911724,0.003,0.10727887600660324,0.020533297210931778,0.1839454174041748
11,0.005229176487773657,0.003,0.07582512497901917,0.0005082038696855307,0.022213781252503395
12,0.009803883731365204,0.003,0.09250009059906006,0.007118698209524155,0.09224012494087219
13,0.0038558421656489372,0.003,0.06828289479017258,0.04044581577181816,0.25028297305107117
14,0.00447741337120533,0.003,0.07196395099163055,0.003347279503941536,0.07676507532596588
15,0.00689808139577508,0.003,0.08068317919969559,0.01398333627730608,0.1386023759841919
16,0.0037195696495473385,0.003,0.06711435317993164,0.035667672753334045,0.23960399627685547
17,0.00276942178606987,0.003,0.053510505706071854,0.010221394710242748,0.12902191281318665
18,0.004269755445420742,0.003,0.06585739552974701,0.040312428027391434,0.23723727464675903
19,0.003869510954245925,0.0015,0.06822018325328827,0.001956283114850521,0.050257451832294464
20,0.007483606226742268,0.0015,0.08486365526914597,0.0027589802630245686,0.059876617044210434
21,0.0072413780726492405,0.0015,0.09253662824630737,0.0017811437137424946,0.05152438208460808
22,0.007792281452566385,0.0015,0.09217293560504913,0.0025304886512458324,0.0625896006822586
23,0.008224844001233578,0.0015,0.09395553171634674,0.003287695813924074,0.07337065786123276
24,0.006937847938388586,0.0015,0.08285825699567795,0.006626177113503218,0.10733460634946823
25,0.004317745100706816,0.0015,0.06604940444231033,0.010094545781612396,0.1330949366092682
26,0.003081012051552534,0.0015,0.05470467731356621,0.01963087171316147,0.1835096776485443
27,0.0031873544212430716,0.0015,0.05767471715807915,0.022577757015824318,0.1941145956516266
28,0.0022986463736742735,0.0015,0.049650341272354126,0.02394220419228077,0.20014631748199463
29,0.0038797378074377775,0.0015,0.06779664754867554,0.01731697842478752,0.16940052807331085
30,0.003042195225134492,0.0015,0.05803202837705612,0.0004650699265766889,0.024294136092066765
31,0.004473192151635885,0.0015,0.07293691486120224,0.013435383327305317,0.1617567539215088
32,0.003474099561572075,0.0015,0.06407537311315536,0.015903595834970474,0.16572801768779755
33,0.0022977772168815136,0.0015,0.05218268558382988,0.011285478249192238,0.13072262704372406
34,0.0045581357553601265,0.00075,0.0736423060297966,0.0021041256841272116,0.05482155829668045
35,0.0033940535504370928,0.00075,0.059407975524663925,0.002469084458425641,0.06058531627058983
36,0.0014005948323756456,0.00075,0.03641557693481445,0.0015704573597759008,0.04970072954893112
37,0.0014387561241164804,0.00075,0.037869516760110855,0.001386851305142045,0.046902067959308624
38,0.0016175799537450075,0.00075,0.03777271509170532,0.0013375342823565006,0.04619227722287178
39,0.0015723173273727298,0.00075,0.038573555648326874,0.0013489449629560113,0.046216048300266266
40,0.001358098117634654,0.00075,0.03591396287083626,0.0013882024213671684,0.04668068885803223
41,0.0013060736237093806,0.00075,0.035595159977674484,0.0013494666200131178,0.04628436639904976
42,0.0014586119214072824,0.00075,0.036788906902074814,0.0013447669334709644,0.04630579054355621
43,0.0016251745400950313,0.00075,0.03770963475108147,0.0013072686269879341,0.04563995823264122
44,0.0014303788775578141,0.00075,0.036273643374443054,0.0011118424590677023,0.041994933038949966
45,0.0013366079656407237,0.00075,0.036396969109773636,0.0010898044565692544,0.04143757000565529
46,0.0012300381204113364,0.00075,0.0355851985514164,0.001991511322557926,0.05476769432425499
47,0.001176831079646945,0.00075,0.035744983702898026,0.0020033849868923426,0.05568473041057587
48,0.0013281250139698386,0.00075,0.03761901706457138,0.0014344275696203113,0.04852565750479698
49,0.0015627405373379588,0.000375,0.03883852809667587,0.0013013827847316861,0.046090252697467804
50,0.0011982560390606523,0.000375,0.0341898575425148,0.0013477577595040202,0.04636327922344208
51,0.0011731836711987853,0.000375,0.03366629034280777,0.0014376421459019184,0.04804138094186783
52,0.0013304518070071936,0.000375,0.03659012168645859,0.0013249315088614821,0.04665691778063774
53,0.001149207353591919,0.000375,0.034205272793769836,0.0012001312570646405,0.044222474098205566
54,0.0011228987714275718,0.000375,0.03185708075761795,0.0012740488164126873,0.04563086852431297
55,0.0013937943149358034,0.000375,0.03562090918421745,0.0014437783975154161,0.04837863892316818
56,0.0012645645765587687,0.000375,0.03482053801417351,0.0013892584247514606,0.04767436534166336
57,0.001161712221801281,0.000375,0.034532975405454636,0.0012115624267607927,0.04437877610325813
58,0.001107176998630166,0.000375,0.03358248621225357,0.0012137569719925523,0.04432627558708191
59,0.0011408276623114944,0.000375,0.0341520756483078,0.001285718404687941,0.045698098838329315
60,0.0009761116234585643,0.000375,0.031346309930086136,0.001283249817788601,0.04559652879834175
61,0.0011403769021853805,0.000375,0.03350285068154335,0.0013197539374232292,0.04611630737781525
62,0.000938819779548794,0.000375,0.031487300992012024,0.001377405016683042,0.04674777761101723
63,0.001043669180944562,0.000375,0.03293805569410324,0.0013143551768735051,0.04615822061896324
64,0.0010582883842289448,0.0001875,0.033142585307359695,0.001395231345668435,0.04747225344181061
65,0.0009907480562105775,0.0001875,0.032133590430021286,0.001375473220832646,0.04697073623538017
66,0.0011036176001653075,0.0001875,0.03419894352555275,0.001352460472844541,0.046663496643304825
67,0.0011635980335995555,0.0001875,0.034469686448574066,0.0013730180216953158,0.04697585105895996
68,0.001113500795327127,0.0001875,0.03428264707326889,0.0011814971221610904,0.0437355600297451
69,0.0010159387020394206,0.0001875,0.032231539487838745,0.001339657581411302,0.046623654663562775
70,0.0009013775852508843,0.0001875,0.030686648562550545,0.0012880302965641022,0.04581110179424286
71,0.000933902629185468,0.0001875,0.03244205564260483,0.0012735960772261024,0.04559522494673729
72,0.0010885512456297874,0.0001875,0.03360170125961304,0.0013387290528044105,0.04663054645061493
73,0.000908552436158061,0.0001875,0.03179074078798294,0.001228383625857532,0.04474339634180069
74,0.000864037312567234,0.0001875,0.03025016374886036,0.001251061214134097,0.04524676874279976
75,0.0009315062779933214,0.0001875,0.032117825001478195,0.001229939516633749,0.044957201927900314
76,0.0008392159943468869,0.0001875,0.029934067279100418,0.0011990591883659363,0.04438665136694908
77,0.0008832153398543596,0.0001875,0.03143458068370819,0.0012444970197975636,0.045227885246276855
78,0.001104474300518632,0.0001875,0.033709291368722916,0.0011633578687906265,0.04375201091170311
79,0.0010716912802308798,9.375e-05,0.032326627522706985,0.0013034000294283032,0.046515800058841705
80,0.0010098287602886558,9.375e-05,0.03299039229750633,0.0012222251389175653,0.04501603916287422
81,0.0008344458183273673,9.375e-05,0.029790930449962616,0.001208489527925849,0.044676523655653
82,0.0008468401501886547,9.375e-05,0.029604407027363777,0.0011891674948856235,0.04434940591454506
83,0.0009679115610197186,9.375e-05,0.031933195888996124,0.0012376911472529173,0.04529791697859764
84,0.0009243075619451702,9.375e-05,0.030965739861130714,0.0011547802714630961,0.04374713450670242
85,0.0010358375729992986,9.375e-05,0.0325024351477623,0.0011836778139695525,0.0444025918841362
86,0.0008584068855270743,9.375e-05,0.029531102627515793,0.0011975871166214347,0.0446784645318985
87,0.0009415883105248213,9.375e-05,0.03199363127350807,0.0011786746326833963,0.04436063393950462
88,0.0007907914696261287,9.375e-05,0.029508307576179504,0.0011688853846862912,0.044139616191387177
