date,VIX_index
2015/1/2,17.79
2015/1/5,19.92
2015/1/6,21.12
2015/1/7,19.31
2015/1/8,17.01
2015/1/9,17.55
2015/1/12,19.6
2015/1/13,20.56
2015/1/14,21.48
2015/1/15,22.39
2015/1/16,20.95
2015/1/19,
2015/1/20,19.89
2015/1/21,18.85
2015/1/22,16.4
2015/1/23,16.66
2015/1/26,15.52
2015/1/27,17.22
2015/1/28,20.44
2015/1/29,18.76
2015/1/30,20.97
2015/2/2,19.43
2015/2/3,17.33
2015/2/4,18.33
2015/2/5,16.85
2015/2/6,17.29
2015/2/9,18.55
2015/2/10,17.23
2015/2/11,16.96
2015/2/12,15.34
2015/2/13,14.69
2015/2/16,
2015/2/17,15.8
2015/2/18,15.45
2015/2/19,15.29
2015/2/20,14.3
2015/2/23,14.56
2015/2/24,13.69
2015/2/25,13.84
2015/2/26,13.91
2015/2/27,13.34
2015/3/2,13.04
2015/3/3,13.86
2015/3/4,14.23
2015/3/5,14.04
2015/3/6,15.2
2015/3/9,15.06
2015/3/10,16.69
2015/3/11,16.87
2015/3/12,15.42
2015/3/13,16
2015/3/16,15.61
2015/3/17,15.66
2015/3/18,13.97
2015/3/19,14.07
2015/3/20,13.02
2015/3/23,13.41
2015/3/24,13.62
2015/3/25,15.44
2015/3/26,15.8
2015/3/27,15.07
2015/3/30,14.51
2015/3/31,15.29
2015/4/1,15.11
2015/4/2,14.67
2015/4/3,
2015/4/6,14.74
2015/4/7,14.78
2015/4/8,13.98
2015/4/9,13.09
2015/4/10,12.58
2015/4/13,13.94
2015/4/14,13.67
2015/4/15,12.84
2015/4/16,12.6
2015/4/17,13.89
2015/4/20,13.3
2015/4/21,13.25
2015/4/22,12.71
2015/4/23,12.48
2015/4/24,12.29
2015/4/27,13.12
2015/4/28,12.41
2015/4/29,13.39
2015/4/30,14.55
2015/5/1,12.7
2015/5/4,12.85
2015/5/5,14.31
2015/5/6,15.15
2015/5/7,15.13
2015/5/8,12.86
2015/5/11,13.85
2015/5/12,13.86
2015/5/13,13.76
2015/5/14,12.74
2015/5/15,12.38
2015/5/18,12.73
2015/5/19,12.85
2015/5/20,12.88
2015/5/21,12.11
2015/5/22,12.13
2015/5/25,
2015/5/26,14.06
2015/5/27,13.27
2015/5/28,13.31
2015/5/29,13.84
2015/6/1,13.97
2015/6/2,14.24
2015/6/3,13.66
2015/6/4,14.71
2015/6/5,14.21
2015/6/8,15.29
2015/6/9,14.47
2015/6/10,13.22
2015/6/11,12.85
2015/6/12,13.78
2015/6/15,15.39
2015/6/16,14.81
2015/6/17,14.5
2015/6/18,13.19
2015/6/19,13.96
2015/6/22,12.74
2015/6/23,12.11
2015/6/24,13.26
2015/6/25,14.01
2015/6/26,14.02
2015/6/29,18.85
2015/6/30,18.23
2015/7/1,16.09
2015/7/2,16.79
2015/7/3,
2015/7/6,17.01
2015/7/7,16.09
2015/7/8,19.66
2015/7/9,19.97
2015/7/10,16.83
2015/7/13,13.9
2015/7/14,13.37
2015/7/15,13.23
2015/7/16,12.11
2015/7/17,11.95
2015/7/20,12.25
2015/7/21,12.22
2015/7/22,12.12
2015/7/23,12.64
2015/7/24,13.74
2015/7/27,15.6
2015/7/28,13.44
2015/7/29,12.5
2015/7/30,12.13
2015/7/31,12.12
2015/8/3,12.56
2015/8/4,13
2015/8/5,12.51
2015/8/6,13.77
2015/8/7,13.39
2015/8/10,12.23
2015/8/11,13.71
2015/8/12,13.61
2015/8/13,13.49
2015/8/14,12.83
2015/8/17,13.02
2015/8/18,13.79
2015/8/19,15.25
2015/8/20,19.14
2015/8/21,28.03
2015/8/24,40.74
2015/8/25,36.02
2015/8/26,30.32
2015/8/27,26.1
2015/8/28,26.05
2015/8/31,28.43
2015/9/1,31.4
2015/9/2,26.09
2015/9/3,25.61
2015/9/4,27.8
2015/9/7,
2015/9/8,24.9
2015/9/9,26.23
2015/9/10,24.37
2015/9/11,23.2
2015/9/14,24.25
2015/9/15,22.54
2015/9/16,21.35
2015/9/17,21.14
2015/9/18,22.28
2015/9/21,20.14
2015/9/22,22.44
2015/9/23,22.13
2015/9/24,23.47
2015/9/25,23.62
2015/9/28,27.63
2015/9/29,26.83
2015/9/30,24.5
2015/10/1,22.55
2015/10/2,20.94
2015/10/5,19.54
2015/10/6,19.4
2015/10/7,18.4
2015/10/8,17.42
2015/10/9,17.08
2015/10/12,16.17
2015/10/13,17.67
2015/10/14,18.03
2015/10/15,16.05
2015/10/16,15.05
2015/10/19,14.98
2015/10/20,15.75
2015/10/21,16.7
2015/10/22,14.45
2015/10/23,14.46
2015/10/26,15.29
2015/10/27,15.43
2015/10/28,14.33
2015/10/29,14.61
2015/10/30,15.07
2015/11/2,14.15
2015/11/3,14.54
2015/11/4,15.51
2015/11/5,15.05
2015/11/6,14.33
2015/11/9,16.52
2015/11/10,15.29
2015/11/11,16.06
2015/11/12,18.37
2015/11/13,20.08
2015/11/16,18.16
2015/11/17,18.84
2015/11/18,16.85
2015/11/19,16.99
2015/11/20,15.47
2015/11/23,15.62
2015/11/24,15.93
2015/11/25,15.19
2015/11/26,
2015/11/27,15.12
2015/11/30,16.13
2015/12/1,14.67
2015/12/2,15.91
2015/12/3,18.11
2015/12/4,14.81
2015/12/7,15.84
2015/12/8,17.6
2015/12/9,19.61
2015/12/10,19.34
2015/12/11,24.39
2015/12/14,22.73
2015/12/15,20.95
2015/12/16,17.86
2015/12/17,18.94
2015/12/18,20.7
2015/12/21,18.7
2015/12/22,16.6
2015/12/23,15.57
2015/12/24,15.74
2015/12/25,
2015/12/28,16.91
2015/12/29,16.08
2015/12/30,17.29
2015/12/31,18.21
2016/1/1,
2016/1/4,20.7
2016/1/5,19.34
2016/1/6,20.59
2016/1/7,24.99
2016/1/8,27.01
2016/1/11,24.3
2016/1/12,22.47
2016/1/13,25.22
2016/1/14,23.95
2016/1/15,27.02
2016/1/18,
2016/1/19,26.05
2016/1/20,27.59
2016/1/21,26.69
2016/1/22,22.34
2016/1/25,24.15
2016/1/26,22.5
2016/1/27,23.11
2016/1/28,22.42
2016/1/29,20.2
2016/2/1,19.98
2016/2/2,21.98
2016/2/3,21.65
2016/2/4,21.84
2016/2/5,23.38
2016/2/8,26
2016/2/9,26.54
2016/2/10,26.29
2016/2/11,28.14
2016/2/12,25.4
2016/2/15,
2016/2/16,24.11
2016/2/17,22.31
2016/2/18,21.64
2016/2/19,20.53
2016/2/22,19.38
2016/2/23,20.98
2016/2/24,20.72
2016/2/25,19.11
2016/2/26,19.81
2016/2/29,20.55
2016/3/1,17.7
2016/3/2,17.09
2016/3/3,16.7
2016/3/4,16.86
2016/3/7,17.35
2016/3/8,18.67
2016/3/9,18.34
2016/3/10,18.05
2016/3/11,16.5
2016/3/14,16.92
2016/3/15,16.84
2016/3/16,14.99
2016/3/17,14.44
2016/3/18,14.02
2016/3/21,13.79
2016/3/22,14.17
2016/3/23,14.94
2016/3/24,14.74
2016/3/25,
2016/3/28,15.24
2016/3/29,13.82
2016/3/30,13.56
2016/3/31,13.95
2016/4/1,13.1
2016/4/4,14.12
2016/4/5,15.42
2016/4/6,14.09
2016/4/7,16.16
2016/4/8,15.36
2016/4/11,16.26
2016/4/12,14.85
2016/4/13,13.84
2016/4/14,13.72
2016/4/15,13.62
2016/4/18,13.35
2016/4/19,13.24
2016/4/20,13.28
2016/4/21,13.95
2016/4/22,13.22
2016/4/25,14.08
2016/4/26,13.96
2016/4/27,13.77
2016/4/28,15.22
2016/4/29,15.7
2016/5/2,14.68
2016/5/3,15.6
2016/5/4,16.05
2016/5/5,15.91
2016/5/6,14.72
2016/5/9,14.57
2016/5/10,13.63
2016/5/11,14.69
2016/5/12,14.41
2016/5/13,15.04
2016/5/16,14.68
2016/5/17,15.57
2016/5/18,15.95
2016/5/19,16.33
2016/5/20,15.2
2016/5/23,15.82
2016/5/24,14.42
2016/5/25,13.9
2016/5/26,13.43
2016/5/27,13.12
2016/5/30,
2016/5/31,14.19
2016/6/1,14.2
2016/6/2,13.63
2016/6/3,13.47
2016/6/6,13.65
2016/6/7,14.05
2016/6/8,14.08
2016/6/9,14.64
2016/6/10,17.03
2016/6/13,20.97
2016/6/14,20.5
2016/6/15,20.14
2016/6/16,19.37
2016/6/17,19.41
2016/6/20,18.37
2016/6/21,18.48
2016/6/22,21.17
2016/6/23,17.25
2016/6/24,25.76
2016/6/27,23.85
2016/6/28,18.75
2016/6/29,16.64
2016/6/30,15.63
2016/7/1,14.77
2016/7/4,
2016/7/5,15.58
2016/7/6,14.96
2016/7/7,14.76
2016/7/8,13.2
2016/7/11,13.54
2016/7/12,13.55
2016/7/13,13.04
2016/7/14,12.82
2016/7/15,12.67
2016/7/18,12.44
2016/7/19,11.97
2016/7/20,11.77
2016/7/21,12.74
2016/7/22,12.02
2016/7/25,12.87
2016/7/26,13.05
2016/7/27,12.83
2016/7/28,12.72
2016/7/29,11.87
2016/8/1,12.44
2016/8/2,13.37
2016/8/3,12.86
2016/8/4,12.42
2016/8/5,11.39
2016/8/8,11.5
2016/8/9,11.66
2016/8/10,12.05
2016/8/11,11.68
2016/8/12,11.55
2016/8/15,11.81
2016/8/16,12.64
2016/8/17,12.19
2016/8/18,11.43
2016/8/19,11.34
2016/8/22,12.27
2016/8/23,12.38
2016/8/24,13.45
2016/8/25,13.63
2016/8/26,13.65
2016/8/29,12.94
2016/8/30,13.12
2016/8/31,13.42
2016/9/1,13.48
2016/9/2,11.98
2016/9/5,
2016/9/6,12.02
2016/9/7,11.94
2016/9/8,12.51
2016/9/9,17.5
2016/9/12,15.16
2016/9/13,17.85
2016/9/14,18.14
2016/9/15,16.3
2016/9/16,15.37
2016/9/19,15.53
2016/9/20,15.92
2016/9/21,13.3
2016/9/22,12.02
2016/9/23,12.29
2016/9/26,14.5
2016/9/27,13.1
2016/9/28,12.39
2016/9/29,14.02
2016/9/30,13.29
2016/10/3,13.57
2016/10/4,13.63
2016/10/5,12.99
2016/10/6,12.84
2016/10/7,13.48
2016/10/10,13.38
2016/10/11,15.36
2016/10/12,15.91
2016/10/13,16.69
2016/10/14,16.12
2016/10/17,16.21
2016/10/18,15.28
2016/10/19,14.41
2016/10/20,13.75
2016/10/21,13.34
2016/10/24,13.02
2016/10/25,13.46
2016/10/26,14.24
2016/10/27,15.36
2016/10/28,16.19
2016/10/31,17.06
2016/11/1,18.56
2016/11/2,19.32
2016/11/3,22.08
2016/11/4,22.51
2016/11/7,18.71
2016/11/8,18.74
2016/11/9,14.38
2016/11/10,14.74
2016/11/11,14.17
2016/11/14,14.48
2016/11/15,13.37
2016/11/16,13.72
2016/11/17,13.35
2016/11/18,12.85
2016/11/21,12.42
2016/11/22,12.41
2016/11/23,12.43
2016/11/24,
2016/11/25,12.34
2016/11/28,13.15
2016/11/29,12.9
2016/11/30,13.33
2016/12/1,14.07
2016/12/2,14.12
2016/12/5,12.14
2016/12/6,11.79
2016/12/7,12.22
2016/12/8,12.64
2016/12/9,11.75
2016/12/12,12.64
2016/12/13,12.72
2016/12/14,13.19
2016/12/15,12.79
2016/12/16,12.2
2016/12/19,11.71
2016/12/20,11.45
2016/12/21,11.27
2016/12/22,11.43
2016/12/23,11.44
2016/12/26,
2016/12/27,11.99
2016/12/28,12.95
2016/12/29,13.37
2016/12/30,14.04
2017/1/2,
2017/1/3,12.85
2017/1/4,11.85
2017/1/5,11.67
2017/1/6,11.32
2017/1/9,11.56
2017/1/10,11.49
2017/1/11,11.26
2017/1/12,11.54
2017/1/13,11.23
2017/1/16,
2017/1/17,11.87
2017/1/18,12.48
2017/1/19,12.78
2017/1/20,11.54
2017/1/23,11.77
2017/1/24,11.07
2017/1/25,10.81
2017/1/26,10.63
2017/1/27,10.58
2017/1/30,11.88
2017/1/31,11.99
2017/2/1,11.81
2017/2/2,11.93
2017/2/3,10.97
2017/2/6,11.37
2017/2/7,11.29
2017/2/8,11.45
2017/2/9,10.88
2017/2/10,10.85
2017/2/13,11.07
2017/2/14,10.74
2017/2/15,11.97
2017/2/16,11.76
2017/2/17,11.49
2017/2/20,
2017/2/21,11.57
2017/2/22,11.74
2017/2/23,11.71
2017/2/24,11.47
2017/2/27,12.09
2017/2/28,12.92
2017/3/1,12.54
2017/3/2,11.81
2017/3/3,10.96
2017/3/6,11.24
2017/3/7,11.45
2017/3/8,11.86
2017/3/9,12.3
2017/3/10,11.66
2017/3/13,11.35
2017/3/14,12.3
2017/3/15,11.63
2017/3/16,11.21
2017/3/17,11.28
2017/3/20,11.34
2017/3/21,12.47
2017/3/22,12.81
2017/3/23,13.12
2017/3/24,12.96
2017/3/27,12.5
2017/3/28,11.53
2017/3/29,11.42
2017/3/30,11.54
2017/3/31,12.37
2017/4/3,12.38
2017/4/4,11.79
2017/4/5,12.89
2017/4/6,12.39
2017/4/7,12.87
2017/4/10,14.05
2017/4/11,15.07
2017/4/12,15.77
2017/4/13,15.96
2017/4/14,
2017/4/17,14.66
2017/4/18,14.42
2017/4/19,14.93
2017/4/20,14.15
2017/4/21,14.63
2017/4/24,10.84
2017/4/25,10.76
2017/4/26,10.85
2017/4/27,10.36
2017/4/28,10.82
2017/5/1,10.11
2017/5/2,10.59
2017/5/3,10.68
2017/5/4,10.46
2017/5/5,10.57
2017/5/8,9.77
2017/5/9,9.96
2017/5/10,10.21
2017/5/11,10.6
2017/5/12,10.4
2017/5/15,10.42
2017/5/16,10.65
2017/5/17,15.59
2017/5/18,14.66
2017/5/19,12.04
2017/5/22,10.93
2017/5/23,10.72
2017/5/24,10.02
2017/5/25,9.99
2017/5/26,9.81
2017/5/29,
2017/5/30,10.38
2017/5/31,10.41
2017/6/1,9.89
2017/6/2,9.75
2017/6/5,10.07
2017/6/6,10.45
2017/6/7,10.39
2017/6/8,10.16
2017/6/9,10.7
2017/6/12,11.46
2017/6/13,10.42
2017/6/14,10.64
2017/6/15,10.9
2017/6/16,10.38
2017/6/19,10.37
2017/6/20,10.86
2017/6/21,10.75
2017/6/22,10.48
2017/6/23,10.02
2017/6/26,9.9
2017/6/27,11.06
2017/6/28,10.03
2017/6/29,11.44
2017/6/30,11.18
2017/7/3,11.22
2017/7/4,
2017/7/5,11.07
2017/7/6,12.54
2017/7/7,11.19
2017/7/10,11.11
2017/7/11,10.89
2017/7/12,10.3
2017/7/13,9.9
2017/7/14,9.51
2017/7/17,9.82
2017/7/18,9.89
2017/7/19,9.79
2017/7/20,9.58
2017/7/21,9.36
2017/7/24,9.43
2017/7/25,9.43
2017/7/26,9.6
2017/7/27,10.11
2017/7/28,10.29
2017/7/31,10.26
2017/8/1,10.09
2017/8/2,10.28
2017/8/3,10.44
2017/8/4,10.03
2017/8/7,9.93
2017/8/8,10.96
2017/8/9,11.11
2017/8/10,16.04
2017/8/11,15.51
2017/8/14,12.33
2017/8/15,12.04
2017/8/16,11.74
2017/8/17,15.55
2017/8/18,14.26
2017/8/21,13.19
2017/8/22,11.35
2017/8/23,12.25
2017/8/24,12.23
2017/8/25,11.28
2017/8/28,11.32
2017/8/29,11.7
2017/8/30,11.22
2017/8/31,10.59
2017/9/1,10.13
2017/9/4,
2017/9/5,12.23
2017/9/6,11.63
2017/9/7,11.55
2017/9/8,12.12
2017/9/11,10.73
2017/9/12,10.58
2017/9/13,10.5
2017/9/14,10.44
2017/9/15,10.17
2017/9/18,10.15
2017/9/19,10.18
2017/9/20,9.78
2017/9/21,9.67
2017/9/22,9.59
2017/9/25,10.21
2017/9/26,10.17
2017/9/27,9.87
2017/9/28,9.55
2017/9/29,9.51
2017/10/2,9.45
2017/10/3,9.51
2017/10/4,9.63
2017/10/5,9.19
2017/10/6,9.65
2017/10/9,10.33
2017/10/10,10.08
2017/10/11,9.85
2017/10/12,9.91
2017/10/13,9.61
2017/10/16,9.91
2017/10/17,10.31
2017/10/18,10.07
2017/10/19,10.05
2017/10/20,9.97
2017/10/23,11.07
2017/10/24,11.16
2017/10/25,11.23
2017/10/26,11.3
2017/10/27,9.8
2017/10/30,10.5
2017/10/31,10.18
2017/11/1,10.2
2017/11/2,9.93
2017/11/3,9.14
2017/11/6,9.4
2017/11/7,9.89
2017/11/8,9.78
2017/11/9,10.5
2017/11/10,11.29
2017/11/13,11.5
2017/11/14,11.59
2017/11/15,13.13
2017/11/16,11.76
2017/11/17,11.43
2017/11/20,10.65
2017/11/21,9.73
2017/11/22,9.88
2017/11/23,
2017/11/24,9.67
2017/11/27,9.87
2017/11/28,10.03
2017/11/29,10.7
2017/11/30,11.28
2017/12/1,11.43
2017/12/4,11.68
2017/12/5,11.33
2017/12/6,11.02
2017/12/7,10.16
2017/12/8,9.58
2017/12/11,9.34
2017/12/12,9.92
2017/12/13,10.18
2017/12/14,10.49
2017/12/15,9.42
2017/12/18,9.53
2017/12/19,10.03
2017/12/20,9.72
2017/12/21,9.62
2017/12/22,9.9
2017/12/25,
2017/12/26,10.25
2017/12/27,10.47
2017/12/28,10.18
2017/12/29,11.04
2018/1/1,
2018/1/2,9.77
2018/1/3,9.15
2018/1/4,9.22
2018/1/5,9.22
2018/1/8,9.52
2018/1/9,10.08
2018/1/10,9.82
2018/1/11,9.88
2018/1/12,10.16
2018/1/15,
2018/1/16,11.66
2018/1/17,11.91
2018/1/18,12.22
2018/1/19,11.27
2018/1/22,11.03
2018/1/23,11.1
2018/1/24,11.47
2018/1/25,11.58
2018/1/26,11.08
2018/1/29,13.84
2018/1/30,14.79
2018/1/31,13.54
2018/2/1,13.47
2018/2/2,17.31
2018/2/5,37.32
2018/2/6,29.98
2018/2/7,27.73
2018/2/8,33.46
2018/2/9,29.06
2018/2/12,25.61
2018/2/13,24.97
2018/2/14,19.26
2018/2/15,19.13
2018/2/16,19.46
2018/2/19,
2018/2/20,20.6
2018/2/21,20.02
2018/2/22,18.72
2018/2/23,16.49
2018/2/26,15.8
2018/2/27,18.59
2018/2/28,19.85
2018/3/1,22.47
2018/3/2,19.59
2018/3/5,18.73
2018/3/6,18.36
2018/3/7,17.76
2018/3/8,16.54
2018/3/9,14.64
2018/3/12,15.78
2018/3/13,16.35
2018/3/14,17.23
2018/3/15,16.59
2018/3/16,15.8
2018/3/19,19.02
2018/3/20,18.2
2018/3/21,17.86
2018/3/22,23.34
2018/3/23,24.87
2018/3/26,21.03
2018/3/27,22.5
2018/3/28,22.87
2018/3/29,19.97
2018/3/30,
2018/4/2,23.62
2018/4/3,21.1
2018/4/4,20.06
2018/4/5,18.94
2018/4/6,21.49
2018/4/9,21.77
2018/4/10,20.47
2018/4/11,20.24
2018/4/12,18.49
2018/4/13,17.41
2018/4/16,16.56
2018/4/17,15.25
2018/4/18,15.6
2018/4/19,15.96
2018/4/20,16.88
2018/4/23,16.34
2018/4/24,18.02
2018/4/25,17.84
2018/4/26,16.24
2018/4/27,15.41
2018/4/30,15.93
2018/5/1,15.49
2018/5/2,15.97
2018/5/3,15.9
2018/5/4,14.77
2018/5/7,14.75
2018/5/8,14.71
2018/5/9,13.42
2018/5/10,13.23
2018/5/11,12.65
2018/5/14,12.93
2018/5/15,14.63
2018/5/16,13.42
2018/5/17,13.43
2018/5/18,13.42
2018/5/21,13.08
2018/5/22,13.22
2018/5/23,12.58
2018/5/24,12.53
2018/5/25,13.22
2018/5/28,
2018/5/29,17.02
2018/5/30,14.94
2018/5/31,15.43
2018/6/1,13.46
2018/6/4,12.74
2018/6/5,12.4
2018/6/6,11.64
2018/6/7,12.13
2018/6/8,12.18
2018/6/11,12.35
2018/6/12,12.34
2018/6/13,12.94
2018/6/14,12.12
2018/6/15,11.98
2018/6/18,12.31
2018/6/19,13.35
2018/6/20,12.79
2018/6/21,14.64
2018/6/22,13.77
2018/6/25,17.33
2018/6/26,15.92
2018/6/27,17.91
2018/6/28,16.85
2018/6/29,16.09
2018/7/2,15.6
2018/7/3,16.14
2018/7/4,
2018/7/5,14.97
2018/7/6,13.37
2018/7/9,12.69
2018/7/10,12.64
2018/7/11,13.63
2018/7/12,12.58
2018/7/13,12.18
2018/7/16,12.83
2018/7/17,12.06
2018/7/18,12.1
2018/7/19,12.87
2018/7/20,12.86
2018/7/23,12.62
2018/7/24,12.41
2018/7/25,12.29
2018/7/26,12.14
2018/7/27,13.03
2018/7/30,14.26
2018/7/31,12.83
2018/8/1,13.15
2018/8/2,12.19
2018/8/3,11.64
2018/8/6,11.27
2018/8/7,10.93
2018/8/8,10.85
2018/8/9,11.27
2018/8/10,13.16
2018/8/13,14.78
2018/8/14,13.31
2018/8/15,14.64
2018/8/16,13.45
2018/8/17,12.64
2018/8/20,12.49
2018/8/21,12.86
2018/8/22,12.25
2018/8/23,12.41
2018/8/24,11.99
2018/8/27,12.16
2018/8/28,12.5
2018/8/29,12.25
2018/8/30,13.53
2018/8/31,12.86
2018/9/3,
2018/9/4,13.16
2018/9/5,13.91
2018/9/6,14.65
2018/9/7,14.88
2018/9/10,14.16
2018/9/11,13.22
2018/9/12,13.14
2018/9/13,12.37
2018/9/14,12.07
2018/9/17,13.68
2018/9/18,12.79
2018/9/19,11.75
2018/9/20,11.8
2018/9/21,11.68
2018/9/24,12.2
2018/9/25,12.42
2018/9/26,12.89
2018/9/27,12.41
2018/9/28,12.12
2018/10/1,12
2018/10/2,12.05
2018/10/3,11.61
2018/10/4,14.22
2018/10/5,14.82
2018/10/8,15.69
2018/10/9,15.95
2018/10/10,22.96
2018/10/11,24.98
2018/10/12,21.31
2018/10/15,21.3
2018/10/16,17.62
2018/10/17,17.4
2018/10/18,20.06
2018/10/19,19.89
2018/10/22,19.64
2018/10/23,20.71
2018/10/24,25.23
2018/10/25,24.22
2018/10/26,24.16
2018/10/29,24.7
2018/10/30,23.35
2018/10/31,21.23
2018/11/1,19.34
2018/11/2,19.51
2018/11/5,19.96
2018/11/6,19.91
2018/11/7,16.36
2018/11/8,16.72
2018/11/9,17.36
2018/11/12,20.45
2018/11/13,20.02
2018/11/14,21.25
2018/11/15,19.98
2018/11/16,18.14
2018/11/19,20.1
2018/11/20,22.48
2018/11/21,20.8
2018/11/22,
2018/11/23,21.52
2018/11/26,18.9
2018/11/27,19.02
2018/11/28,18.49
2018/11/29,18.79
2018/11/30,18.07
2018/12/3,16.44
2018/12/4,20.74
2018/12/5,
2018/12/6,21.19
2018/12/7,23.23
2018/12/10,22.64
2018/12/11,21.76
2018/12/12,21.46
2018/12/13,20.65
2018/12/14,21.63
2018/12/17,24.52
2018/12/18,25.58
2018/12/19,25.58
2018/12/20,28.38
2018/12/21,30.11
2018/12/24,36.07
2018/12/25,
2018/12/26,30.41
2018/12/27,29.96
2018/12/28,28.34
2018/12/31,25.42
2019/1/1,
2019/1/2,23.22
2019/1/3,25.45
2019/1/4,21.38
2019/1/7,21.4
2019/1/8,20.47
2019/1/9,19.98
2019/1/10,19.5
2019/1/11,18.19
2019/1/14,19.07
2019/1/15,18.6
2019/1/16,19.04
2019/1/17,18.06
2019/1/18,17.8
2019/1/21,
2019/1/22,20.8
2019/1/23,19.52
2019/1/24,18.89
2019/1/25,17.42
2019/1/28,18.87
2019/1/29,19.13
2019/1/30,17.66
2019/1/31,16.57
2019/2/1,16.14
2019/2/4,15.73
2019/2/5,15.57
2019/2/6,15.38
2019/2/7,16.37
2019/2/8,15.72
2019/2/11,15.97
2019/2/12,15.43
2019/2/13,15.65
2019/2/14,16.22
2019/2/15,14.91
2019/2/18,
2019/2/19,14.88
2019/2/20,14.02
2019/2/21,14.46
2019/2/22,13.51
2019/2/25,14.85
2019/2/26,15.17
2019/2/27,14.7
2019/2/28,14.78
2019/3/1,13.57
2019/3/4,14.63
2019/3/5,14.74
2019/3/6,15.74
2019/3/7,16.59
2019/3/8,16.05
2019/3/11,14.33
2019/3/12,13.77
2019/3/13,13.41
2019/3/14,13.5
2019/3/15,12.88
2019/3/18,13.1
2019/3/19,13.56
2019/3/20,13.91
2019/3/21,13.63
2019/3/22,16.48
2019/3/25,16.33
2019/3/26,14.68
2019/3/27,15.15
2019/3/28,14.43
2019/3/29,13.71
2019/4/1,13.4
2019/4/2,13.36
2019/4/3,13.74
2019/4/4,13.58
2019/4/5,12.82
2019/4/8,13.18
2019/4/9,14.28
2019/4/10,13.3
2019/4/11,13.02
2019/4/12,12.01
2019/4/15,12.32
2019/4/16,12.18
2019/4/17,12.6
2019/4/18,12.09
2019/4/19,
2019/4/22,12.42
2019/4/23,12.28
2019/4/24,13.14
2019/4/25,13.25
2019/4/26,12.73
2019/4/29,13.11
2019/4/30,13.12
2019/5/1,14.8
2019/5/2,14.42
2019/5/3,12.87
2019/5/6,15.44
2019/5/7,19.32
2019/5/8,19.4
2019/5/9,19.1
2019/5/10,16.04
2019/5/13,20.55
2019/5/14,18.06
2019/5/15,16.44
2019/5/16,15.29
2019/5/17,15.96
2019/5/20,16.31
2019/5/21,14.95
2019/5/22,14.75
2019/5/23,16.92
2019/5/24,15.85
2019/5/27,
2019/5/28,17.5
2019/5/29,17.9
2019/5/30,17.3
2019/5/31,18.71
2019/6/3,18.86
2019/6/4,16.97
2019/6/5,16.09
2019/6/6,15.93
2019/6/7,16.3
2019/6/10,15.94
2019/6/11,15.99
2019/6/12,15.91
2019/6/13,15.82
2019/6/14,15.28
2019/6/17,15.35
2019/6/18,15.15
2019/6/19,14.33
2019/6/20,14.75
2019/6/21,15.4
2019/6/24,15.26
2019/6/25,16.28
2019/6/26,16.21
2019/6/27,15.82
2019/6/28,15.08
2019/7/1,14.06
2019/7/2,12.93
2019/7/3,12.57
2019/7/4,
2019/7/5,13.28
2019/7/8,13.96
2019/7/9,14.09
2019/7/10,13.03
2019/7/11,12.93
2019/7/12,12.39
2019/7/15,12.68
2019/7/16,12.86
2019/7/17,13.97
2019/7/18,13.53
2019/7/19,14.45
2019/7/22,13.53
2019/7/23,12.61
2019/7/24,12.07
2019/7/25,12.74
2019/7/26,12.16
2019/7/29,12.83
2019/7/30,13.94
2019/7/31,16.12
2019/8/1,17.87
2019/8/2,17.61
2019/8/5,24.59
2019/8/6,20.17
2019/8/7,19.49
2019/8/8,16.91
2019/8/9,17.97
2019/8/12,21.09
2019/8/13,17.52
2019/8/14,22.1
2019/8/15,21.18
2019/8/16,18.47
2019/8/19,16.88
2019/8/20,17.5
2019/8/21,15.8
2019/8/22,16.68
2019/8/23,19.87
2019/8/26,19.32
2019/8/27,20.31
2019/8/28,19.35
2019/8/29,17.88
2019/8/30,18.98
2019/9/2,
2019/9/3,19.66
2019/9/4,17.33
2019/9/5,16.27
2019/9/6,15
2019/9/9,15.27
2019/9/10,15.2
2019/9/11,14.61
2019/9/12,14.22
2019/9/13,13.74
2019/9/16,14.67
2019/9/17,14.44
2019/9/18,13.95
2019/9/19,14.05
2019/9/20,15.32
2019/9/23,14.91
2019/9/24,17.05
2019/9/25,15.96
2019/9/26,16.07
2019/9/27,17.22
2019/9/30,16.24
2019/10/1,18.56
2019/10/2,20.56
2019/10/3,19.12
2019/10/4,17.04
2019/10/7,17.86
2019/10/8,20.28
2019/10/9,18.64
2019/10/10,17.57
2019/10/11,15.58
2019/10/14,14.57
2019/10/15,13.54
2019/10/16,13.68
2019/10/17,13.79
2019/10/18,14.25
2019/10/21,14
2019/10/22,14.46
2019/10/23,14.01
2019/10/24,13.71
2019/10/25,12.65
2019/10/28,13.11
2019/10/29,13.2
2019/10/30,12.33
2019/10/31,13.22
2019/11/1,12.3
2019/11/4,12.83
2019/11/5,13.1
2019/11/6,12.62
2019/11/7,12.73
2019/11/8,12.07
2019/11/11,12.69
2019/11/12,12.68
2019/11/13,13
2019/11/14,13.05
2019/11/15,12.05
2019/11/18,12.46
2019/11/19,12.86
2019/11/20,12.78
2019/11/21,13.13
2019/11/22,12.34
2019/11/25,11.87
2019/11/26,11.54
2019/11/27,11.75
2019/11/28,
2019/11/29,12.62
2019/12/2,14.91
2019/12/3,15.96
2019/12/4,14.8
2019/12/5,14.52
2019/12/6,13.62
2019/12/9,15.86
2019/12/10,15.68
2019/12/11,14.99
2019/12/12,13.94
2019/12/13,12.63
2019/12/16,12.14
2019/12/17,12.29
2019/12/18,12.58
2019/12/19,12.5
2019/12/20,12.51
2019/12/23,12.61
2019/12/24,12.67
2019/12/25,
2019/12/26,12.65
2019/12/27,13.43
2019/12/30,14.82
2019/12/31,13.78
2020/1/1,
2020/1/2,12.47
2020/1/3,14.02
2020/1/6,13.85
2020/1/7,13.79
2020/1/8,13.45
2020/1/9,12.54
2020/1/10,12.56
2020/1/13,12.32
2020/1/14,12.39
2020/1/15,12.42
2020/1/16,12.32
2020/1/17,12.1
2020/1/20,
2020/1/21,12.85
2020/1/22,12.91
2020/1/23,12.98
2020/1/24,14.56
2020/1/27,18.23
2020/1/28,16.28
2020/1/29,16.39
2020/1/30,15.49
2020/1/31,18.84
2020/2/3,17.97
2020/2/4,16.05
2020/2/5,15.15
2020/2/6,14.96
2020/2/7,15.47
2020/2/10,15.04
2020/2/11,15.18
2020/2/12,13.74
2020/2/13,14.15
2020/2/14,13.68
2020/2/17,
2020/2/18,14.83
2020/2/19,14.38
2020/2/20,15.56
2020/2/21,17.08
2020/2/24,25.03
2020/2/25,27.85
2020/2/26,27.56
2020/2/27,39.16
2020/2/28,40.11
2020/3/2,33.42
2020/3/3,36.82
2020/3/4,31.99
2020/3/5,39.62
2020/3/6,41.94
2020/3/9,54.46
2020/3/10,47.3
2020/3/11,53.9
2020/3/12,75.47
2020/3/13,57.83
2020/3/16,82.69
2020/3/17,75.91
2020/3/18,76.45
2020/3/19,72
2020/3/20,66.04
2020/3/23,61.59
2020/3/24,61.67
2020/3/25,63.95
2020/3/26,61
2020/3/27,65.54
2020/3/30,57.08
2020/3/31,53.54
2020/4/1,57.06
2020/4/2,50.91
2020/4/3,46.8
2020/4/6,45.24
2020/4/7,46.7
2020/4/8,43.35
2020/4/9,41.67
2020/4/10,
2020/4/13,41.17
2020/4/14,37.76
2020/4/15,40.84
2020/4/16,40.11
2020/4/17,38.15
2020/4/20,43.83
2020/4/21,45.41
2020/4/22,41.98
2020/4/23,41.38
2020/4/24,35.93
2020/4/27,33.29
2020/4/28,33.57
2020/4/29,31.23
2020/4/30,34.15
2020/5/1,37.19
2020/5/4,35.97
2020/5/5,33.61
2020/5/6,34.12
2020/5/7,31.44
2020/5/8,27.98
2020/5/11,27.57
2020/5/12,33.04
2020/5/13,35.28
2020/5/14,32.61
2020/5/15,31.89
2020/5/18,29.3
2020/5/19,30.53
2020/5/20,27.99
2020/5/21,29.53
2020/5/22,28.16
2020/5/25,
2020/5/26,28.01
2020/5/27,27.62
2020/5/28,28.59
2020/5/29,27.51
2020/6/1,28.23
2020/6/2,26.84
2020/6/3,25.66
2020/6/4,25.81
2020/6/5,24.52
2020/6/8,25.81
2020/6/9,27.57
2020/6/10,27.57
2020/6/11,40.79
2020/6/12,36.09
2020/6/15,34.4
2020/6/16,33.67
2020/6/17,33.47
2020/6/18,32.94
2020/6/19,35.12
2020/6/22,31.77
2020/6/23,31.37
2020/6/24,33.84
2020/6/25,32.22
2020/6/26,34.73
2020/6/29,31.78
2020/6/30,30.43
2020/7/1,28.62
2020/7/2,27.68
2020/7/3,
2020/7/6,27.94
2020/7/7,29.43
2020/7/8,28.08
2020/7/9,29.26
2020/7/10,27.29
2020/7/13,32.19
2020/7/14,29.52
2020/7/15,27.76
2020/7/16,28
2020/7/17,25.68
2020/7/20,24.46
2020/7/21,24.84
2020/7/22,24.32
2020/7/23,26.08
2020/7/24,25.84
2020/7/27,24.74
2020/7/28,25.44
2020/7/29,24.1
2020/7/30,24.76
2020/7/31,24.46
2020/8/3,24.28
2020/8/4,23.76
2020/8/5,22.99
2020/8/6,22.65
2020/8/7,22.21
2020/8/10,22.13
2020/8/11,24.03
2020/8/12,22.28
2020/8/13,22.13
2020/8/14,22.05
2020/8/17,21.35
2020/8/18,21.51
2020/8/19,22.54
2020/8/20,22.72
2020/8/21,22.54
2020/8/24,22.37
2020/8/25,22.03
2020/8/26,23.27
2020/8/27,24.47
2020/8/28,22.96
2020/8/31,26.41
2020/9/1,26.12
2020/9/2,26.57
2020/9/3,33.6
2020/9/4,30.75
2020/9/7,
2020/9/8,31.46
2020/9/9,28.81
2020/9/10,29.71
2020/9/11,26.87
2020/9/14,25.85
2020/9/15,25.59
2020/9/16,26.04
2020/9/17,26.46
2020/9/18,25.83
2020/9/21,27.78
2020/9/22,26.86
2020/9/23,28.58
2020/9/24,28.51
2020/9/25,26.38
2020/9/28,26.19
2020/9/29,26.27
2020/9/30,26.37
2020/10/1,26.7
2020/10/2,27.63
2020/10/5,27.96
2020/10/6,29.48
2020/10/7,28.06
2020/10/8,26.36
2020/10/9,25
2020/10/12,25.07
2020/10/13,26.07
2020/10/14,26.4
2020/10/15,26.97
2020/10/16,27.41
2020/10/19,29.18
2020/10/20,29.35
2020/10/21,28.65
2020/10/22,28.11
2020/10/23,27.55
2020/10/26,32.46
2020/10/27,33.35
2020/10/28,40.28
2020/10/29,37.59
2020/10/30,38.02
2020/11/2,37.13
2020/11/3,35.55
2020/11/4,29.57
2020/11/5,27.58
2020/11/6,24.86
2020/11/9,25.75
2020/11/10,24.8
2020/11/11,23.45
2020/11/12,25.35
2020/11/13,23.1
2020/11/16,22.45
2020/11/17,22.71
2020/11/18,23.84
2020/11/19,23.11
2020/11/20,23.7
2020/11/23,22.66
2020/11/24,21.64
2020/11/25,21.25
2020/11/26,
2020/11/27,20.84
2020/11/30,20.57
2020/12/1,20.77
2020/12/2,21.17
2020/12/3,21.28
2020/12/4,20.79
2020/12/7,21.3
2020/12/8,20.68
2020/12/9,22.27
2020/12/10,22.52
2020/12/11,23.31
2020/12/14,24.72
2020/12/15,22.89
2020/12/16,22.5
2020/12/17,21.93
2020/12/18,21.57
2020/12/21,25.16
2020/12/22,24.23
2020/12/23,23.31
2020/12/24,21.53
2020/12/25,
2020/12/28,21.7
2020/12/29,23.08
2020/12/30,22.77
2020/12/31,22.75
2021/1/1,
2021/1/4,26.97
2021/1/5,25.34
2021/1/6,25.07
2021/1/7,22.37
2021/1/8,21.56
2021/1/11,24.08
2021/1/12,23.33
2021/1/13,22.21
2021/1/14,23.25
2021/1/15,24.34
2021/1/18,
2021/1/19,23.24
2021/1/20,21.58
2021/1/21,21.32
2021/1/22,21.91
2021/1/25,23.19
2021/1/26,23.02
2021/1/27,37.21
2021/1/28,30.21
2021/1/29,33.09
2021/2/1,30.24
2021/2/2,25.56
2021/2/3,22.91
2021/2/4,21.77
2021/2/5,20.87
2021/2/8,21.24
2021/2/9,21.63
2021/2/10,21.99
2021/2/11,21.25
2021/2/12,19.97
2021/2/15,
2021/2/16,21.46
2021/2/17,21.5
2021/2/18,22.49
2021/2/19,22.05
2021/2/22,23.45
2021/2/23,23.11
2021/2/24,21.34
2021/2/25,28.89
2021/2/26,27.95
2021/3/1,23.35
2021/3/2,24.1
2021/3/3,26.67
2021/3/4,28.57
2021/3/5,24.66
2021/3/8,25.47
2021/3/9,24.03
2021/3/10,22.56
2021/3/11,21.91
2021/3/12,20.69
2021/3/15,20.03
2021/3/16,19.79
2021/3/17,19.23
2021/3/18,21.58
2021/3/19,20.95
2021/3/22,18.88
2021/3/23,20.3
2021/3/24,21.2
2021/3/25,19.81
2021/3/26,18.86
2021/3/29,20.74
2021/3/30,19.61
2021/3/31,19.4
2021/4/1,17.33
2021/4/2,
2021/4/5,17.91
2021/4/6,18.12
2021/4/7,17.16
2021/4/8,16.95
2021/4/9,16.69
2021/4/12,16.91
2021/4/13,16.65
2021/4/14,16.99
2021/4/15,16.57
2021/4/16,16.25
2021/4/19,17.29
2021/4/20,18.68
2021/4/21,17.5
2021/4/22,18.71
2021/4/23,17.33
2021/4/26,17.64
2021/4/27,17.56
2021/4/28,17.28
2021/4/29,17.61
2021/4/30,18.61
2021/5/3,18.31
2021/5/4,19.48
2021/5/5,19.15
2021/5/6,18.39
2021/5/7,16.69
2021/5/10,19.66
2021/5/11,21.84
2021/5/12,27.59
2021/5/13,23.13
2021/5/14,18.81
2021/5/17,19.72
2021/5/18,21.34
2021/5/19,22.18
2021/5/20,20.67
2021/5/21,20.15
2021/5/24,18.4
2021/5/25,18.84
2021/5/26,17.36
2021/5/27,16.74
2021/5/28,16.76
2021/5/31,
2021/6/1,17.9
2021/6/2,17.48
2021/6/3,18.04
2021/6/4,16.42
2021/6/7,16.42
2021/6/8,17.07
2021/6/9,17.89
2021/6/10,16.1
2021/6/11,15.65
2021/6/14,16.39
2021/6/15,17.02
2021/6/16,18.15
2021/6/17,17.75
2021/6/18,20.7
2021/6/21,17.89
2021/6/22,16.66
2021/6/23,16.32
2021/6/24,15.97
2021/6/25,15.62
2021/6/28,15.76
2021/6/29,16.02
2021/6/30,15.83
2021/7/1,15.48
2021/7/2,15.07
2021/7/5,
2021/7/6,16.44
2021/7/7,16.2
2021/7/8,19
2021/7/9,16.18
2021/7/12,16.17
2021/7/13,17.12
2021/7/14,16.33
2021/7/15,17.01
2021/7/16,18.45
2021/7/19,22.5
2021/7/20,19.73
2021/7/21,17.91
2021/7/22,17.69
2021/7/23,17.2
2021/7/26,17.58
2021/7/27,19.36
2021/7/28,18.31
2021/7/29,17.7
2021/7/30,18.24
2021/8/2,19.46
2021/8/3,18.04
2021/8/4,17.97
2021/8/5,17.28
2021/8/6,16.15
2021/8/9,16.72
2021/8/10,16.79
2021/8/11,16.06
2021/8/12,15.59
2021/8/13,15.45
2021/8/16,16.12
2021/8/17,17.91
2021/8/18,21.57
2021/8/19,21.67
2021/8/20,18.56
2021/8/23,17.15
2021/8/24,17.22
2021/8/25,16.79
2021/8/26,18.84
2021/8/27,16.39
2021/8/30,16.19
2021/8/31,16.48
2021/9/1,16.11
2021/9/2,16.41
2021/9/3,16.41
2021/9/6,
2021/9/7,18.14
2021/9/8,17.96
2021/9/9,18.8
2021/9/10,20.95
2021/9/13,19.37
2021/9/14,19.46
2021/9/15,18.18
2021/9/16,18.69
2021/9/17,20.81
2021/9/20,25.71
2021/9/21,24.36
2021/9/22,20.87
2021/9/23,18.63
2021/9/24,17.75
2021/9/27,18.76
2021/9/28,23.25
2021/9/29,22.56
2021/9/30,23.14
2021/10/1,21.15
2021/10/4,22.96
2021/10/5,21.3
2021/10/6,21
2021/10/7,19.54
2021/10/8,18.77
2021/10/11,20
2021/10/12,19.85
2021/10/13,18.64
2021/10/14,16.86
2021/10/15,16.3
2021/10/18,16.31
2021/10/19,15.7
2021/10/20,15.49
2021/10/21,15.01
2021/10/22,15.43
2021/10/25,15.24
2021/10/26,15.98
2021/10/27,16.98
2021/10/28,16.53
2021/10/29,16.26
2021/11/1,16.41
2021/11/2,16.03
2021/11/3,15.1
2021/11/4,15.44
2021/11/5,16.48
2021/11/8,17.22
2021/11/9,17.78
2021/11/10,18.73
2021/11/11,17.66
2021/11/12,16.29
2021/11/15,16.49
2021/11/16,16.37
2021/11/17,17.11
2021/11/18,17.59
2021/11/19,17.91
2021/11/22,19.17
2021/11/23,19.38
2021/11/24,18.58
2021/11/25,
2021/11/26,28.62
2021/11/29,22.96
2021/11/30,27.19
2021/12/1,31.12
2021/12/2,27.95
2021/12/3,30.67
2021/12/6,27.18
2021/12/7,21.89
2021/12/8,19.9
2021/12/9,21.58
2021/12/10,18.69
2021/12/13,20.31
2021/12/14,21.89
2021/12/15,19.29
2021/12/16,20.57
2021/12/17,21.57
2021/12/20,22.87
2021/12/21,21.01
2021/12/22,18.63
2021/12/23,17.96
2021/12/24,
2021/12/27,17.68
2021/12/28,17.54
2021/12/29,16.95
2021/12/30,17.33
2021/12/31,17.22
2022/1/3,16.6
2022/1/4,16.91
2022/1/5,19.73
2022/1/6,19.61
2022/1/7,18.76
2022/1/10,19.4
2022/1/11,18.41
2022/1/12,17.62
2022/1/13,20.31
2022/1/14,19.19
2022/1/17,
2022/1/18,22.79
2022/1/19,23.85
2022/1/20,25.59
2022/1/21,28.85
2022/1/24,29.9
2022/1/25,31.16
2022/1/26,31.96
2022/1/27,30.49
2022/1/28,27.66
2022/1/31,24.83
2022/2/1,21.96
2022/2/2,22.09
2022/2/3,24.35
2022/2/4,23.22
2022/2/7,22.86
2022/2/8,21.44
2022/2/9,19.96
2022/2/10,23.91
2022/2/11,27.36
2022/2/14,28.33
2022/2/15,25.7
2022/2/16,24.29
2022/2/17,28.11
2022/2/18,27.75
2022/2/21,
2022/2/22,28.81
2022/2/23,31.02
2022/2/24,30.32
2022/2/25,27.59
2022/2/28,30.15
2022/3/1,33.32
2022/3/2,30.74
2022/3/3,30.48
2022/3/4,31.98
2022/3/7,36.45
2022/3/8,35.13
2022/3/9,32.45
2022/3/10,30.23
2022/3/11,30.75
2022/3/14,31.77
2022/3/15,29.83
2022/3/16,26.67
2022/3/17,25.67
2022/3/18,23.87
2022/3/21,23.53
2022/3/22,22.94
2022/3/23,23.57
2022/3/24,21.67
2022/3/25,20.81
2022/3/28,19.63
2022/3/29,18.9
2022/3/30,19.33
2022/3/31,20.56
2022/4/1,19.63
2022/4/4,18.57
2022/4/5,21.03
2022/4/6,22.1
2022/4/7,21.55
2022/4/8,21.16
2022/4/11,24.37
2022/4/12,24.26
2022/4/13,21.82
2022/4/14,22.7
2022/4/15,
2022/4/18,22.17
2022/4/19,21.37
2022/4/20,20.32
2022/4/21,22.68
2022/4/22,28.21
2022/4/25,27.02
2022/4/26,33.52
2022/4/27,31.6
2022/4/28,29.99
2022/4/29,33.4
2022/5/2,32.34
2022/5/3,29.25
2022/5/4,25.42
2022/5/5,31.2
2022/5/6,30.19
2022/5/9,34.75
2022/5/10,32.99
2022/5/11,32.56
2022/5/12,31.77
2022/5/13,28.87
2022/5/16,27.47
2022/5/17,26.1
2022/5/18,30.96
2022/5/19,29.35
2022/5/20,29.43
2022/5/23,28.48
2022/5/24,29.45
2022/5/25,28.37
2022/5/26,27.5
2022/5/27,25.72
2022/5/30,26.54
2022/5/31,26.19
2022/6/1,25.69
2022/6/2,24.72
2022/6/3,24.79
2022/6/6,25.07
2022/6/7,24.02
2022/6/8,23.96
2022/6/9,26.09
2022/6/10,27.75
2022/6/13,34.02
2022/6/14,32.69
2022/6/15,29.62
2022/6/16,32.95
2022/6/17,31.13
2022/6/20,31.03
2022/6/21,30.19
2022/6/22,28.95
2022/6/23,29.05
2022/6/24,27.23
2022/6/27,26.95
2022/6/28,28.36
2022/6/29,28.16
2022/6/30,28.71
2022/7/1,26.7
2022/7/4,27.53
2022/7/5,27.54
2022/7/6,26.73
2022/7/7,26.08
2022/7/8,24.64
2022/7/11,26.17
2022/7/12,27.29
2022/7/13,26.82
2022/7/14,26.4
2022/7/15,24.23
2022/7/18,25.3
2022/7/19,24.5
2022/7/20,23.88
2022/7/21,23.11
2022/7/22,23.03
2022/7/25,23.36
2022/7/26,24.69
2022/7/27,23.24
2022/7/28,22.33
2022/7/29,21.33
2022/8/1,22.84
2022/8/2,23.93
2022/8/3,21.95
2022/8/4,21.44
2022/8/5,21.15
2022/8/8,21.29
2022/8/9,21.77
2022/8/10,19.74
2022/8/11,20.2
2022/8/12,19.53
2022/8/15,19.95
2022/8/16,19.69
2022/8/17,19.9
2022/8/18,19.56
2022/8/19,20.6
2022/8/22,23.8
2022/8/23,24.11
2022/8/24,22.82
2022/8/25,21.78
2022/8/26,25.56
2022/8/29,26.21
2022/8/30,26.21
2022/8/31,25.87
2022/9/1,25.56
2022/9/2,25.47
2022/9/5,25.99
2022/9/6,26.91
2022/9/7,24.64
2022/9/8,23.61
2022/9/9,22.79
2022/9/12,23.87
2022/9/13,27.27
2022/9/14,26.16
2022/9/15,26.27
2022/9/16,26.3
2022/9/19,25.76
2022/9/20,27.16
2022/9/21,27.99
2022/9/22,27.35
2022/9/23,29.92
2022/9/26,32.26
2022/9/27,32.6
2022/9/28,30.18
2022/9/29,31.84
2022/9/30,31.62
2022/10/3,30.1
2022/10/4,29.07
2022/10/5,28.55
2022/10/6,30.52
2022/10/7,31.36
2022/10/10,32.45
2022/10/11,33.63
2022/10/12,33.57
2022/10/13,31.94
2022/10/14,32.02
2022/10/17,31.37
2022/10/18,30.5
2022/10/19,30.76
2022/10/20,29.98
2022/10/21,29.69
2022/10/24,29.85
2022/10/25,28.46
2022/10/26,27.28
2022/10/27,27.39
2022/10/28,25.75
2022/10/31,25.88
2022/11/1,25.81
2022/11/2,25.86
2022/11/3,25.3
2022/11/4,24.55
2022/11/7,24.35
2022/11/8,25.54
2022/11/9,26.09
2022/11/10,23.53
2022/11/11,22.52
2022/11/14,23.73
2022/11/15,24.54
2022/11/16,24.11
2022/11/17,23.93
2022/11/18,23.12
2022/11/21,22.36
2022/11/22,21.29
2022/11/23,20.35
2022/11/24,20.42
2022/11/25,20.5
2022/11/28,22.21
2022/11/29,21.89
2022/11/30,20.58
2022/12/1,19.84
2022/12/2,19.06
2022/12/5,20.75
2022/12/6,22.17
2022/12/7,22.68
2022/12/8,22.29
2022/12/9,22.83
2022/12/12,25
2022/12/13,22.55
2022/12/14,21.14
2022/12/15,22.83
2022/12/16,22.62
2022/12/19,22.42
2022/12/20,21.48
2022/12/21,20.07
2022/12/22,21.97
2022/12/23,20.87
2022/12/26,
2022/12/27,21.65
2022/12/28,22.14
2022/12/29,21.44
2022/12/30,21.67
2023/1/2,
2023/1/3,22.9
2023/1/4,22.01
2023/1/5,22.46
2023/1/6,21.13
2023/1/9,21.97
2023/1/10,20.58
2023/1/11,21.09
2023/1/12,18.83
2023/1/13,18.35
2023/1/16,19.49
2023/1/17,19.36
2023/1/18,20.34
2023/1/19,20.52
2023/1/20,19.85
2023/1/23,19.81
2023/1/24,19.2
2023/1/25,19.08
2023/1/26,18.73
2023/1/27,18.51
2023/1/30,19.94
2023/1/31,19.4
2023/2/1,17.87
2023/2/2,18.73
2023/2/3,18.33
2023/2/6,19.43
2023/2/7,18.66
2023/2/8,19.63
2023/2/9,20.71
2023/2/10,20.53
2023/2/13,20.34
2023/2/14,18.91
2023/2/15,18.23
2023/2/16,20.17
2023/2/17,20.02
2023/2/20,21.23
2023/2/21,22.87
2023/2/22,22.29
2023/2/23,21.14
2023/2/24,21.67
2023/2/27,20.95
2023/2/28,20.7
2023/3/1,20.58
2023/3/2,19.59
2023/3/3,18.49
2023/3/6,18.61
2023/3/7,19.59
2023/3/8,19.11
2023/3/9,22.61
2023/3/10,24.8
2023/3/13,26.52
2023/3/14,23.73
2023/3/15,26.14
2023/3/16,22.99
2023/3/17,25.51
2023/3/20,24.15
2023/3/21,21.38
2023/3/22,22.26
2023/3/23,22.61
2023/3/24,21.74
2023/3/27,20.6
2023/3/28,19.97
2023/3/29,19.12
2023/3/30,19.02
2023/3/31,18.7
2023/4/3,18.55
2023/4/4,19
2023/4/5,19.08
2023/4/6,18.4
2023/4/7,
2023/4/10,18.97
2023/4/11,19.1
2023/4/12,19.09
2023/4/13,17.8
2023/4/14,17.07
2023/4/17,16.95
2023/4/18,16.83
2023/4/19,16.46
2023/4/20,17.17
2023/4/21,16.77
2023/4/24,16.89
2023/4/25,18.76
2023/4/26,18.84
2023/4/27,17.03
2023/4/28,15.78
2023/5/1,16.08
2023/5/2,17.78
2023/5/3,18.34
2023/5/4,20.09
2023/5/5,17.19
2023/5/8,16.98
2023/5/9,17.71
2023/5/10,16.94
2023/5/11,16.93
2023/5/12,17.03
2023/5/15,17.12
2023/5/16,17.99
2023/5/17,16.87
2023/5/18,16.05
2023/5/19,16.81
2023/5/22,17.21
2023/5/23,18.53
2023/5/24,20.03
2023/5/25,19.14
2023/5/26,17.95
2023/5/29,17.46
2023/5/30,17.46
2023/5/31,17.94
2023/6/1,15.65
2023/6/2,14.6
2023/6/5,14.73
2023/6/6,13.96
2023/6/7,13.94
2023/6/8,13.65
2023/6/9,13.83
2023/6/12,15.01
2023/6/13,14.61
2023/6/14,13.88
2023/6/15,14.5
2023/6/16,13.54
2023/6/19,14.19
2023/6/20,13.88
2023/6/21,13.2
2023/6/22,12.91
2023/6/23,13.44
2023/6/26,14.25
2023/6/27,13.74
2023/6/28,13.43
2023/6/29,13.54
2023/6/30,13.59
2023/7/3,13.57
2023/7/4,13.7
2023/7/5,14.18
2023/7/6,15.44
2023/7/7,14.83
2023/7/10,15.07
2023/7/11,14.84
2023/7/12,13.54
2023/7/13,13.61
2023/7/14,13.34
2023/7/17,13.48
2023/7/18,13.3
2023/7/19,13.76
2023/7/20,13.99
2023/7/21,13.6
2023/7/24,13.91
2023/7/25,13.86
2023/7/26,13.19
2023/7/27,14.41
2023/7/28,13.33
2023/7/31,13.63
2023/8/1,13.93
2023/8/2,16.09
2023/8/3,15.92
2023/8/4,17.1
2023/8/7,15.77
2023/8/8,15.99
2023/8/9,15.96
2023/8/10,15.85
2023/8/11,14.84
2023/8/14,14.82
2023/8/15,16.46
2023/8/16,16.78
2023/8/17,17.89
2023/8/18,17.3
2023/8/21,17.13
2023/8/22,16.97
2023/8/23,15.98
2023/8/24,17.2
2023/8/25,15.68
2023/8/28,15.08
2023/8/29,14.45
2023/8/30,13.88
2023/8/31,13.57
2023/9/1,13.09
2023/9/4,13.82
2023/9/5,14.01
2023/9/6,14.45
2023/9/7,14.4
2023/9/8,13.84
2023/9/11,13.8
2023/9/12,14.23
2023/9/13,13.48
2023/9/14,12.82
2023/9/15,13.79
2023/9/18,14
2023/9/19,14.11
2023/9/20,15.14
2023/9/21,17.54
2023/9/22,17.2
2023/9/25,16.9
2023/9/26,18.94
2023/9/27,18.22
2023/9/28,17.34
2023/9/29,17.52
2023/10/2,17.61
2023/10/3,19.78
2023/10/4,18.58
2023/10/5,18.49
2023/10/6,17.45
2023/10/9,17.7
2023/10/10,17.03
2023/10/11,16.09
2023/10/12,16.69
2023/10/13,19.32
2023/10/16,17.21
2023/10/17,17.88
2023/10/18,19.22
2023/10/19,21.4
2023/10/20,21.71
2023/10/23,20.37
2023/10/24,18.97
2023/10/25,20.19
2023/10/26,20.68
2023/10/27,21.27
2023/10/30,19.75
2023/10/31,18.14
2023/11/1,16.87
2023/11/2,15.66
2023/11/3,14.91
2023/11/6,14.89
2023/11/7,14.81
2023/11/8,14.45
2023/11/9,15.29
2023/11/10,14.17
2023/11/13,14.76
2023/11/14,14.16
2023/11/15,14.18
2023/11/16,14.32
2023/11/17,13.8
2023/11/20,13.41
2023/11/21,13.35
2023/11/22,12.85
2023/11/23,12.8
2023/11/24,12.46
2023/11/27,12.69
2023/11/28,12.69
2023/11/29,12.98
2023/11/30,12.92
2023/12/1,12.63
2023/12/4,13.08
2023/12/5,12.85
2023/12/6,12.97
2023/12/7,13.06
2023/12/8,12.35
2023/12/11,12.63
2023/12/12,12.07
2023/12/13,12.19
2023/12/14,12.48
2023/12/15,12.28
2023/12/18,12.56
2023/12/19,12.53
2023/12/20,13.67
2023/12/21,13.65
2023/12/22,13.03
2023/12/25,
2023/12/26,12.99
2023/12/27,12.43
2023/12/28,12.47
2023/12/29,12.45
2024/1/1,
2024/1/2,13.2
2024/1/3,14.04
2024/1/4,14.13
2024/1/5,13.35
2024/1/8,13.08
2024/1/9,12.76
2024/1/10,12.69
2024/1/11,12.44
2024/1/12,12.7
2024/1/15,13.25
2024/1/16,13.84
2024/1/17,14.79
2024/1/18,14.13
2024/1/19,13.3
2024/1/22,13.19
2024/1/23,12.55
2024/1/24,13.14
2024/1/25,13.45
2024/1/26,13.26
2024/1/29,13.6
2024/1/30,13.31
2024/1/31,14.35
2024/2/1,13.88
2024/2/2,13.85
2024/2/5,13.67
2024/2/6,13.06
2024/2/7,12.83
2024/2/8,12.79
2024/2/9,12.93
2024/2/12,13.93
2024/2/13,15.85
2024/2/14,14.38
2024/2/15,14.01
2024/2/16,14.24
2024/2/19,14.71
2024/2/20,15.42
2024/2/21,15.34
2024/2/22,14.54
2024/2/23,13.75
2024/2/26,13.74
2024/2/27,13.43
2024/2/28,13.84
2024/2/29,13.4
2024/3/1,13.11
2024/3/4,13.49
2024/3/5,14.46
2024/3/6,14.5
2024/3/7,14.44
2024/3/8,14.74
2024/3/11,15.22
2024/3/12,13.84
2024/3/13,13.75
2024/3/14,14.4
2024/3/15,14.41
2024/3/18,14.33
2024/3/19,13.82
2024/3/20,13.04
2024/3/21,12.92
2024/3/22,13.06
2024/3/25,13.19
2024/3/26,13.24
2024/3/27,12.78
2024/3/28,13.01
2024/3/29,
2024/4/1,13.65
2024/4/2,14.61
2024/4/3,14.33
2024/4/4,16.35
2024/4/5,16.03
2024/4/8,15.19
2024/4/9,14.98
2024/4/10,15.8
2024/4/11,14.91
2024/4/12,17.31
2024/4/15,19.23
2024/4/16,18.4
2024/4/17,18.21
2024/4/18,18
2024/4/19,18.71
2024/4/22,16.94
2024/4/23,15.69
2024/4/24,15.97
2024/4/25,15.37
2024/4/26,15.03
2024/4/29,14.67
2024/4/30,15.65
2024/5/1,15.39
2024/5/2,14.68
2024/5/3,13.49
2024/5/6,13.49
2024/5/7,13.23
2024/5/8,13
2024/5/9,12.69
2024/5/10,12.55
2024/5/13,13.6
2024/5/14,13.42
2024/5/15,12.45
2024/5/16,12.42
2024/5/17,11.99
2024/5/20,12.15
2024/5/21,11.86
2024/5/22,12.29
2024/5/23,12.77
2024/5/24,11.93
2024/5/27,12.36
2024/5/28,12.92
2024/5/29,14.28
2024/5/30,14.47
2024/5/31,12.92
2024/6/3,13.11
2024/6/4,13.16
2024/6/5,12.63
2024/6/6,12.58
2024/6/7,12.22
2024/6/10,12.74
2024/6/11,12.85
2024/6/12,12.04
2024/6/13,11.94
2024/6/14,12.66
2024/6/17,12.75
2024/6/18,12.3
2024/6/19,12.48
2024/6/20,13.28
2024/6/21,13.2
2024/6/24,13.33
2024/6/25,12.84
2024/6/26,12.55
2024/6/27,12.24
2024/6/28,12.44
2024/7/1,12.22
2024/7/2,12.03
2024/7/3,12.09
2024/7/4,12.26
2024/7/5,12.48
2024/7/8,12.37
2024/7/9,12.51
2024/7/10,12.85
2024/7/11,12.92
2024/7/12,12.46
2024/7/15,13.12
2024/7/16,13.19
2024/7/17,14.48
2024/7/18,15.93
2024/7/19,16.52
2024/7/22,14.91
2024/7/23,14.72
2024/7/24,18.04
2024/7/25,18.46
2024/7/26,16.39
2024/7/29,16.6
2024/7/30,17.69
2024/7/31,16.36
2024/8/1,18.59
2024/8/2,23.39
2024/8/5,38.57
2024/8/6,27.71
2024/8/7,27.85
2024/8/8,23.79
2024/8/9,20.37
2024/8/12,20.71
2024/8/13,18.12
2024/8/14,16.19
2024/8/15,15.23
2024/8/16,14.8
2024/8/19,14.65
2024/8/20,15.88
2024/8/21,16.27
2024/8/22,17.55
2024/8/23,15.86
2024/8/26,16.15
2024/8/27,15.43
2024/8/28,17.11
2024/8/29,15.65
2024/8/30,15
2024/9/2,15.55
2024/9/3,20.72
2024/9/4,21.32
2024/9/5,19.9
2024/9/6,22.38
2024/9/9,19.45
2024/9/10,19.08
2024/9/11,17.69
2024/9/12,17.07
2024/9/13,16.56
2024/9/16,17.14
2024/9/17,17.61
2024/9/18,18.23
2024/9/19,16.33
2024/9/20,16.15
2024/9/23,15.89
2024/9/24,15.39
2024/9/25,15.41
2024/9/26,15.37
2024/9/27,16.96
2024/9/30,16.73
2024/10/1,19.26
2024/10/2,18.9
2024/10/3,20.49
2024/10/4,19.21
2024/10/7,22.64
2024/10/8,21.42
2024/10/9,20.86
2024/10/10,20.93
2024/10/11,20.46
2024/10/14,19.7
2024/10/15,20.64
2024/10/16,19.58
2024/10/17,19.11
2024/10/18,18.03
2024/10/21,18.37
2024/10/22,18.2
2024/10/23,19.24
2024/10/24,19.08
2024/10/25,20.33
2024/10/28,19.8
2024/10/29,19.34
2024/10/30,20.35
2024/10/31,23.16
2024/11/1,21.88
2024/11/4,21.98
2024/11/5,20.49
2024/11/6,16.27
2024/11/7,15.2
2024/11/8,14.94
2024/11/11,14.97
2024/11/12,14.71
2024/11/13,14.02
2024/11/14,14.31
2024/11/15,16.14
2024/11/18,15.58
2024/11/19,16.35
2024/11/20,17.16
2024/11/21,16.87
2024/11/22,15.24
2024/11/25,14.6
2024/11/26,14.1
2024/11/27,14.1
2024/11/28,13.9
2024/11/29,13.51
2024/12/2,13.34
2024/12/3,13.3
2024/12/4,13.45
2024/12/5,13.54
2024/12/6,12.77
2024/12/9,14.19
2024/12/10,14.18
2024/12/11,13.58
2024/12/12,13.92
2024/12/13,13.81
2024/12/16,14.69
2024/12/17,15.87
2024/12/18,27.62
2024/12/19,24.09
2024/12/20,18.36
2024/12/23,16.78
2024/12/24,14.27
2024/12/25,
2024/12/26,14.73
2024/12/27,15.95
2024/12/30,17.4
2024/12/31,17.35
2025/1/1,
2025/1/2,17.93
2025/1/3,16.13
2025/1/6,16.04
2025/1/7,17.82
2025/1/8,17.7
2025/1/9,18.07
2025/1/10,19.54
2025/1/13,19.19
2025/1/14,18.71
2025/1/15,16.12
2025/1/16,16.6
2025/1/17,15.97
2025/1/20,15.81
2025/1/21,15.06
2025/1/22,15.1
2025/1/23,15.02
2025/1/24,14.85
2025/1/27,17.9
2025/1/28,16.41
2025/1/29,16.56
2025/1/30,15.84
2025/1/31,16.43
2025/2/3,18.62
2025/2/4,17.21
2025/2/5,15.77
2025/2/6,15.5
2025/2/7,16.54
2025/2/10,15.81
2025/2/11,16.02
2025/2/12,15.89
2025/2/13,15.1
2025/2/14,14.77
2025/2/17,15.37
2025/2/18,15.35
2025/2/19,15.27
2025/2/20,15.66
2025/2/21,18.21
2025/2/24,18.98
2025/2/25,19.43
2025/2/26,19.1
2025/2/27,21.13
2025/2/28,19.63
2025/3/3,22.78
2025/3/4,23.51
2025/3/5,21.93
2025/3/6,24.87
2025/3/7,23.37
2025/3/10,27.86
2025/3/11,26.92
2025/3/12,24.23
2025/3/13,24.66
2025/3/14,21.77
2025/3/17,20.51
2025/3/18,21.7
2025/3/19,19.9
2025/3/20,19.8
2025/3/21,19.28
2025/3/24,17.48
2025/3/25,17.15
2025/3/26,18.33
2025/3/27,18.69
2025/3/28,21.65
2025/3/31,22.28
2025/4/1,21.77
2025/4/2,21.51
2025/4/3,30.02
2025/4/4,45.31
2025/4/7,46.98
2025/4/8,52.33
2025/4/9,33.62
2025/4/10,40.72
2025/4/11,37.56
2025/4/14,30.89
2025/4/15,30.12
2025/4/16,32.64
2025/4/17,29.65
2025/4/18,
2025/4/21,33.82
2025/4/22,30.57
2025/4/23,28.45
2025/4/24,26.47
2025/4/25,24.84
2025/4/28,25.15
2025/4/29,24.17
2025/4/30,24.7
2025/5/1,24.6
2025/5/2,22.68
2025/5/5,23.64
2025/5/6,24.76
2025/5/7,23.55
2025/5/8,22.48
2025/5/9,21.9
2025/5/12,18.39
2025/5/13,18.22
2025/5/14,18.62
2025/5/15,17.83
2025/5/16,17.24
2025/5/19,18.14
2025/5/20,18.09
2025/5/21,20.87
2025/5/22,20.28
2025/5/23,22.29
2025/5/26,20.57
2025/5/27,18.96
2025/5/28,19.31
2025/5/29,19.18
2025/5/30,18.57
2025/6/2,18.36
2025/6/3,17.69
2025/6/4,17.61
2025/6/5,18.48
2025/6/6,16.77
2025/6/9,17.16
2025/6/10,16.95
2025/6/11,17.26
2025/6/12,18.02
2025/6/13,20.82
2025/6/16,19.11
2025/6/17,21.6
2025/6/18,20.14
2025/6/19,22.17
2025/6/20,20.62
2025/6/23,19.83
2025/6/24,17.48
2025/6/25,16.76
2025/6/26,16.59
2025/6/27,16.32
2025/6/30,16.73
2025/7/1,16.83
2025/7/2,16.64
2025/7/3,16.38
2025/7/4,17.48
2025/7/7,17.79
2025/7/8,16.81
2025/7/9,15.94
2025/7/10,15.78
2025/7/11,16.4
2025/7/14,17.2
2025/7/15,17.38
2025/7/16,17.16
2025/7/17,16.52
2025/7/18,16.41
2025/7/21,16.65
2025/7/22,16.5
2025/7/23,15.37
2025/7/24,15.39
2025/7/25,14.93
2025/7/28,15.03
2025/7/29,15.98
2025/7/30,15.48
2025/7/31,16.72
2025/8/1,20.38
2025/8/4,17.52
2025/8/5,17.85
2025/8/6,16.77
2025/8/7,16.57
2025/8/8,15.15
2025/8/11,16.25
2025/8/12,14.73
2025/8/13,14.49
2025/8/14,14.83
2025/8/15,15.09
2025/8/18,14.99
2025/8/19,15.57
2025/8/20,15.69
2025/8/21,16.6
2025/8/22,14.22
2025/8/25,14.79
2025/8/26,14.62
2025/8/27,14.85
2025/8/28,14.43
2025/8/29,15.36
2025/9/1,16.12
2025/9/2,17.17
2025/9/3,16.35
2025/9/4,15.3
2025/9/5,15.18
2025/9/8,15.11
2025/9/9,15.04
2025/9/10,15.35
2025/9/11,14.71
2025/9/12,14.76
2025/9/15,15.69
2025/9/16,16.36
2025/9/17,15.72
2025/9/18,15.7
2025/9/19,15.45
2025/9/22,16.1
2025/9/23,16.64
2025/9/24,16.18
2025/9/25,16.74
2025/9/26,15.29
2025/9/29,16.12
2025/9/30,16.28
2025/10/1,16.29
2025/10/2,16.63
2025/10/3,16.65
2025/10/6,16.37
2025/10/7,17.24
2025/10/8,16.3
2025/10/9,16.43
2025/10/10,21.66
2025/10/13,19.03
2025/10/14,20.81
2025/10/15,20.64
2025/10/16,25.31
2025/10/17,20.78
2025/10/20,18.23
2025/10/21,17.87
2025/10/22,18.6
2025/10/23,17.3
2025/10/24,16.37
2025/10/27,15.79
2025/10/28,16.42
2025/10/29,16.92
2025/10/30,16.91
2025/10/31,17.44
2025/11/3,17.17
2025/11/4,19
2025/11/5,18.01
2025/11/6,19.5
2025/11/7,19.08
2025/11/10,17.6
2025/11/11,17.28
2025/11/12,17.51
2025/11/13,20
2025/11/14,19.83
2025/11/17,22.38
2025/11/18,24.69
2025/11/19,23.66
2025/11/20,26.42
2025/11/21,23.43
2025/11/24,20.52
2025/11/25,18.56
2025/11/26,17.19
2025/11/27,17.21
2025/11/28,16.35
2025/12/1,17.24
2025/12/2,16.59
2025/12/3,16.08
2025/12/4,15.78
2025/12/5,15.41
2025/12/8,16.66
2025/12/9,16.93
2025/12/10,15.77
2025/12/11,14.85
2025/12/12,15.74
2025/12/15,16.5
2025/12/16,16.48
2025/12/17,17.62
2025/12/18,16.87
2025/12/19,14.91
2025/12/22,14.08
2025/12/23,14
2025/12/24,13.47
2025/12/25,
2025/12/26,13.6
2025/12/29,14.2
2025/12/30,14.33
2025/12/31,14.95
