Date,ClosePrice
2015/1/2,159.1199951
2015/1/5,150.3200073
2015/1/6,144.3999939
2015/1/7,146.9600067
2015/1/8,148.3999939
2015/1/9,146.2400055
2015/1/12,139.2799988
2015/1/13,140.9600067
2015/1/14,146.1600037
2015/1/15,139.6000061
2015/1/16,146.6399994
2015/1/20,139.8399963
2015/1/21,142.1600037
2015/1/22,139.2799988
2015/1/23,136
2015/1/26,134.9600067
2015/1/27,137.6799927
2015/1/28,132.4799957
2015/1/29,133.4400024
2015/1/30,142.5599976
2015/2/2,148.9600067
2015/2/3,156.9600067
2015/2/4,146.2400055
2015/2/5,152.2400055
2015/2/6,155.7599945
2015/2/9,158.1600037
2015/2/10,151.5200043
2015/2/11,148.0800018
2015/2/12,153.4400024
2015/2/13,156.9600067
2015/2/17,158.3200073
2015/2/18,154.0800018
2015/2/19,152.8000031
2015/2/20,149.1999969
2015/2/23,144.8800049
2015/2/24,144.3200073
2015/2/25,149.1999969
2015/2/26,144.2400055
2015/2/27,144.8000031
2015/3/2,146.5599976
2015/3/3,147.9199982
2015/3/4,152.0800018
2015/3/5,149.6799927
2015/3/6,145.9199982
2015/3/9,146.8000031
2015/3/10,143.2799988
2015/3/11,142.1600037
2015/3/12,139.5200043
2015/3/13,134.3999939
2015/3/16,130.8000031
2015/3/17,127.6800003
2015/3/18,134.0800018
2015/3/19,128.6399994
2015/3/20,131.4400024
2015/3/23,134.2400055
2015/3/24,134.3200073
2015/3/25,138.8800049
2015/3/26,145.6799927
2015/3/27,137.1199951
2015/3/30,137.8399963
2015/3/31,134.7200012
2015/4/1,140.6399994
2015/4/2,140.4799957
2015/4/6,147.4400024
2015/4/7,152.4799957
2015/4/8,144.5599976
2015/4/9,144.2400055
2015/4/10,147.2799988
2015/4/13,148
2015/4/14,150.5599976
2015/4/15,157.6799927
2015/4/16,159.5200043
2015/4/17,158.7200012
2015/4/20,159.1199951
2015/4/21,155.6000061
2015/4/22,154.8800049
2015/4/23,158.0800018
2015/4/24,157.3600006
2015/4/27,156.1600037
2015/4/28,156.8000031
2015/4/29,160.9600067
2015/4/30,164.0800018
2015/5/1,163.1999969
2015/5/4,162.2400055
2015/5/5,166.0800018
2015/5/6,166.5599976
2015/5/7,161.6000061
2015/5/8,163.3600006
2015/5/11,163.0399933
2015/5/12,165.9199982
2015/5/13,164.8800049
2015/5/14,164.2400055
2015/5/15,164.1600037
2015/5/18,163.5200043
2015/5/19,157.0399933
2015/5/20,158.7200012
2015/5/21,164
2015/5/22,162
2015/5/26,157.5200043
2015/5/27,155.8399963
2015/5/28,156.4799957
2015/5/29,162.4799957
2015/6/1,162.8800049
2015/6/2,165.4400024
2015/6/3,161.3600006
2015/6/4,157.2799988
2015/6/5,159.1999969
2015/6/8,157.6799927
2015/6/9,161.6799927
2015/6/10,165.1199951
2015/6/11,163.9199982
2015/6/12,162.1600037
2015/6/15,161.1999969
2015/6/16,162.0800018
2015/6/17,161.6799927
2015/6/18,162.8800049
2015/6/19,160.1600037
2015/6/22,161.2799988
2015/6/23,163.7599945
2015/6/24,161.6799927
2015/6/25,159.8399963
2015/6/26,159.8399963
2015/6/29,156.0800018
2015/6/30,159.0399933
2015/7/1,152.8000031
2015/7/2,151.4400024
2015/7/6,141.8399963
2015/7/7,142.0800018
2015/7/8,139.0399933
2015/7/9,141.6799927
2015/7/10,141.3600006
2015/7/13,140.0800018
2015/7/14,141.7599945
2015/7/15,137.8399963
2015/7/16,136.3999939
2015/7/17,135.9199982
2015/7/20,133.5200043
2015/7/21,135.2799988
2015/7/22,130.7200012
2015/7/23,129.1199951
2015/7/24,128.2400055
2015/7/27,125.1999969
2015/7/28,126.8000031
2015/7/29,129.9199982
2015/7/30,128.8000031
2015/7/31,124.7200012
2015/8/3,120.8000031
2015/8/4,121.7600021
2015/8/5,120.2399979
2015/8/6,118.9599991
2015/8/7,116.4800034
2015/8/10,119.1200027
2015/8/11,115.9199982
2015/8/12,115.5199966
2015/8/13,112.7200012
2015/8/14,111.9199982
2015/8/17,111.1200027
2015/8/18,112.4000015
2015/8/19,107.4400024
2015/8/20,106.9599991
2015/8/21,105.8399963
2015/8/24,99.91999817
2015/8/25,101.8399963
2015/8/26,102.1600037
2015/8/27,111.5999985
2015/8/28,119.0400009
2015/8/31,127.1200027
2015/9/1,118.4800034
2015/9/2,120.7200012
2015/9/3,122.7200012
2015/9/4,120.6399994
2015/9/8,120.1600037
2015/9/9,116.0800018
2015/9/10,119.4400024
2015/9/11,117.1999969
2015/9/14,115.1200027
2015/9/15,116.5599976
2015/9/16,122.8799973
2015/9/17,121.8399963
2015/9/18,116.9599991
2015/9/21,120.4000015
2015/9/22,119.3600006
2015/9/23,115.5199966
2015/9/24,116.7200012
2015/9/25,117.7600021
2015/9/28,115.0400009
2015/9/29,116.8799973
2015/9/30,117.4400024
2015/10/1,116.6399994
2015/10/2,118.1600037
2015/10/5,120
2015/10/6,125.9199982
2015/10/7,124.5599976
2015/10/8,128.3200073
2015/10/9,127.9199982
2015/10/12,122.4800034
2015/10/13,120.4800034
2015/10/14,120.4000015
2015/10/15,121.0400009
2015/10/16,121.7600021
2015/10/19,118.6399994
2015/10/20,117.8399963
2015/10/21,115.4400024
2015/10/22,116.0800018
2015/10/23,114.1600037
2015/10/26,112.0800018
2015/10/27,110.5599976
2015/10/28,117.5199966
2015/10/29,117.0400009
2015/10/30,118.4800034
2015/11/2,118
2015/11/3,122.2399979
2015/11/4,118.8000031
2015/11/5,115.8399963
2015/11/6,113.8399963
2015/11/9,112.6399994
2015/11/10,112.7200012
2015/11/11,110.0800018
2015/11/12,106.8000031
2015/11/13,104.4800034
2015/11/16,107.1200027
2015/11/17,104.0800018
2015/11/18,104.4000015
2015/11/19,103.6800003
2015/11/20,103.4400024
2015/11/23,104.1600037
2015/11/24,106.5599976
2015/11/25,107.1200027
2015/11/27,104.2399979
2015/11/30,103.4400024
2015/12/1,103.5999985
2015/12/2,99.83999634
2015/12/3,102.1600037
2015/12/4,99.68000031
2015/12/7,93.76000214
2015/12/8,93.44000244
2015/12/9,92.48000336
2015/12/10,90.95999908
2015/12/11,88.55999756
2015/12/14,89.27999878
2015/12/15,91.19999695
2015/12/16,87.91999817
2015/12/17,85.91999817
2015/12/18,85.27999878
2015/12/21,85.27999878
2015/12/22,86.16000366
2015/12/23,90.08000183
2015/12/24,90.40000153
2015/12/28,87.44000244
2015/12/29,90.08000183
2015/12/30,87.44000244
2015/12/31,88
2016/1/4,87.83999634
2016/1/5,85.27999878
2016/1/6,80.87999725
2016/1/7,79.19999695
2016/1/8,78.40000153
2016/1/11,74
2016/1/12,73.36000061
2016/1/13,72.72000122
2016/1/14,73.83999634
2016/1/15,70.31999969
2016/1/19,67.91999817
2016/1/20,65.91999817
2016/1/21,68.48000336
2016/1/22,74.16000366
2016/1/25,68.31999969
2016/1/26,71.76000214
2016/1/27,73.44000244
2016/1/28,77.59999847
2016/1/29,77.19999695
2016/2/1,72.16000366
2016/2/2,68.55999756
2016/2/3,74.72000122
2016/2/4,72.95999908
2016/2/5,71.27999878
2016/2/8,69.12000275
2016/2/9,65.44000244
2016/2/10,63.68000031
2016/2/11,63.91999817
2016/2/12,66.63999939
2016/2/16,66.48000336
2016/2/17,70.23999786
2016/2/18,69.27999878
2016/2/19,68.40000153
2016/2/22,71.27999878
2016/2/23,67.83999634
2016/2/24,68.72000122
2016/2/25,70.40000153
2016/2/26,70.23999786
2016/2/29,72
2016/3/1,73.19999695
2016/3/2,74.40000153
2016/3/3,74
2016/3/4,77.19999695
2016/3/7,80.87999725
2016/3/8,77.19999695
2016/3/9,81.19999695
2016/3/10,80.31999969
2016/3/11,81.51999664
2016/3/14,79.04000092
2016/3/15,77.59999847
2016/3/16,81.44000244
2016/3/17,84.40000153
2016/3/18,83.83999634
2016/3/21,84.72000122
2016/3/22,84.31999969
2016/3/23,80.87999725
2016/3/24,80.48000336
2016/3/28,80.08000183
2016/3/29,78.40000153
2016/3/30,77.83999634
2016/3/31,77.59999847
2016/4/1,74.63999939
2016/4/4,72.63999939
2016/4/5,73.04000092
2016/4/6,76.80000305
2016/4/7,76.08000183
2016/4/8,80.23999786
2016/4/11,82.23999786
2016/4/12,85.12000275
2016/4/13,84.08000183
2016/4/14,83.83999634
2016/4/15,82
2016/4/18,81.36000061
2016/4/19,83.51999664
2016/4/20,86.08000183
2016/4/21,85.76000214
2016/4/22,86.08000183
2016/4/25,84.40000153
2016/4/26,86.48000336
2016/4/27,89.12000275
2016/4/28,89.76000214
2016/4/29,90.40000153
2016/5/2,88.40000153
2016/5/3,85.91999817
2016/5/4,86.31999969
2016/5/5,87.19999695
2016/5/6,87.68000031
2016/5/9,85.44000244
2016/5/10,87.91999817
2016/5/11,90.72000122
2016/5/12,91.59999847
2016/5/13,90.95999908
2016/5/16,94.08000183
2016/5/17,95.36000061
2016/5/18,93.59999847
2016/5/19,94.31999969
2016/5/20,94
2016/5/23,93.27999878
2016/5/24,94.55999756
2016/5/25,96.23999786
2016/5/26,95.59999847
2016/5/27,95.83999634
2016/5/31,94.95999908
2016/6/1,95.44000244
2016/6/2,94.87999725
2016/6/3,94.55999756
2016/6/6,96.31999969
2016/6/7,97.76000214
2016/6/8,99.44000244
2016/6/9,98
2016/6/10,94.95999908
2016/6/13,94.08000183
2016/6/14,93.83999634
2016/6/15,91.76000214
2016/6/16,89.12000275
2016/6/17,93.27999878
2016/6/20,95.27999878
2016/6/21,95.12000275
2016/6/22,93.91999817
2016/6/23,95.83999634
2016/6/24,91.19999695
2016/6/27,89.51999664
2016/6/28,91.76000214
2016/6/29,94.31999969
2016/6/30,92.55999756
2016/7/1,94.23999786
2016/7/5,89.44000244
2016/7/6,90.63999939
2016/7/7,86.55999756
2016/7/8,86.63999939
2016/7/11,85.19999695
2016/7/12,89.51999664
2016/7/13,86
2016/7/14,86.95999908
2016/7/15,87.91999817
2016/7/18,86.55999756
2016/7/19,85.59999847
2016/7/20,85.83999634
2016/7/21,83.91999817
2016/7/22,83.36000061
2016/7/25,81.04000092
2016/7/26,80.63999939
2016/7/27,79.19999695
2016/7/28,77.36000061
2016/7/29,78.08000183
2016/8/1,75.27999878
2016/8/2,74.63999939
2016/8/3,77.51999664
2016/8/4,78.72000122
2016/8/5,78.87999725
2016/8/8,80.80000305
2016/8/9,80.55999756
2016/8/10,78.16000366
2016/8/11,81.68000031
2016/8/12,84
2016/8/15,86.08000183
2016/8/16,87.36000061
2016/8/17,87.91999817
2016/8/18,90.40000153
2016/8/19,90.72000122
2016/8/22,87.76000214
2016/8/23,88.72000122
2016/8/24,86.55999756
2016/8/25,87.59999847
2016/8/26,87.59999847
2016/8/29,86.80000305
2016/8/30,85.83999634
2016/8/31,82.87999725
2016/9/1,80.48000336
2016/9/2,81.91999817
2016/9/6,83.12000275
2016/9/7,84.16000366
2016/9/8,87.68000031
2016/9/9,84.72000122
2016/9/12,85.12000275
2016/9/13,82.95999908
2016/9/14,80.72000122
2016/9/15,81.12000275
2016/9/16,80
2016/9/19,79.83999634
2016/9/20,80.55999756
2016/9/21,83.19999695
2016/9/22,84.23999786
2016/9/23,81.51999664
2016/9/26,83.44000244
2016/9/27,81.19999695
2016/9/28,85.19999695
2016/9/29,86.95999908
2016/9/30,87.44000244
2016/10/3,88.80000305
2016/10/4,88.72000122
2016/10/5,90.80000305
2016/10/6,92.08000183
2016/10/7,90.63999939
2016/10/10,93.36000061
2016/10/11,92.63999939
2016/10/12,91.44000244
2016/10/13,91.91999817
2016/10/14,91.51999664
2016/10/17,90.95999908
2016/10/18,91.59999847
2016/10/19,93.27999878
2016/10/20,91.44000244
2016/10/21,91.83999634
2016/10/24,91.44000244
2016/10/25,89.91999817
2016/10/26,88.72000122
2016/10/27,89.68000031
2016/10/28,88.08000183
2016/10/31,84.23999786
2016/11/1,84.55999756
2016/11/2,82.23999786
2016/11/3,80.63999939
2016/11/4,79.83999634
2016/11/7,81.27999878
2016/11/8,80.80000305
2016/11/9,82.23999786
2016/11/10,80.31999969
2016/11/11,78.16000366
2016/11/14,78.95999908
2016/11/15,82.72000122
2016/11/16,81.83999634
2016/11/17,81.04000092
2016/11/18,82.55999756
2016/11/21,86.16000366
2016/11/22,85.04000092
2016/11/23,85.36000061
2016/11/25,82.63999939
2016/11/28,83.51999664
2016/11/29,80.48000336
2016/11/30,87.44000244
2016/12/1,90.63999939
2016/12/2,91.83999634
2016/12/5,90.80000305
2016/12/6,90.31999969
2016/12/7,88.72000122
2016/12/8,90.48000336
2016/12/9,91.51999664
2016/12/12,92.95999908
2016/12/13,93.83999634
2016/12/14,90.55999756
2016/12/15,90.87999725
2016/12/16,92.40000153
2016/12/19,92
2016/12/20,92.95999908
2016/12/21,91.51999664
2016/12/22,91.68000031
2016/12/23,92.48000336
2016/12/27,93.83999634
2016/12/28,94
2016/12/29,93.76000214
2016/12/30,93.76000214
2017/1/3,91.51999664
2017/1/4,92.63999939
2017/1/5,93.59999847
2017/1/6,93.44000244
2017/1/9,90.48000336
2017/1/10,88.55999756
2017/1/11,90.95999908
2017/1/12,92.31999969
2017/1/13,91.27999878
2017/1/17,91.44000244
2017/1/18,89.27999878
2017/1/19,89.36000061
2017/1/20,91.12000275
2017/1/23,90.55999756
2017/1/24,90.95999908
2017/1/25,90.48000336
2017/1/26,92.23999786
2017/1/27,91.19999695
2017/1/30,90.23999786
2017/1/31,90.55999756
2017/2/1,91.83999634
2017/2/2,92.08000183
2017/2/3,92.31999969
2017/2/6,91.04000092
2017/2/7,89.51999664
2017/2/8,89.83999634
2017/2/9,90.80000305
2017/2/10,92
2017/2/13,90.55999756
2017/2/14,91.04000092
2017/2/15,90.87999725
2017/2/16,91.27999878
2017/2/17,91.12000275
2017/2/21,92.31999969
2017/2/22,90.87999725
2017/2/23,92.23999786
2017/2/24,91.68000031
2017/2/27,91.76000214
2017/2/28,91.59999847
2017/3/1,91.19999695
2017/3/2,89.36000061
2017/3/3,90.31999969
2017/3/6,90.23999786
2017/3/7,90.16000366
2017/3/8,85.36000061
2017/3/9,84.23999786
2017/3/10,82.31999969
2017/3/13,82.23999786
2017/3/14,81.51999664
2017/3/15,83.04000092
2017/3/16,82.87999725
2017/3/17,82.63999939
2017/3/20,82.16000366
2017/3/21,80.87999725
2017/3/22,80.95999908
2017/3/23,80.08000183
2017/3/24,80.72000122
2017/3/27,80.31999969
2017/3/28,81.19999695
2017/3/29,82.95999908
2017/3/30,84.55999756
2017/3/31,85.12000275
2017/4/3,84.40000153
2017/4/4,85.68000031
2017/4/5,85.44000244
2017/4/6,86.87999725
2017/4/7,87.68000031
2017/4/10,89.12000275
2017/4/11,89.36000061
2017/4/12,88.87999725
2017/4/13,89.04000092
2017/4/17,88.48000336
2017/4/18,88.31999969
2017/4/19,84.95999908
2017/4/20,84.31999969
2017/4/21,82.55999756
2017/4/24,82
2017/4/25,82.87999725
2017/4/26,82.08000183
2017/4/27,81.91999817
2017/4/28,81.91999817
2017/5/1,81.19999695
2017/5/2,79.36000061
2017/5/3,79.44000244
2017/5/4,75.68000031
2017/5/5,77.27999878
2017/5/8,77.36000061
2017/5/9,76.55999756
2017/5/10,78.87999725
2017/5/11,79.51999664
2017/5/12,79.59999847
2017/5/15,81.36000061
2017/5/16,80.87999725
2017/5/17,81.51999664
2017/5/18,82.08000183
2017/5/19,83.83999634
2017/5/22,84.31999969
2017/5/23,85.12000275
2017/5/24,84.80000305
2017/5/25,80.31999969
2017/5/26,82.23999786
2017/5/30,81.91999817
2017/5/31,79.68000031
2017/6/1,79.27999878
2017/6/2,78.87999725
2017/6/5,78.40000153
2017/6/6,79.76000214
2017/6/7,75.68000031
2017/6/8,75.44000244
2017/6/9,75.91999817
2017/6/12,76.16000366
2017/6/13,76.80000305
2017/6/14,73.83999634
2017/6/15,73.44000244
2017/6/16,73.91999817
2017/6/19,72.95999908
2017/6/20,71.59999847
2017/6/21,69.68000031
2017/6/22,70.23999786
2017/6/23,70.87999725
2017/6/26,71.44000244
2017/6/27,72.80000305
2017/6/28,73.59999847
2017/6/29,73.68000031
2017/6/30,76
2017/7/3,76.95999908
2017/7/5,74
2017/7/6,74.48000336
2017/7/7,72.80000305
2017/7/10,73.04000092
2017/7/11,74.16000366
2017/7/12,74.63999939
2017/7/13,75.76000214
2017/7/14,76.72000122
2017/7/17,75.59999847
2017/7/18,76.31999969
2017/7/19,77.51999664
2017/7/20,76.87999725
2017/7/21,74.72000122
2017/7/24,76
2017/7/25,78.48000336
2017/7/26,79.68000031
2017/7/27,80.48000336
2017/7/28,81.36000061
2017/7/31,82.23999786
2017/8/1,80.72000122
2017/8/2,81.12000275
2017/8/3,80.16000366
2017/8/4,81.04000092
2017/8/7,80.80000305
2017/8/8,80.48000336
2017/8/9,81.19999695
2017/8/10,79.27999878
2017/8/11,79.91999817
2017/8/14,77.76000214
2017/8/15,78
2017/8/16,76.55999756
2017/8/17,76.95999908
2017/8/18,79.76000214
2017/8/21,77.68000031
2017/8/22,78.16000366
2017/8/23,79.04000092
2017/8/24,77.68000031
2017/8/25,78
2017/8/28,76.23999786
2017/8/29,75.68000031
2017/8/30,75.04000092
2017/8/31,77.04000092
2017/9/1,77.36000061
2017/9/5,79.36000061
2017/9/6,80.31999969
2017/9/7,80.23999786
2017/9/8,77.83999634
2017/9/11,78.55999756
2017/9/12,78.95999908
2017/9/13,80.55999756
2017/9/14,81.04000092
2017/9/15,81.59999847
2017/9/18,81.36000061
2017/9/19,80.87999725
2017/9/20,81.91999817
2017/9/21,82
2017/9/22,81.91999817
2017/9/25,84.40000153
2017/9/26,83.91999817
2017/9/27,84.16000366
2017/9/28,83.44000244
2017/9/29,83.44000244
2017/10/2,81.68000031
2017/10/3,81.44000244
2017/10/4,80.63999939
2017/10/5,82
2017/10/6,79.76000214
2017/10/9,80
2017/10/10,82.23999786
2017/10/11,82.87999725
2017/10/12,81.83999634
2017/10/13,82.95999908
2017/10/16,83.68000031
2017/10/17,83.91999817
2017/10/18,83.83999634
2017/10/19,82.80000305
2017/10/20,83.44000244
2017/10/23,83.36000061
2017/10/24,84.31999969
2017/10/25,83.83999634
2017/10/26,84.55999756
2017/10/27,86.72000122
2017/10/30,86.95999908
2017/10/31,87.44000244
2017/11/1,87.19999695
2017/11/2,87.91999817
2017/11/3,89.44000244
2017/11/6,92.08000183
2017/11/7,91.91999817
2017/11/8,91.27999878
2017/11/9,91.68000031
2017/11/10,91.36000061
2017/11/13,91.04000092
2017/11/14,89.04000092
2017/11/15,88.72000122
2017/11/16,88.55999756
2017/11/17,90.80000305
2017/11/20,90.23999786
2017/11/21,91.19999695
2017/11/22,92.80000305
2017/11/24,94.31999969
2017/11/27,92.72000122
2017/11/28,92.63999939
2017/11/29,91.76000214
2017/11/30,91.76000214
2017/12/1,93.36000061
2017/12/4,91.91999817
2017/12/5,92.31999969
2017/12/6,89.59999847
2017/12/7,90.63999939
2017/12/8,91.91999817
2017/12/11,92.80000305
2017/12/12,91.51999664
2017/12/13,90.63999939
2017/12/14,91.44000244
2017/12/15,91.68000031
2017/12/18,91.51999664
2017/12/19,92.08000183
2017/12/20,92.87999725
2017/12/21,93.12000275
2017/12/22,93.27999878
2017/12/26,95.59999847
2017/12/27,95.36000061
2017/12/28,95.76000214
2017/12/29,96.08000183
2018/1/2,96.55999756
2018/1/3,98.72000122
2018/1/4,98.95999908
2018/1/5,98.48000336
2018/1/8,99.04000092
2018/1/9,100.5599976
2018/1/10,101.4400024
2018/1/11,101.5999985
2018/1/12,102.9599991
2018/1/16,102.0800018
2018/1/17,102.2399979
2018/1/18,102.0800018
2018/1/19,101.7600021
2018/1/22,102.2399979
2018/1/23,103.7600021
2018/1/24,105.7600021
2018/1/25,104.4800034
2018/1/26,105.9199982
2018/1/29,104.8799973
2018/1/30,103.1999969
2018/1/31,103.8399963
2018/2/1,105.9199982
2018/2/2,104.3199997
2018/2/5,102.1600037
2018/2/6,101.5999985
2018/2/7,98.95999908
2018/2/8,96.72000122
2018/2/9,94.87999725
2018/2/12,95.12000275
2018/2/13,94.95999908
2018/2/14,97.44000244
2018/2/15,98.63999939
2018/2/16,99.04000092
2018/2/20,99.12000275
2018/2/21,98.31999969
2018/2/22,100.7200012
2018/2/23,102.1600037
2018/2/26,102.8799973
2018/2/27,101.1999969
2018/2/28,98.95999908
2018/3/1,98.80000305
2018/3/2,98.95999908
2018/3/5,100.7200012
2018/3/6,100.5599976
2018/3/7,98.80000305
2018/3/8,97.19999695
2018/3/9,99.76000214
2018/3/12,98.95999908
2018/3/13,97.91999817
2018/3/14,98.23999786
2018/3/15,98.72000122
2018/3/16,100.4000015
2018/3/19,100.4000015
2018/3/20,102.4800034
2018/3/21,105.4400024
2018/3/22,103.5999985
2018/3/23,106.2399979
2018/3/26,105.6800003
2018/3/27,104.6399994
2018/3/28,104.3199997
2018/3/29,104.7200012
2018/4/2,101.9199982
2018/4/3,102.4800034
2018/4/4,102.5599976
2018/4/5,102.6399994
2018/4/6,100.0800018
2018/4/9,102.1600037
2018/4/10,106
2018/4/11,107.5999985
2018/4/12,108.1600037
2018/4/13,108.4000015
2018/4/16,107.0400009
2018/4/17,107.2799988
2018/4/18,111.0400009
2018/4/19,110.1600037
2018/4/20,110
2018/4/23,111.3600006
2018/4/24,109.4400024
2018/4/25,109.7600021
2018/4/26,110.1600037
2018/4/27,109.8399963
2018/4/30,110.4000015
2018/5/1,108.8799973
2018/5/2,109.3600006
2018/5/3,110.5599976
2018/5/4,112.7200012
2018/5/7,112.8000031
2018/5/8,112.4800034
2018/5/9,114.9599991
2018/5/10,115.2799988
2018/5/11,114
2018/5/14,115.0400009
2018/5/15,115.1999969
2018/5/16,115.6800003
2018/5/17,115.9199982
2018/5/18,115.4400024
2018/5/21,117.3600006
2018/5/22,116.4800034
2018/5/23,116.0800018
2018/5/24,114.3199997
2018/5/25,109.4400024
2018/5/29,108.0800018
2018/5/30,110.6399994
2018/5/31,108.4000015
2018/6/1,106
2018/6/4,104.9599991
2018/6/5,105.7600021
2018/6/6,105.2799988
2018/6/7,106.8000031
2018/6/8,106.1600037
2018/6/11,106.8799973
2018/6/12,107.1999969
2018/6/13,107.7600021
2018/6/14,108.1600037
2018/6/15,104.4000015
2018/6/18,106.3199997
2018/6/19,105.1200027
2018/6/20,106.2399979
2018/6/21,106.4800034
2018/6/22,112.1600037
2018/6/25,110.1600037
2018/6/26,114.1600037
2018/6/27,117.1999969
2018/6/28,118.8799973
2018/6/29,120.4800034
2018/7/2,119.6800003
2018/7/3,119.3600006
2018/7/5,118.2399979
2018/7/6,119.6800003
2018/7/9,120.2399979
2018/7/10,120.5599976
2018/7/11,114.4800034
2018/7/12,115.1200027
2018/7/13,115.7600021
2018/7/16,111.5199966
2018/7/17,111.5999985
2018/7/18,112.8000031
2018/7/19,113.0400009
2018/7/20,113.1999969
2018/7/23,112.7200012
2018/7/24,113.8399963
2018/7/25,115.3600006
2018/7/26,115.7600021
2018/7/27,114.5599976
2018/7/30,116.3199997
2018/7/31,114.2399979
2018/8/1,112.7200012
2018/8/2,114.8799973
2018/8/3,114.1600037
2018/8/6,114.4800034
2018/8/7,114.8799973
2018/8/8,111.1999969
2018/8/9,111.0400009
2018/8/10,112.6399994
2018/8/13,112.0800018
2018/8/14,111.9199982
2018/8/15,108.0800018
2018/8/16,109.0400009
2018/8/17,109.5199966
2018/8/20,110.0800018
2018/8/21,110.6399994
2018/8/22,114.1600037
2018/8/23,114.1600037
2018/8/24,115.4400024
2018/8/27,116
2018/8/28,115.4400024
2018/8/29,117.2799988
2018/8/30,118
2018/8/31,117.6800003
2018/9/4,116.6399994
2018/9/5,115.9199982
2018/9/6,114.4000015
2018/9/7,114.2399979
2018/9/10,113.6800003
2018/9/11,116.8000031
2018/9/12,118.2399979
2018/9/13,115.9199982
2018/9/14,116
2018/9/17,115.7600021
2018/9/18,117.5199966
2018/9/19,119.5199966
2018/9/20,118.4000015
2018/9/21,119.6800003
2018/9/24,122
2018/9/25,122.1600037
2018/9/26,120.8799973
2018/9/27,122.0800018
2018/9/28,124.1600037
2018/10/1,127.5999985
2018/10/2,126.9599991
2018/10/3,128.6399994
2018/10/4,125.9199982
2018/10/5,125.5199966
2018/10/8,125.4400024
2018/10/9,126.5599976
2018/10/10,123.0400009
2018/10/11,119.5999985
2018/10/12,120.9599991
2018/10/15,121.0400009
2018/10/16,121.5199966
2018/10/17,118.5599976
2018/10/18,116.4800034
2018/10/19,117.7600021
2018/10/22,117.9199982
2018/10/23,112.3199997
2018/10/24,112.4000015
2018/10/25,113.6800003
2018/10/26,114.6399994
2018/10/29,112.8799973
2018/10/30,112.2399979
2018/10/31,110.3199997
2018/11/1,107.6800003
2018/11/2,106.4800034
2018/11/5,106.4000015
2018/11/6,105.4400024
2018/11/7,104.4800034
2018/11/8,102.7200012
2018/11/9,101.5999985
2018/11/12,99.83999634
2018/11/13,93.51999664
2018/11/14,95.59999847
2018/11/15,95.83999634
2018/11/16,96.55999756
2018/11/19,97.12000275
2018/11/20,90.16000366
2018/11/21,92.16000366
2018/11/23,86.63999939
2018/11/26,87.51999664
2018/11/27,87.59999847
2018/11/28,85.27999878
2018/11/29,86.95999908
2018/11/30,85.83999634
2018/12/3,90.16000366
2018/12/4,89.44000244
2018/12/6,87.51999664
2018/12/7,88.87999725
2018/12/10,86
2018/12/11,87.59999847
2018/12/12,86.55999756
2018/12/13,89.68000031
2018/12/14,86.55999756
2018/12/17,83.59999847
2018/12/18,78.31999969
2018/12/19,80.16000366
2018/12/20,77.76000214
2018/12/21,76.55999756
2018/12/24,74.31999969
2018/12/26,79.19999695
2018/12/27,76.95999908
2018/12/28,76.23999786
2018/12/31,77.27999878
2019/1/2,78.80000305
2019/1/3,79.59999847
2019/1/4,81.44000244
2019/1/7,82.31999969
2019/1/8,84
2019/1/9,88.40000153
2019/1/10,88.80000305
2019/1/11,87.19999695
2019/1/14,85.51999664
2019/1/15,88
2019/1/16,88.48000336
2019/1/17,88.23999786
2019/1/18,90.48000336
2019/1/22,88.95999908
2019/1/23,88.40000153
2019/1/24,89.36000061
2019/1/25,90
2019/1/28,87.59999847
2019/1/29,89.27999878
2019/1/30,91.19999695
2019/1/31,90.80000305
2019/2/1,93.04000092
2019/2/4,92
2019/2/5,90.31999969
2019/2/6,90.55999756
2019/2/7,88.55999756
2019/2/8,88.63999939
2019/2/11,88.08000183
2019/2/12,89.27999878
2019/2/13,90.72000122
2019/2/14,91.83999634
2019/2/15,93.68000031
2019/2/19,94.23999786
2019/2/20,95.44000244
2019/2/21,95.04000092
2019/2/22,95.59999847
2019/2/25,92.55999756
2019/2/26,93.04000092
2019/2/27,95.12000275
2019/2/28,95.59999847
2019/3/1,93.27999878
2019/3/4,94.40000153
2019/3/5,94.55999756
2019/3/6,94
2019/3/7,94.48000336
2019/3/8,93.83999634
2019/3/11,94.87999725
2019/3/12,95.12000275
2019/3/13,97.51999664
2019/3/14,97.76000214
2019/3/15,97.59999847
2019/3/18,98.48000336
2019/3/19,98.23999786
2019/3/20,100
2019/3/21,99.51999664
2019/3/22,97.83999634
2019/3/25,98
2019/3/26,99.76000214
2019/3/27,98.72000122
2019/3/28,98.80000305
2019/3/29,100
2019/4/1,102.5599976
2019/4/2,104.0800018
2019/4/3,103.9199982
2019/4/4,103.3600006
2019/4/5,105.1999969
2019/4/8,107.1999969
2019/4/9,106.6399994
2019/4/10,107.2799988
2019/4/11,106.1600037
2019/4/12,106.4000015
2019/4/15,105.9199982
2019/4/16,106.9599991
2019/4/17,106.2399979
2019/4/18,106.5599976
2019/4/22,109.3600006
2019/4/23,110.3199997
2019/4/24,109.4400024
2019/4/25,108.2399979
2019/4/26,104.7200012
2019/4/29,105.8399963
2019/4/30,106.3199997
2019/5/1,105.7600021
2019/5/2,102.5599976
2019/5/3,102.9599991
2019/5/6,104.5599976
2019/5/7,101.8399963
2019/5/8,103.1200027
2019/5/9,102.4800034
2019/5/10,102.7200012
2019/5/13,101.4400024
2019/5/14,102.9599991
2019/5/15,103.7600021
2019/5/16,105.1200027
2019/5/17,104.6399994
2019/5/20,105.1999969
2019/5/21,105.0400009
2019/5/22,101.9199982
2019/5/23,96.72000122
2019/5/24,97.83999634
2019/5/28,97.83999634
2019/5/29,97.91999817
2019/5/30,94.08000183
2019/5/31,88.80000305
2019/6/3,87.91999817
2019/6/4,89.27999878
2019/6/5,86.16000366
2019/6/6,88.48000336
2019/6/7,89.83999634
2019/6/10,88.87999725
2019/6/11,88.87999725
2019/6/12,85.12000275
2019/6/13,87.04000092
2019/6/14,87.51999664
2019/6/17,86.48000336
2019/6/18,90
2019/6/19,90.63999939
2019/6/20,94.80000305
2019/6/21,95.76000214
2019/6/24,96.08000183
2019/6/25,96
2019/6/26,98.31999969
2019/6/27,98.31999969
2019/6/28,96.31999969
2019/7/1,98.23999786
2019/7/2,93.59999847
2019/7/3,94.16000366
2019/7/5,95.59999847
2019/7/8,95.44000244
2019/7/9,96.31999969
2019/7/10,100.2399979
2019/7/11,100.4000015
2019/7/12,100.1600037
2019/7/15,98.40000153
2019/7/16,96.55999756
2019/7/17,94
2019/7/18,92.48000336
2019/7/19,93.36000061
2019/7/22,93.44000244
2019/7/23,94.48000336
2019/7/24,92.72000122
2019/7/25,92.80000305
2019/7/26,93.19999695
2019/7/29,94.55999756
2019/7/30,96.63999939
2019/7/31,96.31999969
2019/8/1,90.48000336
2019/8/2,91.83999634
2019/8/5,90.95999908
2019/8/6,89.12000275
2019/8/7,86.72000122
2019/8/8,87.68000031
2019/8/9,90.23999786
2019/8/12,90.87999725
2019/8/13,94.95999908
2019/8/14,91.51999664
2019/8/15,90.80000305
2019/8/16,91.19999695
2019/8/19,93.27999878
2019/8/20,93.04000092
2019/8/21,92.87999725
2019/8/22,92.23999786
2019/8/23,89.51999664
2019/8/26,89.44000244
2019/8/27,91.36000061
2019/8/28,93.12000275
2019/8/29,94.23999786
2019/8/30,91.68000031
2019/9/3,89.76000214
2019/9/4,93.68000031
2019/9/5,93.59999847
2019/9/6,94.16000366
2019/9/9,96.63999939
2019/9/10,95.83999634
2019/9/11,93.44000244
2019/9/12,91.76000214
2019/9/13,91.51999664
2019/9/16,102.6399994
2019/9/17,98.31999969
2019/9/18,96.80000305
2019/9/19,97.51999664
2019/9/20,97.59999847
2019/9/23,97.68000031
2019/9/24,95.19999695
2019/9/25,94.40000153
2019/9/26,94.40000153
2019/9/27,93.27999878
2019/9/30,90.72000122
2019/10/1,89.51999664
2019/10/2,87.83999634
2019/10/3,87.44000244
2019/10/4,88.31999969
2019/10/7,88.31999969
2019/10/8,87.12000275
2019/10/9,87.91999817
2019/10/10,89.51999664
2019/10/11,91.36000061
2019/10/14,89.44000244
2019/10/15,88.48000336
2019/10/16,89.12000275
2019/10/17,90.23999786
2019/10/18,89.76000214
2019/10/21,89.68000031
2019/10/22,90.72000122
2019/10/23,93.19999695
2019/10/24,93.83999634
2019/10/25,94.63999939
2019/10/28,93.19999695
2019/10/29,92.63999939
2019/10/30,91.76000214
2019/10/31,90.40000153
2019/11/1,93.51999664
2019/11/4,94.48000336
2019/11/5,95.44000244
2019/11/6,94.48000336
2019/11/7,95.04000092
2019/11/8,95.91999817
2019/11/11,95.12000275
2019/11/12,94.95999908
2019/11/13,95.68000031
2019/11/14,95.27999878
2019/11/15,96.63999939
2019/11/18,95.19999695
2019/11/19,92.55999756
2019/11/20,95.19999695
2019/11/21,97.59999847
2019/11/22,96.87999725
2019/11/25,96.87999725
2019/11/26,97.51999664
2019/11/27,97.12000275
2019/11/29,92.95999908
2019/12/2,93.36000061
2019/12/3,94.08000183
2019/12/4,97.51999664
2019/12/5,97.51999664
2019/12/6,98.55999756
2019/12/9,98.63999939
2019/12/10,99.12000275
2019/12/11,98.40000153
2019/12/12,98.95999908
2019/12/13,99.91999817
2019/12/16,100.7200012
2019/12/17,101.7600021
2019/12/18,101.9199982
2019/12/19,102.2399979
2019/12/20,101.0400009
2019/12/23,101.5999985
2019/12/24,102.1600037
2019/12/26,103.1200027
2019/12/27,103.2799988
2019/12/30,103.1200027
2019/12/31,102.4800034
2020/1/2,102.4800034
2020/1/3,105.4400024
2020/1/6,105.2799988
2020/1/7,105.0400009
2020/1/8,101.2799988
2020/1/9,99.91999817
2020/1/10,99.27999878
2020/1/13,97.59999847
2020/1/14,98.23999786
2020/1/15,97.44000244
2020/1/16,98.31999969
2020/1/17,98.63999939
2020/1/21,97.91999817
2020/1/22,95.19999695
2020/1/23,93.27999878
2020/1/24,91.44000244
2020/1/27,88.80000305
2020/1/28,90
2020/1/29,89.27999878
2020/1/30,88.63999939
2020/1/31,86.72000122
2020/2/3,83.91999817
2020/2/4,83.51999664
2020/2/5,85.59999847
2020/2/6,85.91999817
2020/2/7,84.63999939
2020/2/10,83.36000061
2020/2/11,84
2020/2/12,86.48000336
2020/2/13,86.72000122
2020/2/14,87.59999847
2020/2/18,87.59999847
2020/2/19,89.44000244
2020/2/20,90.23999786
2020/2/21,89.27999878
2020/2/24,85.91999817
2020/2/25,83.19999695
2020/2/26,81.51999664
2020/2/27,78.23999786
2020/2/28,75.59999847
2020/3/2,79.36000061
2020/3/3,79.12000275
2020/3/4,78.87999725
2020/3/5,76.87999725
2020/3/6,69.83999634
2020/3/9,52.15999985
2020/3/10,57.91999817
2020/3/11,55.52000046
2020/3/12,52.31999969
2020/3/13,55.68000031
2020/3/16,48.40000153
2020/3/17,45.68000031
2020/3/18,37.68000031
2020/3/19,42.95999908
2020/3/20,39.52000046
2020/3/23,39.04000092
2020/3/24,39.84000015
2020/3/25,40.63999939
2020/3/26,38.63999939
2020/3/27,35.75999832
2020/3/30,33.84000015
2020/3/31,33.68000031
2020/4/1,35.04000092
2020/4/2,40.88000107
2020/4/3,47.20000076
2020/4/6,43.84000015
2020/4/7,40.72000122
2020/4/8,42.95999908
2020/4/9,39.84000015
2020/4/13,39.43999863
2020/4/14,37.27999878
2020/4/15,35.43999863
2020/4/16,34.88000107
2020/4/17,33.68000031
2020/4/20,30
2020/4/21,22.47999954
2020/4/22,20.07999992
2020/4/23,21.12000084
2020/4/24,20.55999947
2020/4/27,17.52000046
2020/4/28,17.04000092
2020/4/29,18
2020/4/30,19.12000084
2020/5/1,18.86000061
2020/5/4,19.67000008
2020/5/5,21.51000023
2020/5/6,20.85000038
2020/5/7,20.46999931
2020/5/8,21.46999931
2020/5/11,21.17000008
2020/5/12,20.96999931
2020/5/13,20.60000038
2020/5/14,21.45000076
2020/5/15,22.38999939
2020/5/18,24.30999947
2020/5/19,24.44000053
2020/5/20,25.34000015
2020/5/21,26.60000038
2020/5/22,25.56999969
2020/5/26,25.65999985
2020/5/27,25
2020/5/28,25.03000069
2020/5/29,25.87999916
2020/6/1,26.21999931
2020/6/2,27.06999969
2020/6/3,27.12000084
2020/6/4,27.5
2020/6/5,28.87000084
2020/6/8,28.37000084
2020/6/9,28.42000008
2020/6/10,28.43000031
2020/6/11,26.36000061
2020/6/12,26.43000031
2020/6/15,26.97999954
2020/6/16,27.63999939
2020/6/17,27.28000069
2020/6/18,27.88999939
2020/6/19,28.22999954
2020/6/22,28.97999954
2020/6/23,28.71999931
2020/6/24,27.25
2020/6/25,27.94000053
2020/6/26,27.36000061
2020/6/29,28.27000046
2020/6/30,28.05999947
2020/7/1,28.35000038
2020/7/2,28.75
2020/7/6,28.95999908
2020/7/7,28.79000092
2020/7/8,29.18000031
2020/7/9,28.40999985
2020/7/10,29.03000069
2020/7/13,28.5
2020/7/14,28.87999916
2020/7/15,29.29000092
2020/7/16,29.15999985
2020/7/17,29.10000038
2020/7/20,29.12000084
2020/7/21,29.71999931
2020/7/22,29.75
2020/7/23,29.40999985
2020/7/24,29.44000053
2020/7/27,29.71999931
2020/7/28,29.35000038
2020/7/29,29.56999969
2020/7/30,28.93000031
2020/7/31,29.06999969
2020/8/3,29.34000015
2020/8/4,29.78000069
2020/8/5,30.22999954
2020/8/6,30.18000031
2020/8/7,29.85000038
2020/8/10,30.15999985
2020/8/11,29.81999969
2020/8/12,30.55999947
2020/8/13,30.39999962
2020/8/14,30.32999992
2020/8/17,30.77000046
2020/8/18,30.60000038
2020/8/19,30.65999985
2020/8/20,30.52000046
2020/8/21,30.18000031
2020/8/24,30.35000038
2020/8/25,30.92000008
2020/8/26,30.93000031
2020/8/27,30.67000008
2020/8/28,30.71999931
2020/8/31,30.57999992
2020/9/1,30.61000061
2020/9/2,29.86000061
2020/9/3,29.63999939
2020/9/4,28.51000023
2020/9/8,26.75
2020/9/9,27.40999985
2020/9/10,26.79000092
2020/9/11,27.04000092
2020/9/14,26.94000053
2020/9/15,27.52000046
2020/9/16,28.70000076
2020/9/17,29.22999954
2020/9/18,29.05999947
2020/9/21,28.29000092
2020/9/22,28.17000008
2020/9/23,28.03000069
2020/9/24,28.5
2020/9/25,28.35000038
2020/9/28,28.69000053
2020/9/29,27.70000076
2020/9/30,28.29000092
2020/10/1,27.51000023
2020/10/2,26.35000038
2020/10/5,27.93000031
2020/10/6,28.38999939
2020/10/7,28.38999939
2020/10/8,29.13999939
2020/10/9,28.69000053
2020/10/12,28.06999969
2020/10/13,28.45999908
2020/10/14,28.97999954
2020/10/15,28.94000053
2020/10/16,28.71999931
2020/10/19,28.59000015
2020/10/20,29.04999924
2020/10/21,28.10000038
2020/10/22,28.51000023
2020/10/23,27.87999916
2020/10/26,27.11000061
2020/10/27,27.69000053
2020/10/28,26.30999947
2020/10/29,25.60000038
2020/10/30,25.25
2020/11/2,26.26000023
2020/11/3,26.71999931
2020/11/4,27.44000053
2020/11/5,27.15999985
2020/11/6,26.46999931
2020/11/9,28.06999969
2020/11/10,28.90999985
2020/11/11,29.04000092
2020/11/12,28.65999985
2020/11/13,28.12999916
2020/11/16,28.80999947
2020/11/17,28.87000084
2020/11/18,29
2020/11/19,29.09000015
2020/11/20,29.27000046
2020/11/23,29.52000046
2020/11/24,30.79999924
2020/11/25,31.37000084
2020/11/27,31.21999931
2020/11/30,30.96999931
2020/12/1,30.62000084
2020/12/2,30.96999931
2020/12/3,31.25
2020/12/4,31.55999947
2020/12/7,31.39999962
2020/12/8,31.40999985
2020/12/9,31.34000015
2020/12/10,32.11000061
2020/12/11,31.94000053
2020/12/14,32.16999817
2020/12/15,32.54000092
2020/12/16,32.74000168
2020/12/17,33.15999985
2020/12/18,33.47999954
2020/12/21,32.63999939
2020/12/22,32.09000015
2020/12/23,32.75
2020/12/24,32.91999817
2020/12/28,32.59000015
2020/12/29,32.77999878
2020/12/30,32.90999985
2020/12/31,33.00999832
2021/1/4,32.38000107
2021/1/5,33.93999863
2021/1/6,34.11000061
2021/1/7,34.52999878
2021/1/8,35.43000031
2021/1/11,35.25999832
2021/1/12,35.90000153
2021/1/13,35.79999924
2021/1/14,36.24000168
2021/1/15,35.34000015
2021/1/19,35.75
2021/1/20,35.79000092
2021/1/21,35.75999832
2021/1/22,35.22999954
2021/1/25,35.59000015
2021/1/26,35.45000076
2021/1/27,35.5
2021/1/28,35.25
2021/1/29,35.18000031
2021/2/1,36.11999893
2021/2/2,36.81999969
2021/2/3,37.43999863
2021/2/4,37.81000137
2021/2/5,38.18999863
2021/2/8,38.93999863
2021/2/9,39.16999817
2021/2/10,39.27999878
2021/2/11,38.97000122
2021/2/12,39.93999863
2021/2/16,40.45000076
2021/2/17,40.88999939
2021/2/18,40.27000046
2021/2/19,39.68000031
2021/2/22,41.27999878
2021/2/23,41.61999893
2021/2/24,42.5
2021/2/25,42.45999908
2021/2/26,41.31000137
2021/3/1,40.59999847
2021/3/2,40.06999969
2021/3/3,41.13999939
2021/3/4,43.06999969
2021/3/5,44.43999863
2021/3/8,43.5
2021/3/9,43.11000061
2021/3/10,43.74000168
2021/3/11,44.59999847
2021/3/12,44.34999847
2021/3/15,44.25999832
2021/3/16,43.83000183
2021/3/17,43.81999969
2021/3/18,40.47000122
2021/3/19,41.77000046
2021/3/22,41.70999908
2021/3/23,39.36999893
2021/3/24,41.45000076
2021/3/25,39.88999939
2021/3/26,41.52999878
2021/3/29,41.91999817
2021/3/30,41.16999817
2021/3/31,40.52999878
2021/4/1,41.84000015
2021/4/5,40.27999878
2021/4/6,40.70000076
2021/4/7,40.86000061
2021/4/8,40.81999969
2021/4/9,40.63999939
2021/4/12,40.90000153
2021/4/13,41.40000153
2021/4/14,43.04000092
2021/4/15,43.27000046
2021/4/16,43.18000031
2021/4/19,43.31999969
2021/4/20,42.74000168
2021/4/21,41.77000046
2021/4/22,42.09000015
2021/4/23,42.45999908
2021/4/26,42.33000183
2021/4/27,43.11000061
2021/4/28,43.52999878
2021/4/29,44.25999832
2021/4/30,43.27000046
2021/5/3,43.97999954
2021/5/4,44.86999893
2021/5/5,44.65999985
2021/5/6,44.40999985
2021/5/7,44.43000031
2021/5/10,44.47999954
2021/5/11,44.86999893
2021/5/12,45.22000122
2021/5/13,43.81000137
2021/5/14,44.70999908
2021/5/17,45.38999939
2021/5/18,44.84000015
2021/5/19,43.43000031
2021/5/20,42.47999954
2021/5/21,43.70000076
2021/5/24,45.02000046
2021/5/25,44.91999817
2021/5/26,45.20000076
2021/5/27,45.54999924
2021/5/28,45.41999817
2021/6/1,46.33000183
2021/6/2,46.90000153
2021/6/3,46.97000122
2021/6/4,47.25999832
2021/6/7,47.27000046
2021/6/8,47.88000107
2021/6/9,47.58000183
2021/6/10,47.83000183
2021/6/11,48.06999969
2021/6/14,48.31999969
2021/6/15,48.97999954
2021/6/16,48.75
2021/6/17,48.04000092
2021/6/18,48.36000061
2021/6/21,49.36000061
2021/6/22,49.41999817
2021/6/23,49.72000122
2021/6/24,49.84000015
2021/6/25,50.25
2021/6/28,49.54000092
2021/6/29,49.88999939
2021/6/30,49.88000107
2021/7/1,50.61999893
2021/7/2,50.93000031
2021/7/6,49.90000153
2021/7/7,48.65999985
2021/7/8,49.52000046
2021/7/9,50.40999985
2021/7/12,50.31000137
2021/7/13,51.15000153
2021/7/14,49.70000076
2021/7/15,49.04000092
2021/7/16,49.13999939
2021/7/19,45.84000015
2021/7/20,46.50999832
2021/7/21,48.27000046
2021/7/22,49.16999817
2021/7/23,49.47000122
2021/7/26,49.66999817
2021/7/27,49.47000122
2021/7/28,49.72000122
2021/7/29,50.63999939
2021/7/30,50.65999985
2021/8/2,49.18000031
2021/8/3,48.84999847
2021/8/4,47.20000076
2021/8/5,48.09999847
2021/8/6,47.56999969
2021/8/9,46.59999847
2021/8/10,47.68000031
2021/8/11,48.29999924
2021/8/12,48.09999847
2021/8/13,47.43000031
2021/8/16,47.04000092
2021/8/17,46.58000183
2021/8/18,45.40000153
2021/8/19,44.77000046
2021/8/20,43.43000031
2021/8/23,45.84999847
2021/8/24,47.36999893
2021/8/25,47.81000137
2021/8/26,47.47999954
2021/8/27,48.15000153
2021/8/30,48.40000153
2021/8/31,48.04000092
2021/9/1,47.93000031
2021/9/2,48.95000076
2021/9/3,48.65999985
2021/9/7,48.04000092
2021/9/8,48.59000015
2021/9/9,47.75
2021/9/10,48.79999924
2021/9/13,49.47999954
2021/9/14,49.31000137
2021/9/15,50.68999863
2021/9/16,50.70000076
2021/9/17,50.31999969
2021/9/20,49.59999847
2021/9/21,49.58000183
2021/9/22,50.47999954
2021/9/23,51.38000107
2021/9/24,51.81999969
2021/9/27,52.90999985
2021/9/28,52.40000153
2021/9/29,52.31999969
2021/9/30,52.56000137
2021/10/1,53.25999832
2021/10/4,54.49000168
2021/10/5,55.63000107
2021/10/6,54.15999985
2021/10/7,55.36000061
2021/10/8,55.47000122
2021/10/11,56.18000031
2021/10/12,56.11000061
2021/10/13,56.15999985
2021/10/14,56.81000137
2021/10/15,57.15000153
2021/10/18,56.95999908
2021/10/19,57.41999817
2021/10/20,58.11999893
2021/10/21,57.40999985
2021/10/22,58.02999878
2021/10/25,57.83000183
2021/10/26,58.45000076
2021/10/27,56.90000153
2021/10/28,57.40000153
2021/10/29,57.15000153
2021/11/1,57.52999878
2021/11/2,57.52999878
2021/11/3,55.34000015
2021/11/4,54.91999817
2021/11/5,56.54999924
2021/11/8,57.09000015
2021/11/9,57.97000122
2021/11/10,56.31999969
2021/11/11,56.22000122
2021/11/12,55.97999954
2021/11/15,56.06999969
2021/11/16,56.20000076
2021/11/17,55
2021/11/18,55.54999924
2021/11/19,53.77999878
2021/11/22,54.45000076
2021/11/23,56.20000076
2021/11/24,55.88000107
2021/11/26,49.63000107
2021/11/29,50.16999817
2021/11/30,47.90999985
2021/12/1,47.04000092
2021/12/2,48.29000092
2021/12/3,48
2021/12/6,50.50999832
2021/12/7,51.59000015
2021/12/8,52.41999817
2021/12/9,51.02000046
2021/12/10,52.02999878
2021/12/13,51.43999863
2021/12/14,50.91999817
2021/12/15,51.61999893
2021/12/16,51.86999893
2021/12/17,50.77999878
2021/12/20,49.90000153
2021/12/21,51.56999969
2021/12/22,52.47999954
2021/12/23,53.13000107
2021/12/27,54.52000046
2021/12/28,54.66999817
2021/12/29,55.08000183
2021/12/30,55.09999847
2021/12/31,54.36000061
2022/1/3,54.83000183
2022/1/4,55.59000015
2022/1/5,55.43000031
2022/1/6,56.88999939
2022/1/7,56.66999817
2022/1/10,56.15999985
2022/1/11,58.15999985
2022/1/12,58.90999985
2022/1/13,58.27000046
2022/1/14,59.97000122
2022/1/18,60.97000122
2022/1/19,61.04999924
2022/1/20,60.65999985
2022/1/21,60.77999878
2022/1/24,60.11000061
2022/1/25,60.97000122
2022/1/26,61.68000031
2022/1/27,61.86000061
2022/1/28,61.97000122
2022/1/31,62.47999954
2022/2/1,62.52999878
2022/2/2,62.52000046
2022/2/3,63.50999832
2022/2/4,64.91000366
2022/2/7,64.68000031
2022/2/8,63.61999893
2022/2/9,64.16999817
2022/2/10,63.95999908
2022/2/11,65.73999786
2022/2/14,66.36000061
2022/2/15,64.27999878
2022/2/16,63.54000092
2022/2/17,64.16999817
2022/2/18,64.73999786
2022/2/22,65.54000092
2022/2/23,66.23999786
2022/2/24,66.33999634
2022/2/25,65.80000305
2022/2/28,67.48000336
2022/3/1,71.81999969
2022/3/2,75.41999817
2022/3/3,74.52999878
2022/3/4,79.45999908
2022/3/7,82.37000275
2022/3/8,85.43000031
2022/3/9,75.47000122
2022/3/10,74.05999756
2022/3/11,76.40000153
2022/3/14,72.83999634
2022/3/15,68.62999725
2022/3/16,68.27999878
2022/3/17,73.68000031
2022/3/18,74.63999939
2022/3/21,79.54000092
2022/3/22,78.55999756
2022/3/23,81.94999695
2022/3/24,79.75
2022/3/25,80.73999786
2022/3/28,74.52999878
2022/3/29,76.15000153
2022/3/30,77.91000366
2022/3/31,74.12000275
2022/4/1,74.16999817
2022/4/4,76.86000061
2022/4/5,74.80000305
2022/4/6,73.05000305
2022/4/7,73.11000061
2022/4/8,74.11000061
2022/4/11,72.30000305
2022/4/12,75.98000336
2022/4/13,78.41999817
2022/4/14,79.56999969
2022/4/18,80.41000366
2022/4/19,76.86000061
2022/4/20,77.23999786
2022/4/21,78.12000275
2022/4/22,76.30999756
2022/4/25,74.65000153
2022/4/26,76.45999908
2022/4/27,76.37000275
2022/4/28,78.08000183
2022/4/29,77.16000366
2022/5/2,78.37999725
2022/5/3,76.69000244
2022/5/4,80.22000122
2022/5/5,80.48000336
2022/5/6,82.12999725
2022/5/9,76.56999969
2022/5/10,74.52999878
2022/5/11,78.18000031
2022/5/12,79.23000336
2022/5/13,81.27999878
2022/5/16,83.11000061
2022/5/17,81.11000061
2022/5/18,79.29000092
2022/5/19,80.58000183
2022/5/20,81.65000153
2022/5/23,81.97000122
2022/5/24,82
2022/5/25,82.48000336
2022/5/26,84.58999634
2022/5/27,85.45999908
2022/5/31,85.47000122
2022/6/1,85.54000092
2022/6/2,87.25
2022/6/3,89.47000122
2022/6/6,88.38999939
2022/6/7,90.04000092
2022/6/8,91.98999786
2022/6/9,91.08000183
2022/6/10,90.12999725
2022/6/13,90.36000061
2022/6/14,88.44999695
2022/6/15,86.93000031
2022/6/16,87.66000366
2022/6/17,83.33999634
2022/6/21,84.05000305
2022/6/22,80.87999725
2022/6/23,78.98000336
2022/6/24,81.26999664
2022/6/27,82.93000031
2022/6/28,84.72000122
2022/6/29,82.94999695
2022/6/30,80.34999847
2022/7/1,81.66999817
2022/7/5,74.77999878
2022/7/6,73.66999817
2022/7/7,76.55000305
2022/7/8,78.54000092
2022/7/11,78.23000336
2022/7/12,72.80999756
2022/7/13,73.19000244
2022/7/14,72.84999847
2022/7/15,73.73999786
2022/7/18,76.80999756
2022/7/19,78.05000305
2022/7/20,77.63999939
2022/7/21,75.48999786
2022/7/22,74.52999878
2022/7/25,76.22000122
2022/7/26,75.16000366
2022/7/27,77.87000275
2022/7/28,77.12999725
2022/7/29,78.05000305
2022/8/1,75.12999725
2022/8/2,75.93000031
2022/8/3,73.52999878
2022/8/4,71.52999878
2022/8/5,71.54000092
2022/8/8,73.54000092
2022/8/9,73.44999695
2022/8/10,74.31999969
2022/8/11,76.27999878
2022/8/12,74.98000336
2022/8/15,72.87999725
2022/8/16,71.23999786
2022/8/17,72.05000305
2022/8/18,74.20999908
2022/8/19,74.05999756
2022/8/22,74.68000031
2022/8/23,76.83000183
2022/8/24,78.04000092
2022/8/25,76.5
2022/8/26,75.84999847
2022/8/29,78.69000244
2022/8/30,75.47000122
2022/8/31,73.11000061
2022/9/1,70.94999695
2022/9/2,71.43000031
2022/9/6,71.41999817
2022/9/7,67.62000275
2022/9/8,68.08999634
2022/9/9,71.09999847
2022/9/12,72.37000275
2022/9/13,72.01000214
2022/9/14,72.73000336
2022/9/15,69.76000214
2022/9/16,69.90000153
2022/9/19,70.05000305
2022/9/20,69.22000122
2022/9/21,68.68000031
2022/9/22,68.97000122
2022/9/23,65.31999969
2022/9/26,63.20000076
2022/9/27,64.41999817
2022/9/28,67.12999725
2022/9/29,66.76999664
2022/9/30,65.27999878
2022/10/3,67.88999939
2022/10/4,70.27999878
2022/10/5,71.94000244
2022/10/6,72.98999786
2022/10/7,75.09999847
2022/10/10,73.77999878
2022/10/11,71.75
2022/10/12,70.93000031
2022/10/13,72.51999664
2022/10/14,70.16999817
2022/10/17,70.12999725
2022/10/18,68.69999695
2022/10/19,70.04000092
2022/10/20,70.18000031
2022/10/21,70.56999969
2022/10/24,70.37999725
2022/10/25,70.61000061
2022/10/26,72.97000122
2022/10/27,73.62000275
2022/10/28,72.81999969
2022/10/31,71.52999878
2022/11/1,73.12000275
2022/11/2,74.08000183
2022/11/3,73.29000092
2022/11/4,76.81999969
2022/11/7,76.55999756
2022/11/8,74.47000122
2022/11/9,71.66999817
2022/11/10,72.23999786
2022/11/11,74.37999725
2022/11/14,71.91000366
2022/11/15,73.25
2022/11/16,72.04000092
2022/11/17,70.13999939
2022/11/18,69.02999878
2022/11/21,69.02999878
2022/11/22,69.98000336
2022/11/23,67.41000366
2022/11/25,66.95999908
2022/11/28,66.87999725
2022/11/29,68.33999634
2022/11/30,70.23000336
2022/12/1,70.44999695
2022/12/2,69.83999634
2022/12/5,67.72000122
2022/12/6,65.23000336
2022/12/7,63.65000153
2022/12/8,62.70999908
2022/12/9,62.84999847
2022/12/12,64.41000366
2022/12/13,65.86000061
2022/12/14,67.36000061
2022/12/15,66.15000153
2022/12/16,64.90000153
2022/12/19,66.06999969
2022/12/20,66.22000122
2022/12/21,68.05999756
2022/12/22,67.69999695
2022/12/23,69.31999969
2022/12/27,69.52999878
2022/12/28,68.58000183
2022/12/29,68.52999878
2022/12/30,70.11000061
2023/1/3,67.63999939
2023/1/4,64.30000305
2023/1/5,64.77999878
2023/1/6,64.83000183
2023/1/9,65.87999725
2023/1/10,65.90000153
2023/1/11,68.05000305
2023/1/12,68.61000061
2023/1/13,70.05000305
2023/1/17,70.86000061
2023/1/18,69.51000214
2023/1/19,70.58999634
2023/1/20,71.55000305
2023/1/23,71.5
2023/1/24,70.22000122
2023/1/25,70.51000214
2023/1/26,70.93000031
2023/1/27,69.5
2023/1/30,68.09999847
2023/1/31,69.31999969
2023/2/1,67.36000061
2023/2/2,66.56999969
2023/2/3,64.40000153
2023/2/6,65.5
2023/2/7,67.76000214
2023/2/8,68.68000031
2023/2/9,67.91999817
2023/2/10,69.87000275
2023/2/13,69.5
2023/2/14,69.40000153
2023/2/15,69.01999664
2023/2/16,68.44999695
2023/2/17,67.01999664
2023/2/21,66.69000244
2023/2/22,64.91999817
2023/2/23,66.37999725
2023/2/24,67.09999847
2023/2/27,66.25
2023/2/28,67.20999908
2023/3/1,68.06999969
2023/3/2,68.30000305
2023/3/3,69.86000061
2023/3/6,70.48999786
2023/3/7,67.84999847
2023/3/8,67.09999847
2023/3/9,66.23999786
2023/3/10,67.13999939
2023/3/13,65.25
2023/3/14,62.93000031
2023/3/15,60.02000046
2023/3/16,60.04999924
2023/3/17,58.65999985
2023/3/20,59.79000092
2023/3/21,61.22999954
2023/3/22,61.61000061
2023/3/23,60.99000168
2023/3/24,60.95999908
2023/3/27,64.15000153
2023/3/28,64.55000305
2023/3/29,64.15000153
2023/3/30,65.31999969
2023/3/31,66.44000244
2023/4/3,70.26999664
2023/4/4,70.26999664
2023/4/5,70.23999786
2023/4/6,70.26000214
2023/4/10,69.76000214
2023/4/11,71.06999969
2023/4/12,72.43000031
2023/4/13,71.80000305
2023/4/14,72.08999634
2023/4/17,70.83999634
2023/4/18,70.73000336
2023/4/19,69.30000305
2023/4/20,67.59999847
2023/4/21,68.20999908
2023/4/24,69.25
2023/4/25,67.62000275
2023/4/26,65.36000061
2023/4/27,65.80999756
2023/4/28,67.5
2023/5/1,66.55000305
2023/5/2,63.04999924
2023/5/3,60.31000137
2023/5/4,60.70000076
2023/5/5,63.02999878
2023/5/8,64.26000214
2023/5/9,64.87000275
2023/5/10,64.38999939
2023/5/11,63.25
2023/5/12,62.06999969
2023/5/15,62.99000168
2023/5/16,62.54000092
2023/5/17,64.59999847
2023/5/18,64.04000092
2023/5/19,63.90000153
2023/5/22,63.90999985
2023/5/23,64.87000275
2023/5/24,65.66000366
2023/5/25,64.08999634
2023/5/26,64.80000305
2023/5/30,62.29999924
2023/5/31,60.63000107
2023/6/1,62.54999924
2023/6/2,64.15000153
2023/6/5,64.02999878
2023/6/6,63.79000092
2023/6/7,64.70999908
2023/6/8,63.45999908
2023/6/9,62.93000031
2023/6/12,60.24000168
2023/6/13,62.13999939
2023/6/14,61.83000183
2023/6/15,63.40999985
2023/6/16,64.34999847
2023/6/20,63.91999817
2023/6/21,65.04000092
2023/6/22,62.52000046
2023/6/23,62.41999817
2023/6/26,62.72999954
2023/6/27,61.29999924
2023/6/28,62.52000046
2023/6/29,62.95999908
2023/6/30,63.54999924
2023/7/3,63.38999939
2023/7/5,64.62999725
2023/7/6,64.44000244
2023/7/7,65.84999847
2023/7/10,65.54000092
2023/7/11,67.02999878
2023/7/12,67.87000275
2023/7/13,69.08999634
2023/7/14,67.47000122
2023/7/17,66.58000183
2023/7/18,67.95999908
2023/7/19,67.69000244
2023/7/20,68.05000305
2023/7/21,68.98999786
2023/7/24,70.69000244
2023/7/25,71.16000366
2023/7/26,70.66000366
2023/7/27,71.43000031
2023/7/28,72.08999634
2023/7/31,73.16999817
2023/8/1,72.95999908
2023/8/2,71.48000336
2023/8/3,73.13999939
2023/8/4,73.79000092
2023/8/7,73.81999969
2023/8/8,74.05999756
2023/8/9,75.09999847
2023/8/10,74.19999695
2023/8/11,74.25
2023/8/14,73.80999756
2023/8/15,72.62000275
2023/8/16,71.37000275
2023/8/17,71.98000336
2023/8/18,72.79000092
2023/8/21,72.58000183
2023/8/22,72.27999878
2023/8/23,71.36000061
2023/8/24,71.41000366
2023/8/25,72.44999695
2023/8/28,72.41000366
2023/8/29,73.31999969
2023/8/30,73.66000366
2023/8/31,75.05999756
2023/9/1,76.91999817
2023/9/5,77.76000214
2023/9/6,78.51999664
2023/9/7,77.94999695
2023/9/8,78.30000305
2023/9/11,78.37000275
2023/9/12,79.69999695
2023/9/13,79.68000031
2023/9/14,81.12000275
2023/9/15,81.29000092
2023/9/18,81.44999695
2023/9/19,81.5
2023/9/20,80.13999939
2023/9/21,80.41000366
2023/9/22,80.62999725
2023/9/25,80.38999939
2023/9/26,80.87999725
2023/9/27,82.90000153
2023/9/28,81.56999969
2023/9/29,80.86000061
2023/10/2,79.38999939
2023/10/3,79.93000031
2023/10/4,75.58999634
2023/10/5,73.98999786
2023/10/6,74.16000366
2023/10/9,77.12999725
2023/10/10,76.70999908
2023/10/11,75.66999817
2023/10/12,75.41999817
2023/10/13,78.98999786
2023/10/16,78.38999939
2023/10/17,78.80000305
2023/10/18,79.83999634
2023/10/19,81.68000031
2023/10/20,80.69999695
2023/10/23,78.88999939
2023/10/24,76.93000031
2023/10/25,78.45999908
2023/10/26,76.88999939
2023/10/27,78.36000061
2023/10/30,76.05000305
2023/10/31,75.01999664
2023/11/1,74.75
2023/11/2,76.18000031
2023/11/3,74.84999847
2023/11/6,74.91000366
2023/11/7,71.80000305
2023/11/8,70.19000244
2023/11/9,70.25
2023/11/10,71.79000092
2023/11/13,72.91999817
2023/11/14,72.69000244
2023/11/15,71.33999634
2023/11/16,68.05000305
2023/11/17,70.75
2023/11/20,72.30000305
2023/11/21,72.52999878
2023/11/22,71.61000061
2023/11/24,70.81999969
2023/11/27,69.95999908
2023/11/28,71.26000214
2023/11/29,72.51999664
2023/11/30,70.13999939
2023/12/1,69.23999786
2023/12/4,68.47000122
2023/12/5,67.58000183
2023/12/6,64.76000214
2023/12/7,65.11000061
2023/12/8,66.52999878
2023/12/11,66.80000305
2023/12/12,64.25
2023/12/13,65.33000183
2023/12/14,67.16000366
2023/12/15,67.15000153
2023/12/18,68.08999634
2023/12/19,69.36000061
2023/12/20,68.79000092
2023/12/21,69.02999878
2023/12/22,68.69000244
2023/12/26,70.20999908
2023/12/27,68.91999817
2023/12/28,67.18000031
2023/12/29,66.65000153
2024/1/2,65.76999664
2024/1/3,68.19000244
2024/1/4,67.56999969
2024/1/5,69.02999878
2024/1/8,66.40000153
2024/1/9,67.38999939
2024/1/10,66.55999756
2024/1/11,67.65000153
2024/1/12,68.01999664
2024/1/16,67.25
2024/1/17,67.94000244
2024/1/18,69.05999756
2024/1/19,68.81999969
2024/1/22,69.69000244
2024/1/23,69.66000366
2024/1/24,70.54000092
2024/1/25,72.23000336
2024/1/26,73.09999847
2024/1/29,72.05000305
2024/1/30,72.80999756
2024/1/31,70.91999817
2024/2/1,69.06999969
2024/2/2,67.51000214
2024/2/5,68.18000031
2024/2/6,68.80999756
2024/2/7,69.41999817
2024/2/8,71.51999664
2024/2/9,71.66999817
2024/2/12,72.11000061
2024/2/13,72.65000153
2024/2/14,71.55000305
2024/2/15,72.83999634
2024/2/16,73.41000366
2024/2/20,72.41999817
2024/2/21,73.19999695
2024/2/22,73.59999847
2024/2/23,71.91999817
2024/2/26,72.79000092
2024/2/27,73.84999847
2024/2/28,73.62000275
2024/2/29,73.36000061
2024/3/1,74.95999908
2024/3/4,74.01000214
2024/3/5,73.44999695
2024/3/6,74.33999634
2024/3/7,74.23000336
2024/3/8,73.36000061
2024/3/11,73.62000275
2024/3/12,73.34999847
2024/3/13,75.08999634
2024/3/14,76.30000305
2024/3/15,76.33000183
2024/3/18,77.98000336
2024/3/19,78.43000031
2024/3/20,77.25
2024/3/21,76.81999969
2024/3/22,76.68000031
2024/3/25,77.76000214
2024/3/26,77.29000092
2024/3/27,77.51000214
2024/3/28,78.73000336
2024/4/1,79.66999817
2024/4/2,80.79000092
2024/4/3,81.25
2024/4/4,82.26999664
2024/4/5,82.40000153
2024/4/8,82.19999695
2024/4/9,81.15000153
2024/4/10,82.08999634
2024/4/11,81.55000305
2024/4/12,81.52999878
2024/4/15,81.65000153
2024/4/16,81.33000183
2024/4/17,78.91000366
2024/4/18,78.77999878
2024/4/19,78.84999847
2024/4/22,78.77999878
2024/4/23,79.98000336
2024/4/24,79.63999939
2024/4/25,80.44000244
2024/4/26,80.38999939
2024/4/29,79.5
2024/4/30,78.37999725
2024/5/1,75.93000031
2024/5/2,75.93000031
2024/5/3,75.12999725
2024/5/6,75.66000366
2024/5/7,75.5
2024/5/8,76.11000061
2024/5/9,76.51999664
2024/5/10,75.30000305
2024/5/13,76.12999725
2024/5/14,75.20999908
2024/5/15,75.87999725
2024/5/16,76.25
2024/5/17,76.97000122
2024/5/20,76.73000336
2024/5/21,76.16000366
2024/5/22,74.87000275
2024/5/23,74.44999695
2024/5/24,75.34999847
2024/5/28,77.66000366
2024/5/29,76.56999969
2024/5/30,75.52999878
2024/5/31,74.81999969
2024/6/3,71.83000183
2024/6/4,71.08999634
2024/6/5,71.88999939
2024/6/6,73.26000214
2024/6/7,73.01999664
2024/6/10,75.45999908
2024/6/11,75.51000214
2024/6/12,75.98000336
2024/6/13,75.73999786
2024/6/14,76.08000183
2024/6/17,77.79000092
2024/6/18,78.66999817
2024/6/20,79.41000366
2024/6/21,78.65000153
2024/6/24,79.69999695
2024/6/25,78.90000153
2024/6/26,78.75
2024/6/27,79.91999817
2024/6/28,79.58999634
2024/7/1,81.54000092
2024/7/2,81.11000061
2024/7/3,81.26999664
2024/7/5,81.30999756
2024/7/8,80.41999817
2024/7/9,79.76999664
2024/7/10,80.48000336
2024/7/11,80.94000244
2024/7/12,80.25
2024/7/15,80.12000275
2024/7/16,79.05999756
2024/7/17,80.62000275
2024/7/18,79.90000153
2024/7/19,78
2024/7/22,77.62000275
2024/7/23,76.62000275
2024/7/24,76.80999756
2024/7/25,77.45999908
2024/7/26,76.11000061
2024/7/29,75.19000244
2024/7/30,74.45999908
2024/7/31,77.73999786
2024/8/1,76.29000092
2024/8/2,73.38999939
2024/8/5,73.22000122
2024/8/6,72.44999695
2024/8/7,74.69000244
2024/8/8,75.36000061
2024/8/9,76.22000122
2024/8/12,78.62999725
2024/8/13,77.63999939
2024/8/14,76.58999634
2024/8/15,77.41000366
2024/8/16,76.31999969
2024/8/19,74.37999725
2024/8/20,73.83000183
2024/8/21,72.59999847
2024/8/22,73.58000183
2024/8/23,75.55000305
2024/8/26,77.83000183
2024/8/27,76.48999786
2024/8/28,75.48000336
2024/8/29,76.76999664
2024/8/30,74.33999634
2024/9/3,71.08999634
2024/9/4,69.61000061
2024/9/5,69.88999939
2024/9/6,68.93000031
2024/9/9,69.26999664
2024/9/10,66.95999908
2024/9/11,67.84999847
2024/9/12,69.88999939
2024/9/13,69.83999634
2024/9/16,70.87999725
2024/9/17,71.72000122
2024/9/18,70.66000366
2024/9/19,72.75
2024/9/20,72.91999817
2024/9/23,72.25
2024/9/24,73.29000092
2024/9/25,71.48000336
2024/9/26,69.01000214
2024/9/27,70.26999664
2024/9/30,69.91999817
2024/10/1,72.11000061
2024/10/2,72.76000214
2024/10/3,75.73000336
2024/10/4,76.34999847
2024/10/7,79.19999695
2024/10/8,75.79000092
2024/10/9,75.25
2024/10/10,77.76999664
2024/10/11,77.48999786
2024/10/14,75.93000031
2024/10/15,72.76000214
2024/10/16,72.40000153
2024/10/17,72.62000275
2024/10/18,71.37999725
2024/10/21,72.26000214
2024/10/22,73.98000336
2024/10/23,73.55000305
2024/10/24,73.05999756
2024/10/25,74.23000336
2024/10/28,70.43000031
2024/10/29,69.66000366
2024/10/30,71.36000061
2024/10/31,73.08000183
2024/11/1,72.01999664
2024/11/4,74.29000092
2024/11/5,74.73000336
2024/11/6,74.54000092
2024/11/7,74.66000366
2024/11/8,73.12999725
2024/11/11,70.94000244
2024/11/12,70.69000244
2024/11/13,70.73000336
2024/11/14,71.29000092
2024/11/15,69.75
2024/11/18,72.06999969
2024/11/19,72.30999756
2024/11/20,72.01999664
2024/11/21,73.19999695
2024/11/22,74.25
2024/11/25,72.09999847
2024/11/26,71.61000061
2024/11/27,71.72000122
2024/11/29,71.61000061
2024/12/2,71.04000092
2024/12/3,73.04000092
2024/12/4,71.87999725
2024/12/5,71.47000122
2024/12/6,70.23999786
2024/12/9,71.16999817
2024/12/10,71.40000153
2024/12/11,73.33000183
2024/12/12,73.20999908
2024/12/13,74.20999908
2024/12/16,73.69999695
2024/12/17,73.30000305
2024/12/18,72.94000244
2024/12/19,72.61000061
2024/12/20,73.09999847
2024/12/23,73.05999756
2024/12/24,73.65000153
2024/12/26,73.12999725
2024/12/27,73.84999847
2024/12/30,74.81999969
2024/12/31,75.55000305
2025/1/2,76.93000031
2025/1/3,77.91999817
2025/1/6,77.30000305
2025/1/7,78.16999817
2025/1/8,77.30000305
2025/1/10,80.63999939
2025/1/13,82.23000336
2025/1/14,81.66999817
2025/1/15,84.33999634
2025/1/16,82.94000244
2025/1/17,82.51999664
2025/1/21,81.11000061
2025/1/22,80.43000031
2025/1/23,79.20999908
2025/1/24,79.59999847
2025/1/27,77.93000031
2025/1/28,78.86000061
2025/1/29,77.77999878
2025/1/30,77.75
2025/1/31,78.01999664
2025/2/3,77.81999969
2025/2/4,77.51000214
2025/2/5,76.08999634
2025/2/6,75.44999695
2025/2/7,75.86000061
2025/2/10,77.40000153
2025/2/11,78.26999664
2025/2/12,76.31999969
2025/2/13,76.38999939
2025/2/14,75.81999969
2025/2/18,76.95999908
2025/2/19,77.44999695
2025/2/20,77.76000214
2025/2/21,75.34999847
2025/2/24,75.97000122
2025/2/25,74.12999725
2025/2/26,73.84999847
2025/2/27,75.27999878
2025/2/28,75.22000122
2025/3/3,73.31999969
2025/3/4,73.30999756
2025/3/5,71.41999817
2025/3/6,71.12999725
2025/3/7,72.08999634
2025/3/10,70.88999939
2025/3/11,71.44999695
2025/3/12,72.80000305
2025/3/13,71.62000275
2025/3/14,72.27999878
2025/3/17,72.70999908
2025/3/18,72.20999908
2025/3/19,72.41999817
2025/3/20,73.73000336
2025/3/21,73.79000092
2025/3/24,74.87999725
2025/3/25,74.81999969
2025/3/26,75.41999817
2025/3/27,75.48000336
2025/3/28,74.76999664
2025/3/31,77.33000183
2025/4/1,77.08000183
2025/4/2,77.73999786
2025/4/3,72.25
2025/4/4,67.91999817
2025/4/7,65.98000336
2025/4/8,63.34000015
2025/4/9,67.58000183
2025/4/10,65.31999969
2025/4/11,66.45999908
2025/4/14,66.66000366
2025/4/15,66.48000336
2025/4/16,67.75
2025/4/17,69.48000336
2025/4/21,68.62000275
2025/4/22,69.37000275
2025/4/23,68.05000305
2025/4/24,68.45999908
2025/4/25,69.02999878
2025/4/28,67.76000214
2025/4/29,65.84999847
2025/4/30,63.56000137
2025/5/1,64.51999664
2025/5/2,64.01000214
2025/5/5,62.36999893
2025/5/6,64.59999847
2025/5/7,63.50999832
2025/5/8,65.59999847
2025/5/9,66.61000061
2025/5/12,67.59999847
2025/5/13,69.58999634
2025/5/14,68.73000336
2025/5/15,67.58999634
2025/5/16,68.09999847
2025/5/19,68.51000214
2025/5/20,68.66000366
2025/5/21,67.58999634
2025/5/22,67.13999939
2025/5/23,67.98999786
2025/5/27,67.27999878
2025/5/28,67.88999939
2025/5/29,67.19000244
2025/5/30,67.15000153
2025/6/2,69.55000305
2025/6/3,69.88999939
2025/6/4,69.33999634
2025/6/5,69.93000031
2025/6/6,71.37999725
2025/6/9,72.05000305
2025/6/10,71.59999847
2025/6/11,74.81999969
2025/6/12,75.05000305
2025/6/13,80.22000122
2025/6/16,78.58999634
2025/6/17,82.30000305
2025/6/18,82.26999664
2025/6/20,83.12000275
2025/6/23,76.41000366
2025/6/24,73
2025/6/25,73.30999756
2025/6/26,73.58999634
2025/6/27,73.27999878
2025/6/30,73.11000061
2025/7/1,73.93000031
2025/7/2,75.58999634
2025/7/3,75.19000244
2025/7/7,76.48000336
2025/7/8,76.95999908
2025/7/9,76.93000031
2025/7/10,75.38999939
2025/7/11,77.29000092
2025/7/14,75.62000275
2025/7/15,75.26000214
2025/7/16,75.19000244
2025/7/17,76.16000366
2025/7/18,75.93000031
2025/7/21,75.58999634
2025/7/22,75.34999847
2025/7/23,75.27999878
2025/7/24,76.08999634
2025/7/25,74.84999847
2025/7/28,77.16999817
2025/7/29,79.80000305
2025/7/30,81.04000092
2025/7/31,79.58999634
2025/8/1,77.45999908
2025/8/4,76.11000061
2025/8/5,75.01999664
2025/8/6,73.79000092
2025/8/7,73.41999817
2025/8/8,73.30000305
2025/8/11,73.80000305
2025/8/12,72.94999695
2025/8/13,72.45999908
2025/8/14,73.73999786
2025/8/15,72.80000305
2025/8/18,73.16999817
2025/8/19,72.30000305
2025/8/20,73.51999664
2025/8/21,74.12999725
2025/8/22,74.63999939
2025/8/25,75.75
2025/8/26,74.05000305
2025/8/27,74.68000031
2025/8/28,75.23999786
2025/8/29,74.83999634
2025/9/2,76.76000214
2025/9/3,74.83000183
2025/9/4,74.18000031
2025/9/5,72.62999725
2025/9/8,73.04000092
2025/9/9,73.38999939
2025/9/10,74.70999908
2025/9/11,73
2025/9/12,73.30999756
2025/9/15,74.23000336
2025/9/16,75.66999817
2025/9/17,74.97000122
2025/9/18,74.69000244
2025/9/19,73.51999664
2025/9/22,73.44999695
2025/9/23,75.05000305
2025/9/24,76.38999939
2025/9/25,76.98999786
2025/9/26,77.01999664
2025/9/29,74.58999634
2025/9/30,73.75
2025/10/1,73.13999939
2025/10/2,71.54000092
2025/10/3,71.70999908
2025/10/6,72.87000275
2025/10/7,73.19999695
2025/10/8,73.52999878
2025/10/9,72.51000214
2025/10/10,69.38999939
2025/10/13,70.27999878
2025/10/14,69
2025/10/15,68.98999786
2025/10/16,67.80999756
2025/10/17,67.98000336
2025/10/20,67.83000183
2025/10/21,68.26999664
2025/10/22,70.62999725
2025/10/23,73.29000092
2025/10/24,73.18000031
2025/10/27,73.12000275
2025/10/28,71.38999939
2025/10/29,71.80000305
2025/10/30,71.70999908
2025/10/31,72.55999756
2025/11/3,72.73999786
2025/11/4,71.93000031
2025/11/5,71.02999878
2025/11/6,70.87999725
2025/11/7,71.26000214
2025/11/10,71.68000031
2025/11/11,72.72000122
2025/11/12,69.79000092
2025/11/13,69.84999847
2025/11/14,71.37999725
2025/11/17,71.30000305
2025/11/18,72.5
2025/11/19,70.87999725
2025/11/20,70.15000153
2025/11/21,69.30000305
2025/11/24,70.41999817
2025/11/25,69.25
2025/11/26,70.04000092
2025/11/28,71.06999969
2025/12/1,71.05999756
2025/12/2,70.19999695
2025/12/3,70.66000366
2025/12/4,71.38999939
2025/12/5,71.91999817
2025/12/8,70.48999786
2025/12/9,69.86000061
2025/12/10,70.54000092
2025/12/11,69.25
2025/12/12,68.80999756
2025/12/15,67.88999939
2025/12/16,66.16999817
2025/12/17,67.98000336
2025/12/18,67.19000244
2025/12/19,68.02999878
2025/12/22,69.73000336
2025/12/23,70.30000305
2025/12/24,70.19999695
2025/12/26,68.48000336
2025/12/29,69.61000061
,
