Date_target,Actual_Return,Position,Strategy_Return,Strategy_NAV,BuyHold_NAV
2023-05-31,-0.027171575846606393,1.0,-0.027171575846606393,0.9731942505714851,0.9731942505714851
2023-06-01,0.03117638701506476,1.0,0.03117638701506476,1.0040128411406348,1.0040128411406348
2023-06-02,0.025257890132107705,1.0,0.025257890132107705,1.029695061179356,1.029695061179356
2023-06-05,-0.0018724103815936021,1.0,-0.0018724103815936021,1.0277688533454619,1.0277688533454619
2023-06-06,-0.0037552518600890913,1.0,-0.0037552518600890913,1.0239165601398663,1.0239165601398663
2023-06-07,0.014319282314944294,1.0,0.014319282314944294,1.0386837861464766,1.0386837861464766
2023-06-08,-0.01950596319280785,1.0,-0.01950596319280785,1.018619580443302,1.018619580443302
2023-06-09,-0.00838676933991773,1.0,-0.00838676933991773,1.010112376819107,1.010112376819107
2023-06-12,-0.04368639103365808,1.0,-0.04368639103365808,0.9669342281890699,0.9669342281890699
2023-06-13,0.03105328278806812,1.0,0.03105328278806812,0.9974317841192375,0.9974317841192375
2023-06-14,-0.005001180957882786,1.0,-0.005001180957882786,0.9924559002927519,0.9924559002927519
2023-06-15,0.025232862120753194,1.0,0.025232862120753194,1.0178170244613944,1.0178170244613944
2023-06-16,0.014715335024382634,1.0,0.014715335024382634,1.0329052851069869,1.0329052851069869
2023-08-03,0.1280384940463054,1.0,0.1280384940463054,1.1739967943071734,1.1739967943071734
2023-08-04,0.008847829101217144,1.0,0.008847829101217144,1.184430205765263,1.184430205765263
2023-08-07,0.00040645999032376225,1.0,0.00040645999032376225,1.1849117271081882,1.1849117271081882
2023-08-08,0.0032458490524185546,1.0,0.0032458490524185546,1.1887640203137837,1.1887640203137837
2023-08-09,0.013944995931908974,1.0,0.013944995931908974,1.205457454154288,1.205457454154288
2023-08-10,-0.012056429407605004,1.0,-0.012056429407605004,1.1910112015555636,1.1910112015555636
2023-08-11,0.0006736686382865583,1.0,0.0006736686382865583,1.1918138187685676,1.1918138187685676
2023-08-14,-0.005943586977752165,1.0,-0.005943586977752165,1.1847511791731484,1.1847511791731484
2023-08-15,-0.01625378689757854,1.0,-0.01625378689757854,1.1656501386180176,1.1656501386180176
2023-08-16,-0.017362752340797996,1.0,-0.017362752340797996,1.145585932914843,1.145585932914843
2023-08-17,0.008510697821235626,1.0,0.008510697821235626,1.1553772750949676,1.1553772750949676
2023-08-18,0.011190246419903169,1.0,0.011190246419903169,1.1683788412027227,1.1683788412027227
2023-08-21,-0.002889168694806413,1.0,-0.002889168694806413,1.1650080693400526,1.1650080693400526
2023-08-22,-0.004141978177517621,1.0,-0.004141978177517621,1.1601926109864136,1.1601926109864136
2023-08-23,-0.012809952010608331,1.0,-0.012809952010608331,1.1454253849798035,1.1454253849798035
2023-08-24,0.0007004700189953696,1.0,0.0007004700189953696,1.1462280021928077,1.1462280021928077
2023-08-25,0.014458659800547261,1.0,0.014458659800547261,1.162921313571119,1.162921313571119
2023-08-28,-0.0005521646690655364,1.0,-0.0005521646690655364,1.1622793667553473,1.1622793667553473
2023-08-29,0.012488956833895738,1.0,0.012488956833895738,1.176886044826918,1.176886044826918
2023-08-30,0.0046265419240497365,1.0,0.0046265419240497365,1.182343572458522,1.182343572458522
2023-08-31,0.0188278004475025,1.0,0.0188278004475025,1.204815384876323,1.204815384876323
2023-09-01,0.02447813573510389,1.0,0.02447813573510389,1.2346709327596224,1.2346709327596224
2023-10-04,-0.01744194605883999,1.0,-0.01744194605883999,1.213322588500518,1.213322588500518
2023-10-05,-0.02139403079149734,1.0,-0.02139403079149734,1.1876404296928935,1.1876404296928935
2023-10-06,0.002295050573214618,1.0,0.002295050573214618,1.190369254739792,1.190369254739792
2023-10-11,0.02015678586974237,1.0,0.02015678586974237,1.2146067270564476,1.2146067270564476
2023-10-12,-0.0033092889564296495,1.0,-0.0033092889564296495,1.2105938859158127,1.2105938859158127
2023-10-13,0.04624876757990632,1.0,0.04624876757990632,1.2678972525055914,1.2678972525055914
2023-10-16,-0.0076248747174708295,1.0,-0.0076248747174708295,1.2582664582605063,1.2582664582605063
2023-10-17,0.0052166751771825426,1.0,0.0052166751771825426,1.2648475765130003,1.2648475765130003
2023-10-18,0.013111550543380405,1.0,0.013111550543380405,1.2815408878913115,1.2815408878913115
2023-10-19,0.02278459145754226,1.0,0.02278459145754226,1.311075462366725,1.311075462366725
2023-10-20,-0.012070640132825968,1.0,-0.012070640132825968,1.2953450712120709,1.2953450712120709
2023-10-23,-0.022684068089564084,1.0,-0.022684068089564084,1.266292140541776,1.266292140541776
2023-10-24,-0.025158547932485016,1.0,-0.025158547932485016,1.2348314806946614,1.2348314806946614
2023-10-25,0.019693007674920365,1.0,0.019693007674920365,1.259390048881396,1.259390048881396
2023-10-26,-0.02021310800658612,1.0,-0.02021310800658612,1.2341894114166965,1.2341894114166965
2023-10-27,0.018937779759304663,1.0,0.018937779759304663,1.2577849369175806,1.2577849369175806
2023-10-30,-0.02992254203180154,1.0,-0.02992254203180154,1.2207063239660159,1.2207063239660159
2023-10-31,-0.013636358927050672,1.0,-0.013636358927050672,1.2041733155983578,1.2041733155983578
2023-11-01,-0.003605487635762514,1.0,-0.003605487635762514,1.199839501049837,1.199839501049837
2023-11-02,0.018949752785645084,1.0,0.018949752785645084,1.2227929572727565,1.2227929572727565
2023-11-03,-0.0176128745766275,1.0,-0.0176128745766275,1.2014446130136525,1.2014446130136525
2023-11-06,0.0008013513667661236,1.0,0.0008013513667661236,1.2024077781616962,1.2024077781616962
2023-11-07,-0.04240292328881122,1.0,-0.04240292328881122,1.1524880245752223,1.1524880245752223
2023-11-08,-0.022678633032617218,1.0,-0.022678633032617218,1.1266453178325582,1.1266453178325582
2023-11-09,0.0008544226887040801,1.0,0.0008544226887040801,1.1276083605184088,1.1276083605184088
2023-11-14,0.03414354886923729,1.0,0.03414354886923729,1.166773729238907,1.166773729238907
2023-11-15,-0.0187467284855328,1.0,-0.0187467284855328,1.145104289109724,1.145104289109724
2023-11-16,-0.047214354654269194,1.0,-0.047214354654269194,1.0922954074656985,1.0922954074656985
2023-11-17,0.03890976258005652,1.0,0.03890976258005652,1.1356340427996785,1.1356340427996785
2023-11-20,0.021671634851022643,1.0,0.021671634851022643,1.160513706856492,1.160513706856492
2023-11-21,0.003176081170630913,1.0,0.003176081170630913,1.164205452127048,1.164205452127048
2023-11-22,-0.012765515002879542,1.0,-0.012765515002879542,1.149438226120438,1.149438226120438
2023-12-26,-0.01974399955280629,1.0,-0.01974399955280629,1.126966291240444,1.126966291240444
2023-12-27,-0.018544352897414122,1.0,-0.018544352897414122,1.1062600162593046,1.1062600162593046
2023-12-28,-0.025570796365095832,1.0,-0.025570796365095832,1.0783306762098996,1.0783306762098996
2023-12-29,-0.007920519208180475,1.0,-0.007920519208180475,1.0698234725857045,1.0698234725857045
2024-01-02,-0.013291313245864694,1.0,-0.013291313245864694,1.0556981933948661,1.0556981933948661
2024-01-03,0.03613420606279638,1.0,0.03613420606279638,1.0945425887074787,1.0945425887074787
2024-01-04,-0.009133869287912003,1.0,-0.009133869287912003,1.0845906985923146,1.0845906985923146
2024-01-05,0.02137708198407873,1.0,0.02137708198407873,1.1080256761581593,1.1080256761581593
2024-01-08,-0.03884409556923109,1.0,-0.03884409556923109,1.0658106314450695,1.0658106314450695
2024-01-09,0.014799550438628694,1.0,0.014799550438628694,1.0817014480725695,1.0817014480725695
2024-01-10,-0.012392870067949613,1.0,-0.012392870067949613,1.0683787860947354,1.0683787860947354
2024-01-11,0.01624361733911579,1.0,0.01624361733911579,1.0858748371482438,1.0858748371482438
2024-01-12,0.005454353054606214,1.0,0.005454353054606214,1.09181376366058,1.09181376366058
2024-02-14,0.05059481842766677,1.0,0.05059481842766677,1.148475183434587,1.148475183434587
2024-02-15,0.01786865592877021,1.0,0.01786865592877021,1.1691813359535335,1.1691813359535335
2024-02-16,0.00779501142506072,1.0,0.00779501142506072,1.1783307313178863,1.1783307313178863
2024-03-20,0.05098669976946427,1.0,0.05098669976946427,1.239967912456186,1.239967912456186
2024-03-21,-0.005581896832704567,1.0,-0.005581896832704567,1.233065820795806,1.233065820795806
2024-03-22,-0.0018240967878449877,1.0,-0.0018240967878449877,1.2308186395540262,1.2308186395540262
2024-03-25,0.013986265466977597,1.0,0.013986265466977597,1.2481541426724951,1.2481541426724951
2024-03-26,-0.006062594660150216,1.0,-0.006062594660150216,1.2406099817341505,1.2406099817341505
2024-03-27,0.002842394889994873,1.0,0.002842394889994873,1.2441413015318603,1.2441413015318603
2024-03-28,0.015617331980804382,1.0,0.015617331980804382,1.2637239858921094,1.2637239858921094
2024-04-01,0.011868760574354039,1.0,0.011868760574354039,1.2788121853066055,1.2788121853066055
2024-04-02,0.013960126414517587,1.0,0.013960126414517587,1.2967897577030392,1.2967897577030392
2024-04-03,0.005677614386043164,1.0,0.005677614386043164,1.304173370706344,1.304173370706344
2024-04-04,0.01247565916713096,1.0,0.01247565916713096,1.3205457086767698,1.3205457086767698
2024-04-05,0.0015789750563960673,1.0,0.0015789750563960673,1.3226324644457035,1.3226324644457035
2024-04-08,-0.0024301904972476177,1.0,-0.0024301904972476177,1.3194221180558798,1.3194221180558798
2024-04-09,-0.01285595217233564,1.0,-0.01285595217233564,1.302568258742529,1.302568258742529
2024-04-10,0.011516848985476157,1.0,0.011516848985476157,1.3176564581570251,1.3176564581570251
2024-04-11,-0.006599795260321502,1.0,-0.006599795260321502,1.3089888290599836,1.3089888290599836
2024-04-12,-0.0002453307865668805,1.0,-0.0002453307865668805,1.3086677331899046,1.3086677331899046
2024-04-15,0.0014708024021412203,1.0,0.0014708024021412203,1.310593941023799,1.310593941023799
2024-04-16,-0.00392686341194556,1.0,-0.00392686341194556,1.305457509262274,1.305457509262274
2024-04-17,-0.030206965750945645,1.0,-0.030206965750945645,1.2666132364118545,1.2666132364118545
2024-04-18,-0.0016488668939575347,1.0,-0.0016488668939575347,1.2645264806429208,1.2645264806429208
2024-04-19,0.0008881520097101191,1.0,0.0008881520097101191,1.265650071263811,1.265650071263811
2024-04-22,-0.0008881520097101288,1.0,-0.0008881520097101288,1.2645264806429208,1.2645264806429208
2024-04-23,0.015117503343163788,1.0,0.015117503343163788,1.2837881915952842,1.2837881915952842
2024-04-24,-0.0042601738587208825,1.0,-0.0042601738587208825,1.2783306639636802,1.2783306639636802
2024-04-25,0.009995123722986861,1.0,0.009995123722986861,1.2911718045985892,1.2911718045985892
2024-04-26,-0.0006218125076125912,1.0,-0.0006218125076125912,1.290369187385585,1.290369187385585
2024-04-29,-0.011132761087201501,1.0,-0.011132761087201501,1.2760834827219003,1.2760834827219003
2024-04-30,-0.0141882639306748,1.0,-0.0141882639306748,1.2581059103254664,1.2581059103254664
2024-05-01,-0.03175689048529639,1.0,-0.03175689048529639,1.2187801161321214,1.2187801161321214
2024-05-02,0.0,1.0,0.0,1.2187801161321214,1.2187801161321214
2024-05-03,-0.010591957420973446,1.0,-0.010591957420973446,1.2059389754972127,1.2059389754972127
2024-05-06,0.007029757783726227,1.0,0.007029757783726227,1.2144463015836007,1.2144463015836007
2024-05-07,-0.0021170113520887217,1.0,-0.0021170113520887217,1.2118780244717418,1.2118780244717418
2024-05-08,0.008047014043655872,1.0,0.008047014043655872,1.2216693666518665,1.2216693666518665
2024-05-09,0.005372430403400711,1.0,0.005372430403400711,1.2282503624421675,1.2282503624421675
2024-05-10,-0.016071925368196245,1.0,-0.016071925368196245,1.2086678005441112,1.2086678005441112
2024-05-13,0.010962193906755544,1.0,0.010962193906755544,1.2219903400597523,1.2219903400597523
2024-05-14,-0.012158180575230207,1.0,-0.012158180575230207,1.2072231140531422,1.2072231140531422
2024-05-15,0.008868920205058686,1.0,0.008868920205058686,1.2179774989191174,1.2179774989191174
2024-05-16,0.004864306617097663,1.0,0.004864306617097663,1.2239165478936467,1.2239165478936467
2024-05-17,0.009398335918171338,1.0,0.009398335918171338,1.2354735499726262,1.2354735499726262
2024-05-20,-0.0031229414661702254,1.0,-0.0031229414661702254,1.2316212567670306,1.2316212567670306
2024-05-21,-0.007456371371994017,1.0,-0.007456371371994017,1.2224719838648708,1.2224719838648708
2024-05-22,-0.017083125640254306,1.0,-0.017083125640254306,1.2017657088837315,1.2017657088837315
2024-05-23,-0.005625594787959232,1.0,-0.005625594787959232,1.1950240426961982,1.1950240426961982
2024-05-24,0.01201618668264031,1.0,0.01201618668264031,1.2094702952949226,1.2094702952949226
2024-05-28,0.03019646663723591,1.0,0.03019646663723591,1.2465490307086802,1.2465490307086802
2024-05-29,-0.014135020319737542,1.0,-0.014135020319737542,1.2290529796551717,1.2290529796551717
2024-05-30,-0.013675438975928015,1.0,-0.013675438975928015,1.2123595458146674,1.2123595458146674
2024-05-31,-0.009444687322324561,1.0,-0.009444687322324561,1.2009630916707275,1.2009630916707275
2024-06-03,-0.04078298326298724,1.0,-0.04078298326298724,1.152969545918148,1.152969545918148
2024-06-04,-0.010355613150529097,1.0,-0.010355613150529097,1.1410914479690897,1.1410914479690897
2024-06-05,0.011190536078020008,1.0,0.011190536078020008,1.1539325886039986,1.1539325886039986
2024-06-06,0.018877622004538838,1.0,0.018877622004538838,1.1759230021410674,1.1759230021410674
2024-06-07,-0.0032814562555495684,1.0,-0.0032814562555495684,1.172070586473279,1.172070586473279
2024-06-10,0.0328693721488532,1.0,0.0328693721488532,1.2112359551937775,1.2112359551937775
2024-06-11,0.0006624237024835077,1.0,0.0006624237024835077,1.2120385724067817,1.2120385724067817
2024-06-12,0.0062050658352542825,1.0,0.0062050658352542825,1.2195827333451263,1.2195827333451263
2024-06-13,-0.0031637976724215554,1.0,-0.0031637976724215554,1.2157303176773377,1.2157303176773377
2024-06-14,0.004479048035762472,1.0,0.004479048035762472,1.2211878453089415,1.2211878453089415
2024-06-17,0.02222745768327376,1.0,0.02222745768327376,1.248635664015421,1.248635664015421
2024-06-18,0.011248965078119082,1.0,0.011248965078119082,1.2627608207440664,1.2627608207440664
2024-08-05,-0.07179324070221109,1.0,-0.07179324070221109,1.1752809328631026,1.1752809328631026
2024-08-06,-0.010571997719377635,1.0,-0.010571997719377635,1.162921313571119,1.162921313571119
2024-08-07,0.03044962041173569,1.0,0.03044962041173569,1.1988764583639866,1.1988764583639866
2024-08-08,0.008930391311087377,1.0,0.008930391311087377,1.209630843229962,1.209630843229962
2024-08-09,0.011347273093983994,1.0,0.011347273093983994,1.2234350265507214,1.2234350265507214
2024-08-12,0.031129359611728098,1.0,0.031129359611728098,1.2621187514661016,1.2621187514661016
2024-08-13,-0.012670520633458079,1.0,-0.012670520633458079,1.2462279348386014,1.2462279348386014
2024-08-14,-0.013616278332464034,1.0,-0.013616278332464034,1.2293739530630576,1.2293739530630576
2024-08-15,0.010649546417540887,1.0,0.010649546417540887,1.2425361895680453,1.2425361895680453
2024-08-16,-0.01418099538318681,1.0,-0.01418099538318681,1.2250401385145369,1.2250401385145369
2024-08-19,-0.025747971570824927,1.0,-0.025747971570824927,1.193900452075308,1.193900452075308
2024-08-20,-0.0074218736985404345,1.0,-0.0074218736985404345,1.185072275043227,1.185072275043227
2024-08-21,-0.01680027705889688,1.0,-0.01680027705889688,1.1653290427479384,1.1653290427479384
2024-08-22,0.013408373748716321,1.0,0.013408373748716321,1.1810594339025922,1.1810594339025922
2024-08-23,0.026421454550779395,1.0,0.026421454550779395,1.2126806416847462,1.2126806416847462
2024-08-26,0.029732255385001766,1.0,0.029732255385001766,1.2492777332933855,1.2492777332933855
2024-08-27,-0.01736699909208973,1.0,-0.01736699909208973,1.227768841099242,1.227768841099242
2024-08-28,-0.013292220430715884,1.0,-0.013292220430715884,1.211557051063856,1.211557051063856
2024-08-29,0.01694613013782599,1.0,0.01694613013782599,1.2322632035828023,1.2322632035828023
2024-08-30,-0.03216477950517484,1.0,-0.03216477950517484,1.1932583827973433,1.1932583827973433
2024-10-02,-0.021482732597599512,1.0,-0.021482732597599512,1.1678973198597973,1.1678973198597973
2024-10-03,0.04000804444351105,1.0,0.04000804444351105,1.2155698922044909,1.2155698922044909
2024-10-04,0.008153584225935795,1.0,0.008153584225935795,1.2255216598574619,1.2255216598574619
2024-10-07,0.03664824860875891,1.0,0.03664824860875891,1.2712680243682613,1.2712680243682613
2024-10-08,-0.04400989038435532,1.0,-0.04400989038435532,1.2165329348903415,1.2165329348903415
2024-10-09,-0.007150466274743375,1.0,-0.007150466274743375,1.207865183331107,1.207865183331107
2024-10-10,0.03293980591297468,1.0,0.03293980591297468,1.248314568145342,1.248314568145342
2024-10-11,-0.0036068413339225163,1.0,-0.0036068413339225163,1.2438202056617818,1.2438202056617818
2024-10-16,-0.06794254774069128,1.0,-0.06794254774069128,1.1621188188203075,1.1621188188203075
2024-10-17,0.0030340833401324117,1.0,0.0030340833401324117,1.1656501386180174,1.1656501386180174
2024-10-18,-0.01722272422377844,1.0,-0.01722272422377844,1.1457463583876892,1.1457463583876892
2024-10-21,0.012253075698905812,1.0,0.012253075698905812,1.1598716375785276,1.1598716375785276
2024-10-22,0.02352407649793247,1.0,0.02352407649793247,1.1874800042200466,1.1874800042200466
2024-10-23,-0.005829343240804152,1.0,-0.005829343240804152,1.180577912559667,1.180577912559667
2024-10-24,-0.006684500589053859,1.0,-0.006684500589053859,1.1727126557512435,1.1727126557512435
2024-10-25,0.015887438402182662,1.0,0.015887438402182662,1.1914928453606815,1.1914928453606815
2024-10-28,-0.05254911326250707,1.0,-0.05254911326250707,1.1304976110381537,1.1304976110381537
2024-10-29,-0.010992995581308026,1.0,-0.010992995581308026,1.118138114208363,1.118138114208363
2024-10-30,0.024111179315838997,1.0,0.024111179315838997,1.1454253849798033,1.1454253849798033
2024-10-31,0.023817259740401706,1.0,0.023817259740401706,1.1730337516213223,1.1730337516213223
2024-11-01,-0.014610944955690543,1.0,-0.014610944955690543,1.156019221910739,1.156019221910739
2024-11-04,0.03103255387781252,1.0,0.03103255387781252,1.1924558880465321,1.1924558880465321
2024-11-05,0.005905297375616848,1.0,0.005905297375616848,1.1995185276419513,1.1995185276419513
2024-11-06,-0.0025457565295519888,1.0,-0.0025457565295519888,1.196468729187167,1.196468729187167
2024-11-07,0.0016086162034484183,1.0,0.0016086162034484183,1.1983949370210611,1.1983949370210611
2024-11-08,-0.020705880811592785,1.0,-0.020705880811592785,1.1738362463721335,1.1738362463721335
2024-11-13,-0.033368783216192355,1.0,-0.033368783216192355,1.1353130693917928,1.1353130693917928
2024-11-14,0.007886219462695269,1.0,0.007886219462695269,1.144301794358913,1.144301794358913
2024-11-15,-0.02183865727035887,1.0,-0.02183865727035887,1.119582678237139,1.119582678237139
2024-11-18,0.03272044400043885,1.0,0.03272044400043885,1.156821839123743,1.156821839123743
2024-11-19,0.003324533721894514,1.0,0.003324533721894514,1.1606741323293386,1.1606741323293386
2024-11-20,-0.004018586814210477,1.0,-0.004018586814210477,1.156019221910739,1.156019221910739
2024-11-21,0.01625156766698666,1.0,0.01625156766698666,1.1749598369930236,1.1749598369930236
2024-11-22,0.014242398406224533,1.0,0.014242398406224533,1.1918138187685674,1.1918138187685674
2024-11-25,-0.029383754555274894,1.0,-0.029383754555274894,1.1573033604666685,1.1573033604666685
2024-11-26,-0.006819285585412977,1.0,-0.006819285585412977,1.1494382261204383,1.1494382261204383
2024-11-27,0.0015349282152113974,1.0,0.0015349282152113974,1.151203886019293,1.151203886019293
2024-12-31,0.05202506335529767,1.0,0.05202506335529767,1.2126806416847462,1.2126806416847462
2025-01-02,0.01810119232514134,1.0,0.01810119232514134,1.2348314806946614,1.2348314806946614
2025-01-03,0.012786714397346214,1.0,0.012786714397346214,1.2507222973221617,1.2507222973221617
2025-01-06,-0.007988640762339544,1.0,-0.007988640762339544,1.2407705296691909,1.2407705296691909
2025-01-07,0.011191923735452969,1.0,0.011191923735452969,1.2547351384627967,1.2547351384627967
2025-01-08,-0.011191923735453007,1.0,-0.011191923735453007,1.2407705296691907,1.2407705296691907
2025-03-19,-0.06521151601910931,1.0,-0.06521151601910931,1.1624397922281937,1.1624397922281937
2025-03-20,0.017927338477980264,1.0,0.017927338477980264,1.183467163079412,1.183467163079412
2025-03-21,0.0008134159458269552,1.0,0.0008134159458269552,1.1844302057652625,1.1844302057652625
2025-03-24,0.014663562012078598,1.0,0.014663562012078598,1.2019261343565781,1.2019261343565781
2025-03-25,-0.0008015706483539941,1.0,-0.0008015706483539941,1.2009630916707275,1.2009630916707275
2025-03-26,0.007987242710905179,1.0,0.007987242710905179,1.2105938859158127,1.2105938859158127
2025-03-27,0.0007952974227207222,1.0,0.0007952974227207222,1.2115570510638562,1.2115570510638562
2025-03-28,-0.009451074859801283,1.0,-0.009451074859801283,1.2001604744577234,1.2001604744577234
2025-03-31,0.03366531218437057,1.0,0.03366531218437057,1.241252051012116,1.241252051012116
2025-04-01,-0.003238134997980117,1.0,-0.003238134997980117,1.237239209871481,1.237239209871481
2025-04-02,0.008526030643493826,1.0,0.008526030643493826,1.247833046802417,1.247833046802417
2025-04-03,-0.0732375709523678,1.0,-0.0732375709523678,1.1597110896434886,1.1597110896434886
2025-04-04,-0.06180181194844126,1.0,-0.06180181194844126,1.0902086516967655,1.0902086516967655
2025-04-07,-0.02897879836561835,1.0,-0.02897879836561835,1.05906908771973,1.05906908771973
2025-04-08,-0.040834673158959285,1.0,-0.040834673158959285,1.0166934338405043,1.0166934338405043
2025-04-09,0.0647950648612448,1.0,0.0647950648612448,1.0847512465273548,1.0847512465273548
2025-04-10,-0.034013844950514446,1.0,-0.034013844950514446,1.0484751283266012,1.0484751283266012
2025-04-11,0.017301985720580604,1.0,0.017301985720580604,1.0667736741309208,1.0667736741309208
2025-04-14,0.003004878665892946,1.0,0.003004878665892946,1.0699840205207447,1.0699840205207447
2025-04-15,-0.002703926774144008,1.0,-0.002703926774144008,1.0670947700009998,1.0670947700009998
2025-04-16,0.018923258717227904,1.0,0.018923258717227904,1.0874799491120604,1.0874799491120604
2025-04-17,0.02521452992819913,1.0,0.02521452992819913,1.1152488636886189,1.1152488636886189
2025-04-21,-0.012454912231737055,1.0,-0.012454912231737055,1.1014446803678593,1.1014446803678593
2025-04-22,0.010870459534162009,1.0,0.010870459534162009,1.113483203789764,1.113483203789764
2025-04-23,-0.01921176304714376,1.0,-0.01921176304714376,1.0922954074656994,1.0922954074656994
2025-04-24,0.006006845785576822,1.0,0.006006845785576822,1.0988764032560003,1.0988764032560003
2025-04-25,0.008291555302855608,1.0,0.008291555302855608,1.1080256761581602,1.1080256761581602
2025-04-28,-0.01856909316150082,1.0,-0.01856909316150082,1.0876404970470999,1.0876404970470999
2025-04-29,-0.028592676852973488,1.0,-0.028592676852973488,1.0569823319507965,1.0569823319507965
2025-04-30,-0.035395041742518826,1.0,-0.035395041742518826,1.020224753638214,1.020224753638214
2025-05-01,0.014990837952927898,1.0,0.014990837952927898,1.0356339876916922,1.0356339876916922
2025-05-02,-0.007935846700359867,1.0,-0.007935846700359867,1.0274478799375761,1.0274478799375761
2025-05-05,-0.025954981114731566,1.0,-0.025954981114731566,1.00112359062089,1.00112359062089
2025-05-06,0.03513001375557303,1.0,0.03513001375557303,1.036918126247622,1.036918126247622
2025-05-07,-0.017017039781642318,1.0,-0.017017039781642318,1.0194221364252098,1.0194221364252098
2025-05-08,0.0323783253031968,1.0,0.0323783253031968,1.0529694908101614,1.0529694908101614
2025-05-09,0.01527905289845621,1.0,0.01527905289845621,1.0691814033077405,1.0691814033077405
2025-05-12,0.014753234888594884,1.0,0.014753234888594884,1.0850722199352407,1.0850722199352407
2025-05-13,0.02901286575593728,1.0,0.02901286575593728,1.1170144011252805,1.1170144011252805
2025-05-14,-0.012434992256835977,1.0,-0.012434992256835977,1.103210340266714,1.103210340266714
2025-05-15,-0.016725845044815602,1.0,-0.016725845044815602,1.0849116720002012,1.0849116720002012
2025-05-16,0.007517201817990758,1.0,0.007517201817990758,1.0930979022165106,1.0930979022165106
2025-05-19,0.006002560447080114,1.0,0.006002560447080114,1.0996790204690046,1.0996790204690046
2025-05-20,0.002187090170311284,1.0,0.002187090170311284,1.102086749645824,1.102086749645824
2025-05-21,-0.015706852435382185,1.0,-0.015706852435382185,1.0849116720002012,1.0849116720002012
2025-05-22,-0.006680006469871149,1.0,-0.006680006469871149,1.0776886069319356,1.0776886069319356
2025-05-23,0.012580621657433795,1.0,0.012580621657433795,1.091332242317656,1.091332242317656
2025-05-27,-0.010497606597526384,1.0,-0.010497606597526384,1.0799357881737157,1.0799357881737157
2025-05-28,0.009025741802187372,1.0,0.009025741802187372,1.0897271303538405,1.0897271303538405
2025-05-29,-0.01036427605533909,1.0,-0.01036427605533909,1.0784912241449398,1.0784912241449398
2025-05-30,-0.0005955175752302584,1.0,-0.0005955175752302584,1.077849154866975,1.077849154866975
2025-06-02,0.03511701655538296,1.0,0.03511701655538296,1.1163724543095088,1.1163724543095088
2025-06-03,0.0048766065079382265,1.0,0.0048766065079382265,1.1218298594789196,1.1218298594789196
2025-06-04,-0.007900681312937231,1.0,-0.007900681312937231,1.1130015599846454,1.1130015599846454
2025-06-05,0.00847285863672443,1.0,0.00847285863672443,1.1224719287568843,1.1224719287568843
2025-06-06,0.020522933503906375,1.0,0.020522933503906375,1.1457463583876895,1.1457463583876895
2025-06-09,0.009342685217941543,1.0,0.009342685217941543,1.1565008657158578,1.1565008657158578
2025-06-10,-0.006265312146199662,1.0,-0.006265312146199662,1.149277678185399,1.149277678185399
2025-06-11,0.04399017218575875,1.0,0.04399017218575875,1.2009630916707277,1.2009630916707277
2025-06-12,0.0030693739012649943,1.0,0.0030693739012649943,1.2046549594034766,1.2046549594034766
2025-06-13,0.0666182768163835,1.0,0.0666182768163835,1.28764048480088,1.28764048480088
2025-06-16,-0.02052845727841742,1.0,-0.02052845727841742,1.261476682188137,1.261476682188137
2025-06-17,0.046126726483488534,1.0,0.046126726483488534,1.3210273524818887,1.3210273524818887
2025-06-18,-0.0003646643869425607,1.0,-0.0003646643869425607,1.3205457086767705,1.3205457086767705
2025-08-05,-0.0922517804704195,1.0,-0.0922517804704195,1.204173315598358,1.204173315598358
2025-08-06,-0.01653146642908234,1.0,-0.01653146642908234,1.1844302057652625,1.1844302057652625
2025-08-07,-0.005026880348241714,1.0,-0.005026880348241714,1.1784911567907332,1.1784911567907332
2025-08-08,-0.001635702602825586,1.0,-0.001635702602825586,1.176565071419032,1.176565071419032
2025-08-11,0.006798122431749119,1.0,0.006798122431749119,1.1845907537003018,1.1845907537003018
2025-08-12,-0.01158453982291868,1.0,-0.01158453982291868,1.1709469958523888,1.1709469958523888
2025-08-13,-0.006739560303242423,1.0,-0.006739560303242423,1.1630818615061584,1.1630818615061584
2025-08-14,0.017510691004236238,1.0,0.017510691004236238,1.183627588552258,1.183627588552258
2025-08-15,-0.012829366713843491,1.0,-0.012829366713843491,1.168539389137762,1.168539389137762
2025-08-18,0.0050694787488843335,1.0,0.0050694787488843335,1.1744783156500982,1.1744783156500982
2025-08-19,-0.011961304496904196,1.0,-0.011961304496904196,1.1605137068564924,1.1605137068564924
2025-08-20,0.01673326101291937,1.0,0.01673326101291937,1.1800962687545484,1.1800962687545484
2025-08-21,0.008262839230454512,1.0,0.008262839230454512,1.189887610934673,1.189887610934673
2025-08-22,0.006856276744072858,1.0,0.006856276744072858,1.1980738411509821,1.1980738411509821
2025-08-25,0.014761896027661951,1.0,0.014761896027661951,1.2158908656123766,1.2158908656123766
2025-08-26,-0.02269786246354712,1.0,-0.02269786246354712,1.1886035948409366,1.1886035948409366
2025-08-27,0.008471740834036519,1.0,0.008471740834036519,1.198715910428947,1.198715910428947
2025-08-28,0.007470653280643627,1.0,0.007470653280643627,1.2077046353960674,1.2077046353960674
2025-08-29,-0.005330523567238095,1.0,-0.005330523567238095,1.201284065078613,1.201284065078613
2025-10-01,-0.022977048097114438,1.0,-0.022977048097114438,1.173996794307173,1.173996794307173
2025-10-02,-0.022118657747968482,1.0,-0.022118657747968482,1.1483146354995482,1.1483146354995482
2025-10-03,0.0023734484991124356,1.0,0.0023734484991124356,1.1510433380842535,1.1510433380842535
2025-10-06,0.016046874246320435,1.0,0.016046874246320435,1.169662979758652,1.169662979758652
2025-10-07,0.004518309902861006,1.0,0.004518309902861006,1.1749598369930232,1.1749598369930232
2025-10-08,0.004498090330116458,1.0,0.004498090330116458,1.1802568166895875,1.1802568166895875
2025-10-09,-0.013968956762015946,1.0,-0.013968956762015946,1.163884478719162,1.163884478719162
2025-10-10,-0.04398175672918617,1.0,-0.04398175672918617,1.113804177197649,1.113804177197649
2025-10-15,-0.005781220521831575,1.0,-0.005781220521831575,1.1073836068801943,1.1073836068801943
2025-10-16,-0.017251894901548808,1.0,-0.017251894901548808,1.08844299179791,1.08844299179791
2025-10-17,0.0025039529570443633,1.0,0.0025039529570443633,1.0911718168448081,1.0911718168448081
2025-10-20,-0.002208991696413532,1.0,-0.002208991696413532,1.0887640876679887,1.0887640876679887
2025-10-21,0.006465780306007316,1.0,0.006465780306007316,1.095826604801215,1.095826604801215
2025-10-22,0.03398456227516934,1.0,0.03398456227516934,1.1337078349657839,1.1337078349657839
2025-10-23,0.036969241895677935,1.0,0.036969241895677935,1.176404523483992,1.176404523483992
2025-10-24,-0.0015020226683357966,1.0,-0.0015020226683357966,1.1746388635851372,1.1746388635851372
2025-10-27,-0.000820199052709835,1.0,-0.000820199052709835,1.1736758208992866,1.1736758208992866
2025-10-28,-0.023944169743727952,1.0,-0.023944169743727952,1.145906906322728,1.145906906322728
2025-10-29,0.005726723592937828,1.0,0.005726723592937828,1.152488024575222,1.152488024575222
2025-10-30,-0.001254323430365435,1.0,-0.001254323430365435,1.1510433380842529,1.1510433380842529
2025-10-31,0.011783577032754325,1.0,0.011783577032754325,1.164686973469973,1.164686973469973
2025-11-03,0.0024776380306559083,1.0,0.0024776380306559083,1.167576223989718,1.167576223989718
2025-11-04,-0.011197982068870791,1.0,-0.011197982068870791,1.1545746578819627,1.1545746578819627
2025-11-05,-0.012591122297963877,1.0,-0.012591122297963877,1.1401284052832386,1.1401284052832386
2025-11-06,-0.0021140382769000558,1.0,-0.0021140382769000558,1.137720676106419,1.137720676106419
2025-11-07,0.005346922608585846,1.0,0.005346922608585846,1.1438202730159874,1.1438202730159874
2025-11-10,0.00587658276848558,1.0,0.00587658276848558,1.1505618167413278,1.1505618167413278
2025-11-13,-0.02586170906625999,1.0,-0.02586170906625999,1.1211877902009542,1.1211877902009542
2025-11-14,0.021667615725810285,1.0,0.021667615725810285,1.1457463583876888,1.1457463583876888
2025-11-17,-0.0011213093617982158,1.0,-0.0011213093617982158,1.1444623422939524,1.1444623422939524
2025-11-18,0.016690191638727318,1.0,0.016690191638727318,1.1637239307841225,1.1637239307841225
2025-11-19,-0.022598294313550794,1.0,-0.022598294313550794,1.137720676106419,1.137720676106419
2025-11-20,-0.010352439246949167,1.0,-0.010352439246949167,1.126003248554593,1.126003248554593
2025-11-21,-0.01219087806736321,1.0,-0.01219087806736321,1.112359613168873,1.112359613168873
2025-11-24,0.016032337492227555,1.0,0.016032337492227555,1.1303370631031138,1.1303370631031138
2025-11-25,-0.016754142657545643,1.0,-0.016754142657545643,1.1115569959558687,1.1115569959558687
2025-11-26,0.011343375421695782,1.0,0.011343375421695782,1.1242375886557383,1.1242375886557383
2025-12-30,-0.004292509872990711,1.0,-0.004292509872990711,1.1194221303020992,1.1194221303020992
